{"errorExec": {"Process": "OK"}, "Performance": {"spearman": {"spearmanr": 0.74943352054778878, "pvalue": 1.0265824784089007e-74}, "pearson": {"pvalue": 3.7235986662727673e-104, "pearsonr": 0.82821791421022506}, "kendalltau": {"kendalltau": 0.62903673022885609, "pvalue": 2.6198517378807102e-80}, "r_score": 0.64929738583720731, "predict_values": [0.0100301, 0.012242315, 0.0260325, 0.1267935, 0.33286, 0.013993, 0.0197475, 0.00861155, 0.008807200000000001, 0.0057913999999999995, 0.0093944, 0.2093, 0.827897, 0.019262, 0.042462, 0.0373685, 0.0460795, 0.020250749, 0.34735634499999996, 0.0605155, 0.59324, 0.028251000000000002, 0.01491255, 0.54381005, 0.012462874999999998, 0.0141288, 0.027835, 0.00029896766666666667, 0.008759066666666666, 0.4535, 1.5624, 0.1718, 0.2992995, 0.0018195, 0.010711, 0.033121, 0.006168, 0.000459121, 0.009445533333333332, 0.00874635, 0.042687499999999996, 0.05554, 0.023352, 0.19488, 0.46685, 0.023127, 0.030407, 0.01054465, 0.050548, 0.014032300000000001, 0.299115166, 0.10394, 0.0769407, 0.700275, 0.153827, 0.096134, 0.01191135, 0.043056250000000004, 0.061679, 0.25491026, 0.0081281, 0.2195625, 0.021641999999999998, 0.022878, 0.814541, 0.77905, 0.03449, 0.088525, 0.3063, 7.0738e-05, 0.16666, 0.069654, 0.0070525, 0.023804, 0.05611005, 0.10741600000000001, 0.015528, 0.052455260000000004, 0.006396499999999999, 0.021193166, 0.029778375, 0.539331, 0.33964, 0.0062288, 1.36636, 0.11248, 0.11694750000000001, 0.031257549999999995, 0.034052, 0.34714549149999996, 0.059565999999999994, 0.01299455, 0.28331, 0.00781745, 0.30156150000000004, 0.1095455, 0.020212, 0.038179000000000005, 0.081442, 0.010182050000000002, 0.095764, 0.029382, 0.021544999999999998, 0.004399, 0.041083499999999995, 0.060239, 0.005405547, 0.10338, 0.1953, 0.0349155, 0.413425, 0.017991, 0.002974845, 0.12394000000000001, 9.229973333333333e-05, 0.021544999999999998, 0.032558000000000004, 0.08647049999999999, 0.7037800000000001, 0.194795, 0.206086, 0.162709, 0.017811, 0.04203883333333333, 0.0021471999999999997, 0.015135, 0.016750499999999998, 1.4021499999999998, 0.049122, 0.0091405, 0.00016237039999999998, 0.080695, 0.019153, 0.00809905, 0.0286519, 0.13196085, 0.002700666666666667, 0.0072154, 0.25783, 0.1608425, 0.20719235000000003, 0.0248835, 0.122838, 0.03779795, 0.104904, 0.9358900000000001, 0.003037434333333333, 0.39548465, 0.00605375, 0.052096, 0.22489, 0.062665, 0.071025, 0.0082801, 0.98257, 0.0089024, 0.006241666, 0.833321, 0.029778375, 0.3201405, 0.2467735, 0.10380999999999999, 0.00787122, 0.12487000000000001, 0.1322525, 0.040391, 0.73937, 1.36636, 0.005393734333333333, 0.700275, 0.018793, 0.23041733333333334, 1.7597, 0.0904675, 0.03582250000000001, 0.050783, 0.006279166, 0.0817557, 0.0508305, 0.0191845, 0.78472, 0.27563000000000004, 0.011112499999999999, 0.009979675, 0.0092564, 0.0142055, 0.6621706500000001, 0.031255, 0.012345, 0.0280225, 0.021368949999999998, 0.74541, 0.094747, 1.6494e-05, 0.034468750000000006, 0.15658036900000002, 0.32455, 0.028964, 0.159048, 0.029954, 0.033766149999999995, 0.047543499999999995, 0.045581, 0.10017305, 0.6471899999999999, 0.021593, 0.07269199999999999, 0.36764, 0.010526833333333332, 0.063954, 0.021220500000000003, 0.041042747000000004, 0.008524114999999999, 0.0152985, 0.0772495, 0.42447050000000003, 2.4498e-05, 0.140955, 0.007464866666666667, 0.258645, 0.06828325, 0.36780999999999997, 0.01932, 0.016773234333333335, 1.6683, 0.16669269999999997, 0.01054465, 0.010182050000000002, 0.23174425, 0.002974845, 0.0077312200000000005, 0.1552975, 0.0195025, 0.1681475, 0.33207600000000004, 0.0090536, 0.12271950000000001, 0.020143833333333333, 0.15681595, 0.007915825, 0.0299285, 0.040074, 0.0558815, 0.095376, 0.113197, 0.1328869, 0.24111999999999997, 0.05230599999999999, 0.12724799999999997, 0.0050643, 0.027792, 9.972791666666666e-05, 0.3956, 0.05316799999999999, 0.20747, 0.0408645, 0.21400550000000002, 0.7933773, 0.13563, 0.012327874999999999, 0.013020499999999999, 0.047244, 0.0256595, 0.0230635, 0.0773055, 0.015041833333333334, 0.0335945, 0.000515165, 0.0284885, 0.225611, 0.28331, 0.049989500000000006, 0.05957855, 1.7897, 0.017414416666666665, 0.045497, 0.32616500000000004, 0.094747, 0.0568875, 0.39469150000000003, 0.011170000000000001, 0.8139, 0.012215899999999998, 0.00067052, 0.20006, 0.009879925, 0.0029058000000000005, 0.030365, 9.229973333333333e-05, 0.0243547, 0.00022101933333333335, 0.07327725, 0.008381399999999999, 0.0981205, 0.003646945, 0.019913, 0.043882, 0.03335, 0.054600949999999995, 0.00016927266666666666, 0.011437000000000001, 0.074479, 0.031294, 0.041817, 0.039439, 0.071425, 0.010798, 0.09563250000000001, 0.0052882, 0.047451, 0.32826099999999997, 0.1353005, 0.082643, 0.34951499999999996, 0.18484, 0.009309805, 0.00775602, 1.5421, 0.705435, 0.951779, 0.27225, 0.025297999999999998, 0.055972999999999995, 0.0001194595, 0.12057999999999999, 0.0042421, 0.30137855, 0.9443635, 0.9109225000000001, 0.0018800000000000002, 0.02823005, 0.0493585, 0.039309, 0.013524, 0.024595, 0.0169708, 0.4173, 0.33504, 0.0141288, 0.084738, 0.019318, 0.00857545, 0.01289125, 0.52048, 0.075735, 0.228205, 0.43820749999999997, 0.001582916, 0.14485, 0.032113, 0.016319, 0.11314, 0.06356375, 0.014075999999999998, 0.0078477, 0.0492055, 0.0015546, 0.14206549999999998, 0.40684000000000003, 0.0032317500000000002, 0.007304766666666667, 0.011112499999999999, 0.2215415, 0.030657999999999998, 0.0028938166666666668, 0.12431049999999999, 0.50013, 1.8743, 0.02223335, 0.012851, 0.015041833333333334, 0.0252524, 0.208685369, 0.017879, 1.190235, 0.026951999999999997, 0.071056, 0.28433396025, 0.045578, 0.016149999999999998, 0.000550535, 0.028472499999999998, 0.06464400000000001, 0.789202, 0.033837, 0.058961, 0.020693000000000003, 0.0001194595, 0.0108245654, 0.0432432, 0.3193115, 0.10637324700000002, 0.014601, 0.100772, 0.008381399999999999, 0.55306, 0.009661550000000001, 0.013581460249999998, 0.008663316666666665, 0.0286519, 0.058713955, 0.030413500000000003, 0.46642, 0.00757, 0.017414416666666665, 0.14817, 0.017879, 0.330949],