,eval,petal.length,petal.width,sepal.length,sepal.width,variety
eval,1.0,0.3169301559005767,0.3188879745618931,0.20118801166455708,0.1137990912532957,0.37191053824653086
petal.length,0.3169301559005767,1.0,0.596808091392636,0.6094534005193784,0.4949231892191679,0.8345407037508601
petal.width,0.3188879745618931,0.5968080913926361,1.0,0.5070468649125954,0.41520737683711284,0.7484875390282966
sepal.length,0.2011880116645571,0.6094534005193784,0.5070468649125954,1.0,0.47447647295640744,0.8167342185517801
sepal.width,0.11379909125329567,0.49492318921916795,0.41520737683711284,0.4744764729564075,1.0,0.7460211174730391
variety,0.37191053824653075,0.8345407037508603,0.7484875390282967,0.81673421855178,0.7460211174730392,1.0
