{"classTransform": {"G7": 0, "G6": 1, "G5": 2, "G4": 3, "G3": 4, "G2": 5, "G1": 6, "G9": 7, "G8": 8, "G15": 9, "G14": 10, "G13": 11, "G12": 12, "G11": 13, "G10": 14}, "matrixConfusionResponse": {"header": ["G7", "G6", "G5", "G4", "G3", "G2", "G1", "G9", "G8", "G15", "G14", "G13", "G12", "G11", "G10"], "fiabilidad": [31.578947368421051, 14.285714285714285, 43.902439024390247, 34.285714285714285, 42.68292682926829, 27.777777777777779, 33.333333333333329, 16.666666666666664, 54.285714285714285, 18.181818181818183, 37.5, 28.571428571428569, 32.911392405063289, NaN, NaN], "matrix": [[6, 0, 1, 3, 5, 0, 1, 0, 0, 0, 0, 0, 0, 0, 0], [0, 1, 1, 0, 5, 0, 5, 2, 0, 0, 0, 0, 6, 0, 0], [2, 0, 18, 1, 4, 0, 2, 0, 3, 2, 1, 2, 5, 0, 0], [2, 0, 0, 12, 5, 0, 0, 0, 0, 0, 0, 0, 0, 0, 0], [3, 1, 4, 8, 35, 0, 7, 0, 2, 1, 1, 0, 0, 0, 0], [0, 0, 0, 0, 0, 10, 0, 1, 2, 0, 0, 0, 12, 0, 0], [1, 1, 3, 0, 9, 1, 14, 0, 4, 1, 0, 0, 8, 0, 0], [0, 1, 0, 0, 0, 5, 1, 1, 0, 0, 0, 0, 8, 0, 0], [0, 1, 5, 0, 0, 6, 3, 1, 19, 0, 0, 0, 12, 0, 0], [1, 0, 3, 3, 3, 0, 1, 0, 0, 2, 2, 0, 1, 0, 0], [1, 0, 1, 5, 5, 0, 0, 0, 0, 2, 3, 0, 0, 0, 0], [1, 0, 4, 0, 3, 0, 1, 0, 1, 3, 0, 2, 1, 0, 0], [0, 2, 1, 0, 1, 14, 6, 1, 4, 0, 0, 3, 26, 0, 0], [0, 0, 0, 0, 4, 0, 1, 0, 0, 0, 0, 0, 0, 0, 0], [2, 0, 0, 3, 3, 0, 0, 0, 0, 0, 1, 0, 0, 0, 0]], "bakanosidad": [37.5, 5.0, 45.0, 63.157894736842103, 56.451612903225815, 40.0, 33.333333333333329, 6.25, 40.425531914893611, 12.5, 17.647058823529413, 12.5, 44.827586206896555, 0.0, 0.0]}, "Params": "Default", "algorithm": "BernoulliNB", "errorExec": {"exec_algorithm": "OK", "confusionMatrix": "ok", "curveLearning": "ok"}, "Performance": {"f1": 0.33973659683261659, "recall": 0.36892126561462951, "precision": 0.34675269512499074, "accuracy": 0.36892126561462951}, "Validation": "Cross Validation: 10"}