,eval,petal.length,petal.width,sepal.length,sepal.width,variety
eval,1.0,0.30588362360579563,0.3056124245768651,0.17227812833038944,0.11808323853844367,4.440892098500626e-06
petal.length,0.30588362360579563,1.0,0.627040461847722,0.595468165104928,0.2481275656689918,-3.885780586188048e-06
petal.width,0.30561242457686516,0.627040461847722,1.0,0.480636000938463,0.2206627649440478,-6.106226635438361e-06
sepal.length,0.17227812833038944,0.595468165104928,0.480636000938463,1.0,0.21089677994968098,-5.551115123125783e-07
sepal.width,0.11808323853844364,0.2481275656689918,0.22066276494404782,0.21089677994968095,1.0,-1.1102230246251565e-06
variety,4.440892098500626e-06,-3.885780586188048e-06,-6.106226635438361e-06,-5.551115123125783e-07,-1.1102230246251565e-06,1.0
