,petal_length,petal_width,sepal_length,sepal_width,species
petal_length,1.0,0.9627570970509659,0.8717541573048714,-0.42051609640115445,2.2796579438969885e-16
petal_width,0.9627570970509659,1.0,0.8179536333691639,-0.3565440896138056,2.0832718266521817e-15
sepal_length,0.8717541573048714,0.8179536333691639,1.0,-0.10936924995064935,-2.7101777612238634e-16
sepal_width,-0.42051609640115445,-0.3565440896138056,-0.10936924995064935,1.0,1.2015080288721094e-16
species,2.2796579438969885e-16,2.0832718266521817e-15,-2.7101777612238634e-16,1.2015080288721094e-16,1.0
