{"classTransform": {"G7": 0, "G6": 1, "G5": 2, "G4": 3, "G3": 4, "G2": 5, "G1": 6, "G9": 7, "G8": 8, "G15": 9, "G14": 10, "G13": 11, "G12": 12, "G11": 13, "G10": 14}, "matrixConfusionResponse": {"header": ["G7", "G6", "G5", "G4", "G3", "G2", "G1", "G9", "G8", "G15", "G14", "G13", "G12", "G11", "G10"], "fiabilidad": [8.3333333333333321, 45.454545454545453, 51.282051282051277, 21.052631578947366, 33.663366336633665, 80.0, 40.0, 57.142857142857139, 74.285714285714292, 27.27272727272727, 20.0, 21.428571428571427, 59.375, 0.0, 0.0], "matrix": [[1, 0, 0, 3, 10, 0, 1, 0, 0, 0, 0, 1, 0, 0, 0], [0, 10, 0, 0, 0, 1, 2, 0, 0, 1, 0, 0, 6, 0, 0], [1, 0, 20, 1, 5, 0, 0, 0, 2, 2, 3, 4, 2, 0, 0], [2, 0, 0, 4, 13, 0, 0, 0, 0, 0, 0, 0, 0, 0, 0], [5, 1, 1, 5, 34, 0, 6, 0, 2, 1, 2, 2, 1, 1, 1], [0, 0, 0, 0, 0, 20, 0, 0, 1, 0, 0, 0, 4, 0, 0], [1, 6, 5, 1, 6, 0, 16, 0, 1, 0, 1, 0, 5, 0, 0], [0, 0, 0, 0, 0, 0, 2, 8, 1, 0, 0, 0, 5, 0, 0], [0, 0, 3, 0, 3, 2, 5, 1, 26, 0, 0, 4, 3, 0, 0], [1, 0, 1, 1, 8, 0, 1, 0, 0, 3, 1, 0, 0, 0, 0], [1, 0, 2, 3, 7, 0, 0, 0, 0, 2, 2, 0, 0, 0, 0], [0, 1, 5, 0, 3, 0, 1, 0, 1, 1, 1, 3, 0, 0, 0], [0, 4, 2, 0, 0, 2, 5, 5, 1, 1, 0, 0, 38, 0, 0], [0, 0, 0, 0, 4, 0, 1, 0, 0, 0, 0, 0, 0, 0, 0], [0, 0, 0, 1, 8, 0, 0, 0, 0, 0, 0, 0, 0, 0, 0]], "bakanosidad": [6.25, 50.0, 50.0, 21.052631578947366, 54.838709677419352, 80.0, 38.095238095238095, 50.0, 55.319148936170215, 18.75, 11.76470588235294, 18.75, 65.517241379310349, 0.0, 0.0]}, "Params": {"n_estimators": 10, "bootstrap": "True"}, "algorithm": "BaggingClassifier", "errorExec": {"exec_algorithm": "OK", "confusionMatrix": "ok", "curveLearning": "ok"}, "Performance": {"f1": 0.4267287567412808, "recall": 0.44876631631780378, "precision": 0.48342438082512451, "accuracy": 0.41861103681469813}, "Validation": "Cross Validation: 10"}