Feature,Average,Standar Deviation,Variance,Max Value,Min Value
validation,10.0,0.0,0.0,10.0,10.0
Accuracy,0.5167506362979087,0.021023930038874407,0.0004420056342794856,0.5943361823359999,0.45289458689499995
Recall,0.263723110404302,0.19553803154154306,0.03823512177914149,0.9,0.0
Precision,0.2874690862494442,0.17742411662551008,0.03147931716034261,0.610945484254,0.0
neg_log_loss,-0.8408001302727579,0.36133182370008604,0.13056068681843006,-0.6824959165369999,-2.95623757809
f1,0.39682446905523067,2.914693473985913,8.49543804729607,65.0,0.0
ftwo_scorer,0.24923849341334461,0.17426460637882266,0.030368153036366002,0.657668092327,0.0
tn,100.84330794341676,24.560100084327363,603.1985161521769,135.0,0.0
fp,34.156692056583246,24.56010008432736,603.1985161521768,135.0,0.0
fn,89.52013057671383,23.401295909735072,547.6206502549835,121.0,0.0
tp,31.479869423286182,23.40129590973507,547.6206502549833,121.0,0.0
