{"errorExec": {"Process": "OK"}, "Performance": {"spearman": {"spearmanr": 0.95487963712826829, "pvalue": 3.5674443681958784e-216}, "pearson": {"pvalue": 4.8253096080816271e-258, "pearsonr": 0.97218151118383178}, "kendalltau": {"kendalltau": 0.81729871782895591, "pvalue": 3.0849411072333682e-134}, "r_score": 0.87970895651215919, "predict_values": [1.2311000058283215, 1.7170289060179584, 0.048248093710485704, 0.31670069388327565, 1.074266047769012, 0.6794711946705699, 0.40308343604519475, 0.420813565525174, 0.27824433415058275, 1.0234931180086786, 1.2180082284155829, 0.24928652666690337, 0.6721647006901403, 0.12379244325529914, 0.2444180563078564, 1.4990251689496352, 0.2546714409307459, 0.15924433774218108, 0.7552429519561984, 0.8615368970504741, 0.2616584118605588, 0.5709208525004499, 1.9264658784893935, 0.7245850580121668, 0.12088144298741467, 0.060985179763866484, 0.9234796377573541, 0.466424311994925, 0.7761765567611193, 0.15440476910056483, 1.053551645394219, 0.5968150994447432, 0.36430162669862853, 1.6864808467770558, 0.9310434752891381, 0.3365409048290832, 0.7268543290189354, 1.8556807894463168, 0.3614685620001983, 0.19178958538714702, 1.5424379213561898, 0.12367632875208129, 1.451312077270933, 1.4981486667792692, 0.4728007081629671, 0.28844110248096116, 0.2849087884835797, 0.6516170455807151, 0.8861333105320761, 0.8520597679774813, 1.0011837477646564, 0.9027950879867513, 1.6459237275923135, 0.10240317449900828, 0.23110686271945324, 0.08884183352634559, 0.725204385308094, 1.0011703179768512, 0.7715314015894417, 0.43423406418283444, 1.1545315713038349, 0.2298566906452368, 0.525898626285072, 0.6643528877325051, 0.6484751002634477, 0.29497079963373424, 0.3613389927752964, 1.3765471985002544, 0.31698104746561806, 0.9954673943734736, 0.7976604450377214, 0.21575969563700634, 0.7887414781313671, 1.3888771714326684, 0.8767316459164665, 1.3827293009126704, 0.29207045642640156, 0.44629412451895856, 1.5902636524872704, 0.652248112419949, 0.8853190693203365, 1.1296274830910933, 0.48087432237832856, 0.05684195757987047, 1.4551386735235188, 0.5084902180149772, 0.9114730167346626, 0.3008538029845676, 0.17145491537246932, 1.463924314514918, 0.2660206520298304, 0.8646329068036889, 0.3103345000821637, 1.3550756075809138, 0.36516951416267207, 0.8701114540373827, 1.334802025665903, 1.8863983026627722, 0.8865715087742428, 0.966520777769026, 0.4003622401378674, 0.3345259426828113, 1.6289791643243385, 0.20536548240341032, 0.4649770628330518, 1.0409365210473045, 1.0588859852280663, 0.6724110896317668, 1.624762296994056, 0.37398383594329304, 0.03554145849008653, 0.7546548957037846, 1.0543559311044037, 0.31243791308661983, 1.2432916305665913, 1.70626575690326, 1.092961652737897, 0.9334673091808253, 0.5333734497249952, 0.6122939254224912, 0.7935671476291217, 0.8254380593652193, 0.9660876322462005, 0.82101581160749, 1.7478995883244823, 0.11489046766070246, 1.1646757137444528, 0.21080159218328445, 0.15418689487911919, 0.19605024406715893, 0.46523001459807384, 0.37666275506266744, 1.7338876434124129, 0.10017984833890749, 0.623071677921324, 0.608679658294407, 1.7907170378316632, 1.8922036863075524, 0.7882894636994247, 0.23092936548074494, 1.0469461238940636, 0.25716717058080735, 0.23810484339620866, 0.6838088375150628, 0.7131919530256974, 0.19131107897529973, 1.7727945265031617, 0.9735922412395496, 1.2834700762028648, 0.8289328035159028, 0.1837158029284299, 1.2651376206490195, 0.1916001153197367, 1.723143957187241, 0.9852964901970837, 1.6681962582199845, 0.6598035431763153, 1.481261570956083, 0.09963635274166172, 0.31988671159546, 0.8598579882438029, 0.17670338566696378, 1.0210774838182786, 0.3478689537921411, 1.11887937197577, 0.774944059418755, 0.6443658843507911, 0.343493107961751, 0.256516025266813, 1.277154770060206, 1.578527304065608, 0.5896384964513175, 0.84568255826674, 1.5239583658164506, 1.7669629142177878, 0.7736564670918029, 1.922949655486688, 1.8330270148572907, 0.85462639469116, 1.741757049211478, 0.061027560192391916, 0.3034290484358264, 1.5607194611548838, 0.27899553892350987, 1.85754087693894, 0.2105790894372945, 1.5559060719515039, 0.19454582186121175, 0.2824113340889233, 0.9031498885204347, 0.29141819017327414, 0.2121443968159272, 0.15892980869971834, 1.7255050815541892, 0.07725294321300134, 0.22904723613431163, 1.5960151267659586, 0.8782357067657679, 0.9053475610731382, 0.09977371161481807, 1.2612670448863923, 0.9673953279684433, 0.2110903680966459, 1.702286917068361, 0.2980878621700177, 0.16485276381005384, 0.8369639750021378, 0.6647630460785678, 0.2728964315631255, 0.525189666028601, 0.7393638438320618, 0.4308887097266075, 0.742106497060683, 1.1948442619479145, 0.2024771017176538, 0.36585393698504404, 0.8717803902145115, 0.043652691497352646, 1.1661488487348464, 0.1211605609307868, 0.6466093488668038, 0.206803836583814, 0.4712817647460563, 1.5938713743676862, 1.225713526984286, 0.4421414525210256, 0.4978480332751389, 0.10399556672117555, 1.6928457951347278, 0.12838128324176826, 1.3394490712534382, 1.2775238663358526, 0.2536358082594816, 0.05499264055367817, 1.560388776553625, 0.930691871986423, 0.26518870502216474, 1.0002525802388915, 1.6883666024364632, 0.9071304321403694, 0.5174700172657384, 0.444764908585726, 0.3145310218749302, 0.567975097395463, 0.35525804667069194, 1.419526947307886, 0.7262152294191252, 0.24070647440106224, 1.6981821099497822, 0.12290440996602219, 0.3754072801161402, 0.10482178607498083, 0.8582198893265822, 0.20613640586755522, 0.3407277501798289, 1.0669990494007207, 1.6660141442629048, 1.5718916284082893, 0.0747177709641272, 1.1765505843485426, 1.5064715643962163, 0.5907588550614224, 0.32871056727629566, 0.8907432304180067, 0.47927490373903414, 1.594939086247981, 0.5014385303835135, 0.6182552126091672, 0.15382327490242623, 1.4542370802933595, 0.7585432552810921, 0.2693218184712053, 0.645149467873815, 1.1356905482024955, 1.871373694842168, 1.4850704782283297, 0.7584737032345474, 0.1936575784689916, 1.6780598217959015, 0.4536027833339339, 0.6180078341362968, 0.5880341582146709, 0.5850980057084982, 0.3308333099885418, 1.0529254934818522, 1.4806072125596184, 1.488105465188658, 0.3046729582240142, 0.7878423619152679, 1.424587278160786, 0.08112294004932596, 1.6037727288093193, 1.2660787078181204, 0.980717237624563, 1.5681134146265658, 1.9018078313395286, 0.2635510321456838, 1.218702970152986, 0.11065410116213155, 1.7445701744477742, 1.1814714374521291, 0.37526965630290765, 1.9500906680561487, 0.4714859895676545, 1.4400737290971926, 0.6493606481861607, 1.912174972505143, 0.2410194984139881, 1.2649688284519145, 0.8433312548526463, 0.39575740357680766, 1.8930921079820553, 0.9248641203894998, 0.1347327683048526, 0.20037263199956798, 1.5719089109626394, 0.9143810314027412, 1.0698077704692968, 0.29453785577507535, 1.3926265829476911, 0.14692403501195256, 0.31164346126833925, 0.29025624102285996, 1.9337766594997858, 0.8106094201885851, 2.007413592277774, 0.7028169651501972, 0.5344604380166815, 0.599664700339691, 0.9902553045576628, 1.0758055621977298, 0.3575488452991073, 0.20657460126581986, 1.3471736260047034, 0.9224193668580686, 1.699291652958319, 0.7742776951175011, 0.7812071210395001, 0.15669007911970004, 0.9033559430395328, 1.551818613656921, 0.5249351899666326, 1.1757532419057584, 0.38779704258459374, 1.109303114454851, 1.6671042401168565, 1.4871454983922765, 1.842914683735602, 0.7991215011539353, 0.6764677526718673, 0.06542725606073198, 0.4784418844563548, 0.4199150790981861, 1.083649599599139, 0.6603437463719783, 1.0500134808436594, 0.7297103546842997, 0.3301936079736191, 0.3078067824115194, 0.7693387188592484, 0.12280728234883667, 1.1504895718230577, 0.123027903340237, 1.7011547925393098, 0.8330627044216389, 0.7032809872145236, 0.4214769682789507, 0.5872397392847449, 1.4998789754885888, 0.8464501157516713, 0.428122198931001, 0.3329383090733131, 0.13216851819337908, 0.6880119612607856, 0.5547482609022978, 1.5010905243594865, 0.4723325718052409, 1.2981107574933706, 0.6111541674135189, 0.07501042124656523, 0.4019224334957945, 