{"errorExec": {"Process": "OK"}, "Performance": {"spearman": {"spearmanr": 0.9999999999999999, "pvalue": 0.0}, "pearson": {"pvalue": 0.0, "pearsonr": 1.0}, "kendalltau": {"kendalltau": 1.0000000000000007, "pvalue": 3.48030140723109e-49}, "r_score": 1.0, "predict_values": [0.24588, 0.017287999999999998, -3.9819, -0.49271, 0.49764, 0.6574800000000001, 3.2487, -3.7056, 0.66468, -3.5288, 1.0294, 0.064762, 2.7095, 1.5168, -2.5662, 3.8023, 1.4257, 5.7364, 4.0858, 3.7511, 9.3584, 2.1829, -2.3040000000000003, 5.1504, 6.4351, 5.0447, 2.1154, 2.9046, 3.7888, 3.3131, 5.1738, 3.2116, 3.2029, 4.1472, 3.5811, 3.3001, 4.5287, -1.7944, 4.0126, 3.8032, 3.9482, -0.30966, 4.2, 2.6249, 4.6312, 2.5209, 1.9313, 4.3728, 6.1151, 4.8686, 5.1435, 2.6715, 5.3259, 2.3733, 1.398, 0.589, 5.4619, 5.7172, 1.1421, 3.2260000000000004, 4.651, 6.4843, 6.4965, 4.0136, 3.6647, 6.9278, 6.4721, 9.6753, 11.079, 7.2233, 7.189, 5.8247, 8.4071, 7.6185, 5.4049, 6.0283, 7.4897, 7.4866, 5.3202, 7.801, 7.4811, 8.0907, 3.9604, 8.3062, 7.4395, 9.009, 6.8295, 8.7488, 9.2294, 9.9374, 6.9288, 10.012, 7.1183, 9.2576, 9.7728, 14.153, 10.063, 8.2097, 9.8101, 5.8992], "real_values": [0.24588, 0.017287999999999998, -3.9819, -0.49271, 0.49764, 0.6574800000000001, 3.2487, -3.7056, 0.66468, -3.5288, 1.0294, 0.064762, 2.7095, 1.5168, -2.5662, 3.8023, 1.4257, 5.7364, 4.0858, 3.7511, 9.3584, 2.1829, -2.3040000000000003, 5.1504, 6.4351, 5.0447, 2.1154, 2.9046, 3.7888, 3.3131, 5.1738, 3.2116, 3.2029, 4.1472, 3.5811, 3.3001, 4.5287, -1.7944, 4.0126, 3.8032, 3.9482, -0.30966, 4.2, 2.6249, 4.6312, 2.5209, 1.9313, 4.3728, 6.1151, 4.8686, 5.1435, 2.6715, 5.3259, 2.3733, 1.398, 0.589, 5.4619, 5.7172, 1.1421, 3.2260000000000004, 4.651, 6.4843, 6.4965, 4.0136, 3.6647, 6.9278, 6.4721, 9.6753, 11.079, 7.2233, 7.189, 5.8247, 8.4071, 7.6185, 5.4049, 6.0283, 7.4897, 7.4866, 5.3202, 7.801, 7.4811, 8.0907, 3.9604, 8.3062, 7.4395, 9.009, 6.8295, 8.7488, 9.2294, 9.9374, 6.9288, 10.012, 7.1183, 9.2576, 9.7728, 14.153, 10.063, 8.2097, 9.8101, 5.8992]}, "Params": {"splitter": "best", "criterion": "mse"}, "algorithm": "DecisionTreeRegressor"}