{"classTransform": {"A": 0, "C": 1, "B": 2, "E": 3, "D": 4, "G": 5, "F": 6, "I": 7, "H": 8, "W": 9, "Y": 10, "X": 11}, "matrixConfusionResponse": {"header": ["A", "C", "B", "E", "D", "G", "F", "I", "H", "W", "Y", "X"], "fiabilidad": [56.777186050506792, NaN, NaN, 38.023952095808383, NaN, 23.52941176470588, 23.786919831223628, 100.0, 0.0, NaN, NaN, 75.147928994082832], "matrix": [[77.111525898273442, 0.0, 0.0, 9.5193653756416232, 0.0, 0.11665888940737283, 13.229118058796081, 0.0, 0.023331777881474568, 0.0, 0.0, 0.0], [27.184466019417474, 0.0, 0.0, 35.922330097087382, 0.0, 0.0, 36.893203883495147, 0.0, 0.0, 0.0, 0.0, 0.0], [60.0, 0.0, 0.0, 0.0, 0.0, 20.0, 0.0, 0.0, 0.0, 0.0, 0.0, 20.0], [13.059360730593609, 0.0, 0.0, 69.589041095890408, 0.0, 0.27397260273972601, 16.347031963470322, 0.0, 0.0, 0.0, 0.0, 0.73059360730593603], [8.5227272727272716, 0.0, 0.0, 69.318181818181827, 0.0, 0.0, 21.875, 0.0, 0.28409090909090912, 0.0, 0.0, 0.0], [79.147982062780258, 0.0, 0.0, 6.0538116591928253, 0.0, 0.89686098654708524, 13.004484304932735, 0.0, 0.0, 0.0, 0.0, 0.89686098654708524], [72.106068332483432, 0.0, 0.0, 4.8444671086180522, 0.0, 0.050994390617032127, 22.998470168281489, 0.0, 0.0, 0.0, 0.0, 0.0], [1.9253910950661854, 0.0, 0.0, 3.9711191335740073, 0.0, 0.0, 33.935018050541515, 58.363417569193743, 0.36101083032490977, 0.0, 0.0, 1.4440433212996391], [74.181117533718691, 0.0, 0.0, 2.5048169556840074, 0.0, 0.0, 23.314065510597302, 0.0, 0.0, 0.0, 0.0, 0.0], [20.454545454545457, 0.0, 0.0, 72.727272727272734, 0.0, 6.8181818181818175, 0.0, 0.0, 0.0, 0.0, 0.0, 0.0], [15.413533834586465, 0.0, 0.0, 41.353383458646611, 0.0, 0.0, 25.18796992481203, 0.0, 11.654135338345863, 0.0, 0.0, 6.3909774436090219], [18.007662835249043, 0.0, 0.0, 46.551724137931032, 0.0, 0.0, 10.727969348659004, 0.0, 0.38314176245210724, 0.0, 0.0, 24.329501915708811]], "bakanosidad": [77.111525898273442, 0.0, 0.0, 69.589041095890408, 0.0, 0.89686098654708524, 22.998470168281489, 58.363417569193743, 0.0, 0.0, 0.0, 24.329501915708811]}, "Params": {"n_estimators": "10", "algorithm": "SAMME"}, "algorithm": "AdaBoostClassifier", "errorExec": {"exec_algorithm": "OK", "confusionMatrix": "ok", "curveLearning": "ok"}, "Performance": {"f1": 0.43605465521840758, "recall": 0.49220024663751127, "precision": 0.4313272047636077, "accuracy": 0.49220024663751127}, "Validation": "Cross Validation: 10"}