{"errorExec": {"Process": "OK"}, "Performance": {"spearman": {"spearmanr": 0.9995319531953195, "pvalue": 3.1266727923274785e-150}, "pearson": {"pvalue": 7.402106608152199e-147, "pearsonr": 0.9994515099287792}, "kendalltau": {"kendalltau": 0.988282828282829, "pvalue": 4.426619705721052e-48}, "r_score": 0.9989033206989161, "predict_values": [0.018634890134197946, 0.11896060711097789, 0.2192863240877596, 0.31961204106453955, 0.4199377580413204, 0.5202634750181012, 0.620589191994882, 0.720914908971662, 0.8212406259484428, 0.9215663429252237, 1.021892059902004, 1.1222078446228716, 1.2225236293437396, 1.3228394140646071, 1.4231551987854751, 1.5235703060654724, 1.6238860907863404, 1.7242018755072075, 1.824517660228075, 1.924833444948943, 2.02514922966981, 2.125465014390678, 2.2257807991115457, 2.3260965838324132, 2.4264123685532812, 2.5268274758332785, 2.6271432605541465, 2.727459045275014, 2.8277748299958816, 2.9280906147167496, 3.0284063994376167, 3.1287221841584847, 3.2290379688793522, 3.32935375360022, 3.429669538321088, 3.530084645601085, 3.6304004303219526, 3.73071621504282, 3.831031999763688, 3.9313477844845557, 4.031663569205423, 4.131979353926291, 4.232295138647158, 4.332610923368026, 4.432926708088893, 4.533341815368891, 4.633657600089759, 4.733973384810626, 4.834289169531494, 4.934604954252362, 5.03492073897323, 5.135236523694098, 5.235552308414965, 5.335868093135833, 5.436183877856701, 5.536598985136697, 5.636914769857565, 5.737230554578433, 5.8375463392993, 5.937862124020168, 6.038177908741035, 6.138493693461903, 6.238809478182771, 6.339125262903639, 6.4394410476245065, 6.539856154904504, 6.640171939625372, 6.740487724346239, 6.840803509067106, 6.941119293787974, 7.041435078508843, 7.14175086322971, 7.242066647950578, 7.342382432671446, 7.442698217392313, 7.54311332467231, 7.643429109393178, 7.743744894114046, 7.8440606788349125, 7.9443764635557805, 8.044692248276649, 8.145008032997517, 8.245323817718383, 8.345639602439253, 8.445955387160119, 8.546370494440117, 8.646686279160985, 8.747002063881851, 8.847317848602719, 8.947633633323587, 9.047949418044453, 9.148265202765323, 9.24858098748619, 9.348896772207059, 9.449212556927925, 9.549627664207922, 9.64994344892879, 9.750259233649658, 9.850575018370524, 9.950890803091394], "real_values": [0.017005000000000003, 0.10401, 0.2496, 0.31385, 0.2677, 0.48043, 0.62288, 0.75956, 0.9073, 0.872, 1.0771, 1.1196, 1.2475, 1.3162, 1.4357, 1.5265, 1.5942, 1.5983, 1.8652, 1.8419, 1.9963, 2.1585, 2.2397, 2.3718, 2.3497, 2.5192, 2.7175, 2.6399, 2.8683, 2.918, 3.1525, 3.0763, 3.2376, 3.3480000000000003, 3.4485, 3.5191, 3.673, 3.7443, 3.8089, 3.9438, 4.0633, 4.1441, 4.2596, 4.4922, 4.4757, 4.5212, 4.6375, 4.8449, 4.8444, 5.1348, 4.9268, 5.1959, 5.3327, 5.2957, 5.4434, 5.5185, 5.5562, 5.6897, 5.8564, 5.9606, 6.0952, 6.1445, 6.246, 6.4414, 6.4282, 6.3022, 6.6919, 6.7956, 6.7709, 6.7202, 7.0366, 7.2329, 6.9275, 7.4114, 7.1357, 7.6113, 7.5731, 7.4221, 7.8519, 7.9847, 7.8648, 8.0962, 8.3588, 8.3993, 8.7681, 8.5789, 8.713, 8.7862, 8.8753, 9.0431, 9.0876, 9.1373, 9.0304, 9.3553, 9.4642, 9.5684, 9.7528, 9.805, 9.8435, 9.9837]}, "Params": "Default", "algorithm": "Linear Regression"}