{"errorExec": {"Process": "OK"}, "Performance": {"spearman": {"spearmanr": 0.9975877587758775, "pvalue": 2.34234338433261e-115}, "pearson": {"pvalue": 3.2612106700555853e-115, "pearsonr": 0.9975713922235113}, "kendalltau": {"kendalltau": 0.9705050505050512, "pvalue": 1.9822903175224528e-46}, "r_score": 0.9951486825827548, "predict_values": [-0.00453422869393183, 0.09670094643055904, 0.19793612155505258, 0.29917129667954434, 0.400406471804037, 0.5016416469285288, 0.6028768220530214, 0.704111997177514, 0.8053471723020067, 0.9065823474264985, 1.007817522550991, 1.1090426753831233, 1.2102678282152564, 1.311492981047389, 1.412718133879522, 1.5140435096352505, 1.6152686624673835, 1.7164938152995162, 1.8177189681316483, 1.9189441209637814, 2.020169273795914, 2.1213944266280467, 2.2226195794601793, 2.3238447322923124, 2.425069885124445, 2.526395260880174, 2.627620413712307, 2.7288455665444395, 2.830070719376572, 2.9312958722087052, 3.0325210250408374, 3.13374617787297, 3.234971330705103, 3.3361964835372357, 3.4374216363693684, 3.5387470121250972, 3.6399721649572303, 3.7411973177893625, 3.8424224706214956, 3.943647623453628, 4.044872776285761, 4.146097929117894, 4.247323081950026, 4.348548234782159, 4.449773387614291, 4.55109876337002, 4.652323916202153, 4.753549069034285, 4.8547742218664185, 4.955999374698551, 5.057224527530685, 5.158449680362818, 5.25967483319495, 5.360899986027083, 5.462125138859215, 5.563450514614944, 5.664675667447077, 5.765900820279209, 5.867125973111342, 5.9683511259434745, 6.069576278775608, 6.170801431607741, 6.272026584439873, 6.373251737272006, 6.474476890104138, 6.575802265859867, 6.677027418692, 6.778252571524132, 6.879477724356265, 6.980702877188397, 7.081928030020531, 7.183153182852664, 7.2843783356847975, 7.38560348851693, 7.486828641349062, 7.588154017104791, 7.689379169936924, 7.790604322769056, 7.891829475601188, 7.993054628433322, 8.094279781265454, 8.195504934097588, 8.29673008692972, 8.397955239761853, 8.499180392593985, 8.600505768349715, 8.701730921181847, 8.80295607401398, 8.904181226846111, 9.005406379678245, 9.106631532510377, 9.20785668534251, 9.309081838174642, 9.410306991006777, 9.511532143838908, 9.612857519594638, 9.71408267242677, 9.815307825258902, 9.916532978091034, 10.017758130923168], "real_values": [0.017005000000000003, 0.10401, 0.2496, 0.3175, 0.2677, 0.48043, 0.62288, 0.64105, 0.9073, 0.90507, 1.0771, 1.1196, 1.2475, 1.3162, 1.4357, 1.5265, 1.7184, 1.5983, 1.8652, 1.8419, 2.1561, 2.1585, 2.2397, 2.3718, 2.3497, 2.5192, 2.7175, 2.6399, 2.8683, 2.918, 3.1525, 3.3405, 3.3834, 3.3480000000000003, 3.4485, 3.5191, 3.3909, 3.7443, 3.8089, 3.9438, 4.0633, 4.1918, 4.2596, 4.4922, 4.4757, 4.1058, 4.6375, 4.8449, 4.8444, 5.1348, 4.9268, 5.1959, 5.3327, 5.2957, 5.0126, 5.5185, 5.5562, 5.6897, 6.3415, 5.9861, 6.0952, 6.1445, 6.246, 6.4414, 6.9183, 6.3022, 6.6919, 6.2847, 6.7709, 7.0404, 7.0366, 7.2329, 6.9275, 7.4114, 7.1357, 7.3432, 7.5731, 7.0328, 8.2962, 7.9847, 7.8648, 8.0962, 8.3588, 8.3993, 8.7681, 8.5789, 8.713, 9.6373, 8.8753, 9.6752, 9.0876, 9.6272, 9.0304, 9.3553, 9.4642, 9.5684, 9.7528, 9.805, 9.8435, 10.067]}, "Params": "Default", "algorithm": "Linear Regression"}