Component,Relevance
1.0,99.98915953308033
2.0,0.010840463921986822
3.0,1.7911718151745958e-09
4.0,1.206498823780478e-09
