{"errorExec": {"Process": "OK"}, "Performance": {"spearman": {"spearmanr": 1.0, "pvalue": 0.0}, "pearson": {"pvalue": 0.0, "pearsonr": 1.0}, "kendalltau": {"kendalltau": 1.0000000000000007, "pvalue": 6.0306727528610303e-200}, "r_score": 1.0, "predict_values": [103.12, 119.97, 34.84, 102.07, 60.211999999999996, 90.029, 75.63600000000001, 47.756, 55.711999999999996, 89.471, 103.57, 79.008, 73.06, 80.931, 112.62, 110.09, 65.217, 84.42299999999999, 42.075, 91.512, 51.983999999999995, 83.135, 93.038, 52.047, 89.485, 85.196, 75.058, 91.154, 83.068, 74.888, 39.701, 76.152, 81.84899999999999, 69.9, 94.344, 119.89, 101.02, 118.82, 56.413999999999994, 76.19, 44.702, 98.383, 93.402, 41.688, 54.166000000000004, 78.075, 55.942, 94.225, 76.12899999999999, 49.405, 93.04700000000001, 106.57, 56.601000000000006, 80.305, 52.983999999999995, 54.263999999999996, 119.88, 67.035, 58.589, 52.403, 104.81, 75.932, 70.52600000000001, 104.27, 72.72399999999999, 79.316, 76.86399999999999, 71.913, 56.665, 119.98, 49.858000000000004, 58.888999999999996, 115.5, 81.96700000000001, 103.18, 54.928999999999995, 93.664, 78.059, 88.78399999999999, 81.969, 103.88, 57.674, 105.8, 78.869, 96.936, 47.166000000000004, 59.218, 72.795, 76.267, 86.84700000000001, 96.875, 101.76, 82.15299999999999, 95.684, 64.62100000000001, 103.02, 101.14, 48.068000000000005, 72.208, 69.149, 88.765, 86.898, 90.023, 79.62899999999999, 69.04899999999999, 43.552, 119.99, 78.288, 44.077, 48.47, 86.515, 99.56, 108.52, 72.26, 119.97, 119.97, 43.552, 48.023, 51.641999999999996, 101.89, 57.292, 86.16, 41.89, 98.65299999999999, 87.82799999999999, 84.846, 103.31, 91.20700000000001, 119.89, 88.751, 119.9, 70.35300000000001, 31.895, 119.97, 101.12, 87.49600000000001, 79.934, 103.25, 68.367, 76.67399999999999, 93.78299999999999, 83.235, 56.623000000000005, 84.353, 97.891, 86.73, 120.0, 84.351, 78.46, 72.191, 68.952, 104.06, 64.844, 102.75, 68.512, 100.75, 102.94, 78.84, 89.21, 79.077, 80.902, 61.293, 102.49, 85.069, 88.117, 106.77, 81.477, 50.526, 114.26, 46.542, 90.133, 68.367, 39.374, 74.805, 41.358999999999995, 74.604, 91.18799999999999, 78.899, 50.033, 104.37, 83.95200000000001, 73.957, 101.61, 95.08, 119.98, 93.84700000000001, 101.58, 80.50399999999999, 74.78399999999999, 103.88, 72.029, 73.837, 68.367, 53.815, 37.074, 49.292, 50.353, 107.43, 103.37, 30.035999999999998, 33.213, 63.101000000000006, 84.83200000000001, 83.094, 87.749, 80.066, 51.602, 41.00899999999999, 73.61, 41.867, 79.942, 51.486999999999995, 74.96600000000001, 103.88, 72.304, 74.453, 119.15, 74.92, 104.59, 91.20200000000001, 73.501, 91.21, 62.353, 119.01, 41.973, 90.726, 68.86, 61.45, 53.96, 76.268, 103.88, 74.63, 80.12100000000001, 81.86, 114.41, 103.75, 63.294, 72.95, 59.601000000000006, 102.98, 65.219, 49.47, 48.47, 41.301, 85.73, 55.42100000000001, 68.367, 83.87200000000001, 103.82, 119.98, 64.119, 37.012, 87.21, 56.278, 82.009, 108.96, 64.615, 73.818, 87.985, 101.88, 80.45100000000001, 75.029, 56.905, 32.157, 61.968, 70.96600000000001, 48.467, 63.997, 119.99, 52.622, 74.34899999999999, 101.81, 83.944, 44.448, 99.205, 101.97, 50.302, 76.86399999999999, 47.483000000000004, 58.353, 103.86, 52.477, 83.85, 102.73, 88.38, 109.81, 69.312, 119.89, 119.99, 76.152, 75.059, 89.765, 89.516, 103.82, 58.556000000000004, 86.008, 76.102, 40.15, 88.751, 111.48, 97.015, 68.322, 103.12, 72.453, 75.452, 88.764, 93.788, 93.17200000000001, 97.17200000000001, 46.692, 87.44200000000001, 119.92, 85.329, 73.28699999999999, 55.968, 33.529, 103.88, 76.873, 52.99100000000001, 57.945, 92.103, 68.133, 51.501000000000005, 115.92, 86.163, 91.24600000000001, 74.968, 74.477, 51.091, 77.54, 90.854, 72.26, 81.55199999999999, 103.72, 75.058, 87.46799999999999, 54.052, 74.21300000000001, 85.196, 51.9, 64.82, 74.764, 119.7, 75.051, 52.458, 115.96, 76.152, 80.648, 43.238, 41.667, 85.25299999999999, 75.955, 74.696, 76.322, 85.87899999999999, 100.88, 79.855, 71.204, 68.438, 50.472, 71.275, 103.85, 44.183, 86.01, 104.87, 100.06, 74.983, 39.74, 80.865, 44.191, 66.532, 38.022, 49.31, 81.96700000000001, 48.948, 88.052, 82.97, 50.428999999999995, 108.97, 74.619, 119.07, 89.512, 40.150999999999996, 75.367, 31.857, 75.058, 99.789, 119.92, 119.1, 56.153999999999996, 73.565, 93.035, 74.0, 93.906, 54.306000000000004, 47.357, 91.03299999999999, 46.18899999999999, 76.8, 85.353, 35.475, 74.0, 71.57300000000001, 94.671, 91.791, 81.555, 80.846, 56.871],