{"errorExec": {"Process": "OK"}, "Performance": {"spearman": {"spearmanr": 0.9891389138913889, "pvalue": 2.005608542951419e-83}, "pearson": {"pvalue": 7.387670233254459e-80, "pearsonr": 0.9871449983267281}, "kendalltau": {"kendalltau": 0.9268686868686875, "pvalue": 1.6749539852973556e-42}, "r_score": 0.9744552477214756, "predict_values": [0.03339221864041697, 0.13232081912700178, 0.23124941961358925, 0.33017802010017494, 0.4291066205867615, 0.5280352210733481, 0.6269638215599347, 0.7258924220465204, 0.824821022533107, 0.9237496230196935, 1.0226782235062801, 1.1215970300516238, 1.2205158365969684, 1.3194346431423125, 1.418353449687657, 1.5173701956454222, 1.6162890021907668, 1.715207808736111, 1.8141266152814546, 1.9130454218267992, 2.0119642283721433, 2.1108830349174874, 2.2098018414628315, 2.308720648008176, 2.4076394545535202, 2.506656200511286, 2.60557500705663, 2.7044938136019745, 2.8034126201473186, 2.9023314266926628, 3.001250233238007, 3.100169039783351, 3.1990878463286956, 3.2980066528740397, 3.396925459419384, 3.4959422053771494, 3.5948610119224935, 3.6937798184678377, 3.7926986250131822, 3.8916174315585264, 3.9905362381038705, 4.089455044649215, 4.188373851194559, 4.287292657739903, 4.386211464285247, 4.4852282102430125, 4.584147016788357, 4.683065823333701, 4.781984629879045, 4.880903436424389, 4.9798222429697345, 5.078741049515079, 5.177659856060423, 5.276578662605767, 5.375497469151111, 5.474514215108877, 5.573433021654221, 5.672351828199565, 5.771270634744909, 5.870189441290253, 5.969108247835598, 6.068027054380941, 6.166945860926286, 6.2658646674716305, 6.364783474016974, 6.46380021997474, 6.562719026520084, 6.661637833065428, 6.760556639610773, 6.859475446156116, 6.958394252701462, 7.057313059246805, 7.156231865792151, 7.2551506723374946, 7.354069478882838, 7.453086224840604, 7.5520050313859475, 7.650923837931292, 7.749842644476637, 7.84876145102198, 7.947680257567325, 8.04659906411267, 8.145517870658013, 8.244436677203359, 8.343355483748702, 8.442372229706468, 8.541291036251812, 8.640209842797155, 8.739128649342499, 8.838047455887844, 8.936966262433188, 9.035885068978533, 9.134803875523875, 9.23372268206922, 9.332641488614565, 9.431658234572332, 9.530577041117674, 9.62949584766302, 9.728414654208361, 9.827333460753707], "real_values": [0.017005000000000003, 0.10401, 0.2496, 0.33575, 0.2677, 0.48043, 0.55877, 0.7262, 0.9073, 0.83116, 0.7397100000000001, 1.1196, 1.1158, 1.5909, 1.4357, 1.5265, 1.7184, 1.8928, 2.3626, 1.8419, 2.1561, 2.1585, 2.8675, 2.7808, 2.7157, 2.2414, 2.7175, 2.262, 2.8683, 2.5871, 3.1525, 3.3405, 3.3834, 3.3480000000000003, 3.4485, 3.5191, 2.9491, 3.7443, 3.8089, 3.9438, 4.0633, 4.1918, 5.3531, 3.2711, 4.4757, 4.2254, 4.6375, 4.8449, 4.8444, 5.1348, 4.9268, 5.1959, 4.0064, 5.2957, 4.7758, 5.294, 5.5562, 5.6897, 6.3476, 5.869, 6.0952, 6.1445, 6.246, 5.0132, 6.9183, 5.3863, 6.6919, 6.2847, 6.5185, 6.4913, 7.0366, 6.6406, 7.1409, 7.4114, 7.1357, 7.3432, 6.8783, 7.3902, 8.2962, 7.9847, 9.2547, 7.4428, 8.3588, 8.3993, 8.7681, 8.5789, 8.713, 7.605, 8.8753, 9.6752, 9.0516, 9.6272, 9.0304, 7.945, 8.2847, 9.3028, 9.7528, 9.805, 11.123, 10.581]}, "Params": "Default", "algorithm": "Linear Regression"}