Component,Relevance
1.0,98.008243576399
2.0,1.9544828834956236
3.0,0.03704027862860708
4.0,0.00023290737750660573
5.0,3.515992560651253e-07
6.0,2.5000015378987465e-09
