{"errorExec": {"Process": "OK"}, "Performance": {"spearman": {"spearmanr": 0.78469289459460123, "pvalue": 2.4004081317191466e-86}, "pearson": {"pvalue": 3.0989231309450063e-83, "pearsonr": 0.7758632454653831}, "kendalltau": {"kendalltau": 0.65860168834502952, "pvalue": 7.4889933647603861e-88}, "r_score": 0.59543850606880866, "predict_values": [93.983, 119.97, 39.196, 102.07, 57.570499999999996, 87.549, 75.63600000000001, 47.756, 55.711999999999996, 85.1865, 103.57, 91.90899999999999, 63.022, 80.931, 42.10549999999999, 95.297, 57.3435, 101.6215, 80.57249999999999, 94.34200000000001, 85.982, 93.5975, 93.038, 52.047, 104.7375, 85.196, 53.788000000000004, 77.1275, 83.068, 67.001, 48.6875, 77.22, 86.73, 65.2465, 94.344, 80.8785, 86.586, 118.82, 63.69, 76.19, 44.702, 98.383, 90.15, 41.688, 63.55800000000001, 70.58800000000001, 55.942, 73.351, 76.12899999999999, 77.36500000000001, 104.4835, 106.57, 73.8775, 65.16900000000001, 49.837999999999994, 49.2235, 97.15950000000001, 67.035, 58.589, 77.5665, 104.81, 62.621, 67.57050000000001, 103.015, 68.6695, 77.7225, 76.86399999999999, 75.1005, 58.133, 96.7405, 49.858000000000004, 54.620999999999995, 78.7875, 89.929, 103.725, 57.570499999999996, 88.37899999999999, 78.059, 88.76750000000001, 100.9745, 103.88, 44.7655, 88.38300000000001, 99.10850000000002, 96.936, 47.166000000000004, 59.218, 72.795, 76.267, 86.84700000000001, 95.883, 96.636, 82.15299999999999, 92.032, 85.1865, 103.02, 83.06450000000001, 47.38, 64.568, 69.149, 88.765, 86.898, 90.023, 83.51599999999999, 71.30699999999999, 81.326, 119.99, 73.7185, 51.839, 48.47, 86.515, 99.56, 108.52, 72.26, 119.96999999999998, 119.97, 43.552, 48.2465, 85.982, 49.837999999999994, 57.292, 86.16, 41.89, 98.65299999999999, 64.8475, 84.846, 103.31, 91.655, 95.95949999999999, 69.39200000000001, 90.63149999999999, 70.35300000000001, 56.686, 119.96999999999998, 89.29475, 87.49600000000001, 86.48599999999999, 103.25, 92.4605, 73.578, 90.88399999999999, 60.1235, 60.7335, 95.4615, 85.343, 86.73, 42.426500000000004, 84.351, 78.46, 72.191, 68.695, 92.063, 64.844, 87.77250000000001, 70.2705, 100.75, 102.94, 78.84, 91.52850000000001, 79.077, 82.423, 90.63149999999999, 93.4215, 85.069, 88.117, 90.294, 81.477, 51.01350000000001, 77.7805, 39.1995, 108.57600000000001, 68.367, 39.374, 80.48400000000001, 41.358999999999995, 74.604, 83.288, 78.899, 50.033, 95.19, 77.555, 93.98899999999999, 101.61, 95.08, 119.98, 93.84700000000001, 81.4365, 77.781, 74.78399999999999, 68.5465, 72.029, 77.071, 68.367, 53.815, 45.4445, 76.116, 60.778499999999994, 107.43, 103.37, 30.035999999999998, 33.213, 63.101000000000006, 91.6075, 83.094, 86.4725, 80.066, 44.812, 44.0875, 73.805, 41.437999999999995, 78.5565, 52.650999999999996, 74.96600000000001, 103.88, 80.53450000000001, 74.453, 68.695, 79.6715, 104.59, 97.46100000000001, 73.501, 91.21, 68.2105, 119.45, 80.4915, 97.223, 68.86, 75.10050000000001, 55.626000000000005, 76.268, 96.696, 75.41, 80.12100000000001, 81.86, 114.41, 103.75, 63.294, 72.95, 59.601000000000006, 64.12849999999999, 65.219, 49.47, 48.47, 41.301, 77.17349999999999, 55.566500000000005, 68.367, 80.0005, 84.51849999999999, 92.412, 59.4065, 37.012, 88.363, 56.278, 82.009, 106.03999999999999, 69.6095, 73.818, 87.985, 90.973, 80.45100000000001, 81.7595, 58.253, 68.0085, 61.968, 70.96600000000001, 48.467, 57.105999999999995, 59.305499999999995, 83.51599999999999, 89.1045, 101.81, 83.944, 44.448, 96.4965, 95.99949999999998, 54.9515, 66.50899999999999, 54.51349999999999, 60.521499999999996, 89.1045, 52.477, 79.45400000000001, 102.73, 83.848, 60.7125, 69.312, 81.721, 119.94, 75.6015, 77.995, 91.77699999999999, 89.516, 78.014, 66.67, 86.008, 87.37950000000001, 40.15, 87.4555, 111.48, 99.54249999999999, 68.322, 103.12, 72.453, 75.452, 97.048, 93.788, 92.18950000000001, 97.17200000000001, 60.6555, 87.44200000000001, 74.136, 79.0265, 73.28699999999999, 69.6015, 54.19799999999999, 103.88, 76.873, 77.9655, 57.945, 92.103, 68.133, 51.501000000000005, 77.83, 86.163, 91.24600000000001, 74.968, 81.4285, 63.0295, 77.54, 63.933, 78.3055, 81.55199999999999, 103.72, 75.058, 81.868, 51.681, 81.8645, 84.132, 62.425, 87.303, 73.60849999999999, 97.15950000000001, 74.0555, 94.5075, 101.345, 74.09049999999999, 82.95049999999999, 68.7935, 40.908500000000004, 86.3605, 75.9435, 74.696, 68.8075, 81.70949999999999, 100.88, 79.855, 71.204, 68.438, 50.472, 71.275, 103.58, 54.51349999999999, 86.01, 104.87, 100.06, 77.924, 60.194, 80.865, 82.9165, 63.467, 38.022, 59.831500000000005, 84.24100000000001, 49.2585, 88.052, 79.01400000000001, 50.428999999999995, 74.172, 59.400999999999996, 80.57249999999999, 89.4985, 45.338499999999996, 79.85900000000001, 31.857, 75.058, 96.81800000000001, 80.9975, 81.6415, 56.153999999999996, 76.321, 84.6125, 88.93, 90.3945, 69.91300000000001, 49.917, 91.03299999999999, 48.0235, 103.215, 89.29475, 65.07300000000001, 74.0, 70.361, 94.671, 92.0255, 81.555, 81.4075, 56.871],