,sepal.length,sepal.width,petal.length,petal.width,feature_0,feature_1,feature_2,feature_3,feature_4
sepal.length,1.0,-0.11756978413300205,0.8717537758865828,0.8179411262715759,-0.617310932755279,0.6173109327552789,-0.7174156686860964,0.0793955238434454,0.6380201448426516
sepal.width,-0.11756978413300205,1.0,-0.42844010433054003,-0.3661259325364395,0.3578291999914326,-0.3578291999914327,0.6033478273490616,-0.467703081991808,-0.1356447453572532
petal.length,0.8717537758865828,-0.42844010433054003,1.0,0.9628654314027955,-0.7692075946895864,0.769207594689586,-0.9227653847036502,0.2017544525789341,0.7210109321247168
petal.width,0.8179411262715759,-0.3661259325364395,0.9628654314027955,1.0,-0.7749553801453442,0.7749553801453443,-0.8873436966114601,0.11789881283648733,0.7694448837749722
feature_0,-0.617310932755279,0.3578291999914326,-0.7692075946895864,-0.7749553801453442,1.0,-0.9999999999999998,0.71659857208448,-0.01885785716011741,-0.6977407149243614
feature_1,0.6173109327552789,-0.3578291999914327,0.769207594689586,0.7749553801453443,-0.9999999999999998,1.0,-0.7165985720844799,0.018857857160117557,0.6977407149243615
feature_2,-0.7174156686860964,0.6033478273490616,-0.9227653847036502,-0.8873436966114601,0.71659857208448,-0.7165985720844799,1.0,-0.49999999999999944,-0.5000000000000002
feature_3,0.0793955238434454,-0.467703081991808,0.2017544525789341,0.11789881283648733,-0.01885785716011741,0.018857857160117557,-0.49999999999999944,1.0,-0.5000000000000002
feature_4,0.6380201448426516,-0.1356447453572532,0.7210109321247168,0.7694448837749722,-0.6977407149243614,0.6977407149243615,-0.5000000000000002,-0.5000000000000002,1.0
