{"errorExec": {"Process": "OK"}, "Performance": {"spearman": {"spearmanr": 0.9571917191719171, "pvalue": 1.441187972123964e-54}, "pearson": {"pvalue": 6.576282244681556e-44, "pearsonr": 0.9283448823053411}, "kendalltau": {"kendalltau": 0.8448484848484855, "pvalue": 1.322036400796961e-35}, "r_score": 0.8618242205025171, "predict_values": [-0.11706281502466176, -0.012423983643651937, 0.09221484773736055, 0.19685367911837126, 0.30149251049938375, 0.40613134188039446, 0.5107701732614061, 0.6154090046424168, 0.7200478360234284, 0.82468666740444, 0.9293254987854516, 1.0339539709117966, 1.1385824430381422, 1.2432109151644872, 1.3478393872908327, 1.4525714519638382, 1.5571999240901837, 1.6618283962165288, 1.7664568683428739, 1.8710853404692198, 1.9757138125955649, 2.08034228472191, 2.1849707568482555, 2.289599228974601, 2.394227701100946, 2.4989597657739515, 2.603588237900297, 2.7082167100266425, 2.812845182152988, 2.917473654279333, 3.022102126405678, 3.1267305985320237, 3.2313590706583692, 3.3359875427847143, 3.4406160149110603, 3.5453480795840653, 3.6499765517104104, 3.754605023836756, 3.8592334959631014, 3.9638619680894465, 4.0684904402157915, 4.1731189123421375, 4.277747384468483, 4.3823758565948285, 4.487004328721174, 4.591736393394179, 4.696364865520524, 4.800993337646869, 4.905621809773215, 5.01025028189956, 5.114878754025906, 5.219507226152252, 5.324135698278597, 5.428764170404942, 5.533392642531288, 5.638124707204293, 5.742753179330638, 5.847381651456983, 5.952010123583329, 6.056638595709674, 6.161267067836019, 6.265895539962365, 6.37052401208871, 6.475152484215055, 6.5797809563414, 6.684513021014405, 6.789141493140751, 6.893769965267096, 6.998398437393441, 7.103026909519787, 7.207655381646133, 7.312283853772479, 7.416912325898824, 7.521540798025169, 7.6261692701515145, 7.7309013348245195, 7.8355298069508645, 7.9401582790772105, 8.044786751203556, 8.149415223329902, 8.254043695456247, 8.358672167582593, 8.463300639708937, 8.567929111835284, 8.672557583961627, 8.777289648634634, 8.881918120760979, 8.986546592887324, 9.091175065013669, 9.195803537140016, 9.300432009266359, 9.405060481392706, 9.50968895351905, 9.614317425645396, 9.718945897771741, 9.823677962444748, 9.928306434571091, 10.032934906697438, 10.137563378823781, 10.242191850950128], "real_values": [0.0, 0.10401, 0.2496, 0.33575, 0.2677, 0.61634, 0.34922, 0.7262, 0.9073, 0.5864699999999999, 0.7397100000000001, 1.1196, 1.1158, 1.5909, 1.4357, 2.1589, 1.7184, 2.2063, 1.3739, 1.8419, 2.1561, 2.3108, 2.8675, 2.7808, 2.7157, 2.2414, 2.7175, 2.8836, 3.3496, 3.0781, 3.1525, 3.3405, 3.3834, 4.0132, 3.4485, 3.5191, 2.9491, 4.6457, 3.8089, 3.9438, 3.0194, 4.1918, 5.5342, 3.2711, 4.4757, 4.2254, 3.5689, 5.1997, 4.8444, 5.1348, 5.4058, 3.198, 5.5525, 5.2669, 4.7758, 5.294, 5.5562, 5.6897, 6.3476, 3.623, 8.9302, 6.1445, 7.303, 5.0132, 6.7182, 5.3863, 6.6919, 5.0327, 6.5185, 6.4913, 7.0366, 6.6406, 4.8899, 7.4114, 7.1357, 7.3432, 6.8783, 7.1909, 8.2962, 9.1368, 9.2547, 7.4428, 8.3588, 6.4324, 8.7681, 6.7505, 12.265, 11.251, 8.8753, 13.235, 9.0516, 9.6272, 12.97, 12.354, 6.074, 5.7892, 10.802, 12.137, 11.123, 10.581]}, "Params": "Default", "algorithm": "Linear Regression"}