{"errorExec": {"Process": "OK"}, "Performance": {"spearman": {"spearmanr": 0.9126834946538813, "pvalue": 2.2973144536854685e-52}, "pearson": {"pvalue": 5.083022660274017e-73, "pearsonr": 0.9589541577707176}, "kendalltau": {"kendalltau": 0.7895294483883418, "pvalue": 4.127759320488223e-41}, "r_score": 0.848734002464971, "predict_values": [0.6964475806666685, 0.04536327333333365, 0.6396248849999994, 0.28428803500000144, -0.00545852166666541, 0.4933097716666669, -0.4752161866666658, 0.07928630000000594, 0.8034316383333331, -0.1505364143333341, 0.7513937933333369, 0.5040574116666674, 0.2475848733333468, 0.5061598983333454, -0.3319157393333355, 0.20962020066666467, 0.32156123666667064, 1.4321753633333372, 0.712377695000008, 0.3986657400000081, 0.04865595233333342, 1.2530411649999957, 0.6400900758888914, 0.02043851541666707, 0.1367987133333359, 0.9090095104166631, 0.10648740166666597, 0.19684149000000545, 0.25086550166667426, 0.32679261000000065, 0.3599148416666706, 0.6801520983333317, 0.6009630883333326, 0.9126530300000057, 0.01911768333333253, -0.339585495000002, 0.10627802833333237, 0.5519507633333308, 0.051042668333332625, 0.3734486249999955, 0.28380456500000006, 0.25811096833334723, 0.12263054833333155, 1.1312116216666694, 0.3521278064999989, 1.666685399166675, 0.6228240641666672, 0.5714614116666659, 0.3247357800000017, 0.5587674133333329, 0.24934886166666656, 0.10804273833333268, 0.3733404116666714, 0.1560313150000005, 0.025257583333333493, 0.10471935833334296, 1.529235553333333, 0.14426844833332997, 0.8666514700000427, 0.15978310185714395, 0.35405817699999803, 0.15245515499999124, 0.17049391583333645, 0.6850551762500121, 1.357827475002081, 0.4445230866666775, 0.5263325283333286, 1.0672043699999951, 0.011245408333334601, 0.6250951649999958, 0.15946614066666912, 0.0071452116666662355, 0.6162405049999988, 0.11604434833333341, 0.10202152500000013, 0.16005198333333337, -0.0012132949999961098, 0.07919656999999958, 0.1273024633333483, 0.24277950666666312, 0.26611912333338067, 1.28746952833339, 1.0848444500000336, 0.6286418466666649, 1.4680994861666719, 0.1943608750000006, 0.13305556166667928, 0.1551243699999871, 0.09096441833331559, 0.11968524499999805, 0.23071521500000333, 0.15596830310714463, 0.5085686266668695, 0.33470116250000115, 0.1487538790000082, 0.43915062166687924, 0.3625384550000187, 1.9806553950000074, -0.06744893833332957, 0.006544316249998931, 0.36125198783361523, 0.15785840166665766, 0.7370378316666938, 0.3002781691666632, 1.325545373333351, 0.7314749525000324, 0.9485277633333513, 0.44960393088869915, 0.4389119148333353, 0.19731356500001507, 0.03995520533333575, 0.08342043999999345, -0.1145402949999955, -0.31021170166666684, 0.12855058708333963, 0.24254974833334017, 0.12827786141666933, 0.15065351000002075, 1.2635732878333525, 0.044771959999981535, 1.151938893333343, 0.20738491500021122, 0.232074234999984, 0.8200416066666709, 0.3229134150000335, 0.01798006666668715, 0.6399194833334786, 0.172099166416673, 3.263045226666685, 2.788984886666672, 2.9437657333333345, 0.22440539166666493], "real_values": [1.00925, -0.20554, 0.79502, 0.4051, -0.486275, 0.42954, -0.91179, -0.00598, 1.03865, -0.438895, 0.8687600000000001, 0.4102, 0.19108, 0.3398, -0.492925, 0.17762999999999998, 0.40835, 1.63663, 0.802705, 0.5203399999999999, -0.177335, 2.0064, 0.59905, -0.04004, 0.14961, 1.211575, -0.19985999999999998, 0.05, 0.09985, 0.30701, 0.42954, 0.4102, 0.37994, 1.2079799999999998, -0.20979499999999998, -0.594195, 0.10395, 0.5939, -0.04999, 0.2701, 0.19991, 0.2381, 0.05119, 1.7203950000000001, 0.28907, 2.4115, 0.521125, 0.3398, 0.323925, 0.11015, 0.19991, 0.12763, 0.40835, -0.04999, -0.19985999999999998, -0.04999, 1.95245, 0.0, 0.8687600000000001, 0.19956, 0.323925, 0.0, 0.0, 0.990815, 1.52383666667, -0.04614, 0.52983, 1.4572725, -0.07902, 0.7822, 0.1776, -0.19061, 0.8372299999999999, 0.08271, -0.07902, 0.19912, -0.07902, -0.06235, 0.1079, -0.041005, -0.014980000000000002, 1.36154, 1.5024825000000002, 0.5878, 2.1521, 0.14377, 0.0428, 0.0870133333333, -0.012556666666700002, 0.0, 0.23995, 0.19912, 0.691276666667, 0.07828500000000001, -0.25493000000000005, 0.298586666667, 0.25936, 2.96296, -0.1451125, -0.4102, -0.03035, 0.012383333333299999, 0.89307, 0.26882, 1.6774875, 0.52099, 0.99928, 0.598993333333, 0.55797, 0.0564, -0.19030999999999998, -0.014980000000000002, -0.13309, -0.50638, -0.0288075, 0.25123, 0.031915, 0.0697, -0.029977499999999997, 0.049713333333300004, 1.53472, 0.20132666666700003, -0.0947766666667, 1.14091, -0.04614, -0.65823, 0.5456325, 0.0322175, 4.5, 2.7817, 4.5, 0.19912]}, "Params": {"n_estimators": "500", "min_samples_split": "2", "bootstrap": "True", "criterion": "mse", "min_samples_leaf": "1"}, "algorithm": "RandomForestRegressor"}