{"errorExec": {"Process": "OK"}, "Performance": {"spearman": {"spearmanr": 0.9999999999999999, "pvalue": 0.0}, "pearson": {"pvalue": 0.0, "pearsonr": 1.0}, "kendalltau": {"kendalltau": 1.0000000000000007, "pvalue": 3.48030140723109e-49}, "r_score": 1.0, "predict_values": [0.0, 0.10401, 0.2496, 0.33575, 0.2677, 0.61634, 0.34922, 0.7262, 0.9073, 0.5864699999999999, 0.7397100000000001, 1.1196, 1.1158, 1.5909, 1.4357, 2.1589, 1.7184, 2.2063, 1.3739, 1.8419, 2.1561, 2.3108, 2.8675, 2.7808, 2.7157, 2.2414, 2.7175, 2.8836, 3.3496, 3.0781, 3.1525, 3.3405, 3.3834, 4.0132, 3.4485, 3.5191, 2.9491, 4.6457, 3.8089, 3.9438, 3.0194, 4.1918, 5.5342, 3.2711, 4.4757, 4.2254, 3.5689, 5.1997, 4.8444, 5.1348, 5.4058, 3.198, 5.5525, 5.2669, 4.7758, 5.294, 5.5562, 5.6897, 6.3476, 3.623, 8.9302, 6.1445, 7.303, 5.0132, 6.7182, 5.3863, 6.6919, 5.0327, 6.5185, 6.4913, 7.0366, 6.6406, 4.8899, 7.4114, 7.1357, 7.3432, 6.8783, 7.1909, 8.2962, 9.1368, 9.2547, 7.4428, 8.3588, 6.4324, 8.7681, 6.7505, 12.265, 11.251, 8.8753, 13.235, 9.0516, 9.6272, 12.97, 12.354, 6.074, 5.7892, 10.802, 12.137, 11.123, 10.581], "real_values": [0.0, 0.10401, 0.2496, 0.33575, 0.2677, 0.61634, 0.34922, 0.7262, 0.9073, 0.5864699999999999, 0.7397100000000001, 1.1196, 1.1158, 1.5909, 1.4357, 2.1589, 1.7184, 2.2063, 1.3739, 1.8419, 2.1561, 2.3108, 2.8675, 2.7808, 2.7157, 2.2414, 2.7175, 2.8836, 3.3496, 3.0781, 3.1525, 3.3405, 3.3834, 4.0132, 3.4485, 3.5191, 2.9491, 4.6457, 3.8089, 3.9438, 3.0194, 4.1918, 5.5342, 3.2711, 4.4757, 4.2254, 3.5689, 5.1997, 4.8444, 5.1348, 5.4058, 3.198, 5.5525, 5.2669, 4.7758, 5.294, 5.5562, 5.6897, 6.3476, 3.623, 8.9302, 6.1445, 7.303, 5.0132, 6.7182, 5.3863, 6.6919, 5.0327, 6.5185, 6.4913, 7.0366, 6.6406, 4.8899, 7.4114, 7.1357, 7.3432, 6.8783, 7.1909, 8.2962, 9.1368, 9.2547, 7.4428, 8.3588, 6.4324, 8.7681, 6.7505, 12.265, 11.251, 8.8753, 13.235, 9.0516, 9.6272, 12.97, 12.354, 6.074, 5.7892, 10.802, 12.137, 11.123, 10.581]}, "Params": {"splitter": "best", "criterion": "mse"}, "algorithm": "DecisionTreeRegressor"}