{"errorExec": {"Process": "OK"}, "Performance": {"spearman": {"spearmanr": 0.99834432774142856, "pvalue": 0.0}, "pearson": {"pvalue": 0.0, "pearsonr": 0.99834491963157712}, "kendalltau": {"kendalltau": 0.9874975835365486, "pvalue": 6.8427355864867526e-198}, "r_score": 0.9966925785541807, "predict_values": [37.9, 42.2, 47.3, 54.8, 43.1, 32.1, 40.3, 46.7, 18.8, 22.1, 41.4, 58.1, 39.3, 23.8, 34.3, 50.5, 70.1, 37.4, 42.3, 48.7, 29.3, 51.6, 24.6, 47.9, 38.8, 27.0, 56.2, 33.6, 47.0, 57.1, 22.1, 25.0, 34.2, 49.3, 55.1, 27.3, 22.9, 25.3, 47.7, 46.2, 15.9, 18.2, 34.7, 34.1, 53.9, 38.2, 42.0, 61.5, 13.4, 13.2, 44.2, 20.7, 27.0, 38.9, 51.7, 13.7, 41.9, 53.5, 22.6, 42.4, 21.3, 63.2, 27.7, 55.0, 25.3, 44.3, 50.7, 56.15, 36.2, 42.0, 58.55, 40.8, 36.3, 17.8, 54.4, 29.5, 36.8, 25.6, 29.8, 26.55, 40.3, 36.8, 48.1, 17.7, 43.7, 50.8, 27.0, 18.3, 48.0, 25.3, 45.4, 42.75, 21.8, 16.1, 41.0, 51.8, 60.85, 34.6, 52.0, 60.85, 38.2, 32.9, 54.4, 44.85, 30.5, 71.0, 47.1, 26.6, 34.1, 28.4, 51.6, 39.4, 23.1, 7.6, 53.3, 46.4, 12.2, 16.1, 30.6, 59.6, 31.3, 44.05, 32.5, 45.5, 57.4, 46.85, 62.9, 57.85, 60.7, 41.0, 37.5, 32.05, 37.5, 39.5, 42.2, 20.8, 46.8, 47.4, 43.5, 42.5, 51.4, 28.9, 37.5, 44.05, 28.4, 45.5, 52.2, 43.2, 45.1, 39.7, 48.5, 44.7, 28.9, 40.9, 20.7, 17.8, 18.3, 35.6, 39.4, 37.4, 57.8, 39.6, 11.6, 56.15, 55.25, 30.6, 68.44999999999999, 43.4, 37.4, 23.5, 14.4, 58.8, 58.55, 35.1, 45.2, 36.5, 19.2, 42.0, 36.7, 42.6, 15.5, 55.9, 23.6, 18.8, 21.8, 21.5, 25.7, 22.0, 44.3, 20.5, 42.3, 37.8, 42.7, 49.3, 29.3, 34.6, 36.6, 48.2, 39.1, 31.6, 25.5, 45.9, 31.5, 46.1, 26.55, 21.4, 44.0, 34.2, 26.2, 40.9, 52.2, 47.85, 31.1, 58.0, 20.9, 48.1, 39.7, 40.8, 43.8, 40.2, 78.3, 38.5, 48.5, 42.75, 46.0, 49.0, 12.8, 40.2, 46.6, 19.0, 32.05, 14.7, 17.4, 32.4, 23.9, 39.3, 61.9, 39.0, 40.6, 29.7, 28.8, 41.4, 33.4, 48.2, 21.7, 40.8, 40.6, 23.1, 22.3, 15.0, 30.0, 13.8, 52.7, 25.9, 51.8, 17.4, 26.5, 43.9, 68.44999999999999, 28.8, 30.7, 24.4, 53.0, 31.7, 40.6, 38.1, 23.7, 41.1, 40.1, 23.0, 117.5, 26.5, 40.5, 29.3, 41.0, 48.7, 34.0, 27.7, 44.85, 31.1, 45.4, 44.8, 25.6, 23.5, 34.4, 55.3, 56.3, 32.9, 51.0, 44.5, 37.0, 54.4, 24.5, 42.5, 38.1, 21.8, 34.1, 28.5, 16.7, 46.1, 36.9, 35.7, 23.2, 38.4, 29.4, 55.0, 50.2, 24.7, 52.0, 19.1, 24.7, 42.2, 78.0, 42.8, 41.6, 27.3, 42.0, 37.5, 49.8, 26.9, 18.6, 37.7, 33.1, 42.5, 31.3, 38.2, 62.1, 36.7, 23.6, 16.1, 12.8, 15.6, 39.6, 42.7, 22.8, 36.5, 35.6, 30.9, 36.3, 50.4, 42.9, 37.0, 53.5, 46.6, 41.2, 37.9, 30.8, 11.2, 53.7, 42.7, 42.3, 28.6, 25.7, 31.3, 30.1, 57.85, 45.3, 44.9, 46.85, 24.7, 47.1, 63.3, 40.0, 48.0, 33.1, 29.5, 24.8, 20.9, 43.1, 22.8, 42.1, 51.7, 41.5, 47.85, 49.5, 23.8, 26.75, 56.8, 37.4, 69.7, 53.3, 47.3, 29.3, 40.3, 12.9, 46.6, 55.25, 25.6, 27.3, 67.7, 38.6, 31.3, 35.3, 40.3, 24.7, 42.5, 31.9, 32.2, 26.75, 37.3, 35.5, 27.7, 28.5, 39.7, 41.2, 37.2, 40.5, 22.3, 28.1, 15.4, 50.0, 40.6, 52.5, 63.9], "real_values": [37.899999999999999, 42.200000000000003, 47.299999999999997, 54.799999999999997, 43.100000000000001, 32.100000000000001, 40.299999999999997, 46.700000000000003, 18.800000000000001, 22.100000000000001, 41.399999999999999, 58.100000000000001, 39.299999999999997, 23.800000000000001, 34.299999999999997, 50.5, 70.099999999999994, 37.399999999999999, 42.299999999999997, 47.700000000000003, 29.300000000000001, 51.600000000000001, 24.600000000000001, 47.899999999999999, 38.799999999999997, 27.0, 56.200000000000003, 33.600000000000001, 47.0, 57.100000000000001, 22.100000000000001, 25.0, 34.200000000000003, 49.299999999999997, 55.100000000000001, 27.300000000000001, 22.899999999999999, 25.300000000000001, 47.700000000000003, 46.200000000000003, 15.9, 18.199999999999999, 34.700000000000003, 34.100000000000001, 53.899999999999999, 38.299999999999997, 42.0, 61.5, 13.4, 13.199999999999999, 44.200000000000003, 20.699999999999999, 27.0, 38.899999999999999, 51.700000000000003, 13.699999999999999, 41.899999999999999, 53.5, 22.600000000000001, 42.399999999999999, 21.300000000000001, 63.200000000000003, 27.699999999999999, 55.0, 25.300000000000001, 44.299999999999997, 50.700000000000003, 56.799999999999997, 36.200000000000003, 42.0, 59.0, 40.799999999999997, 36.299999999999997, 20.0, 54.399999999999999, 29.5, 36.799999999999997, 25.600000000000001, 29.800000000000001, 26.5, 40.299999999999997, 36.799999999999997, 48.100000000000001, 17.699999999999999, 43.700000000000003, 50.799999999999997, 27.0, 18.300000000000001, 48.0, 25.300000000000001, 45.399999999999999, 43.200000000000003, 21.800000000000001, 16.100000000000001, 41.0, 51.799999999999997, 59.5, 34.600000000000001, 51.0, 62.200000000000003, 38.200000000000003, 32.899999999999999, 54.399999999999999, 45.700000000000003, 30.5, 71.0, 47.100000000000001, 26.600000000000001, 34.100000000000001, 28.399999999999999, 51.600000000000001, 39.399999999999999, 23.100000000000001, 7.5999999999999996, 53.299999999999997, 46.399999999999999, 12.199999999999999, 13.0, 30.600000000000001, 59.600000000000001, 31.300000000000001, 48.0, 32.5, 45.5, 57.399999999999999, 48.600000000000001, 62.899999999999999, 55.0, 60.700000000000003, 41.0, 37.5, 30.699999999999999, 37.5, 39.5, 42.200000000000003, 20.800000000000001, 46.799999999999997, 47.399999999999999, 43.5, 42.5, 51.399999999999999, 28.899999999999999, 37.5, 40.100000000000001, 28.399999999999999, 45.5, 52.200000000000003, 43.200000000000003, 45.100000000000001, 39.700000000000003, 48.5, 44.700000000000003, 28.899999999999999, 40.899999999999999, 20.699999999999999, 15.6, 18.300000000000001, 35.600000000000001, 39.399999999999999, 37.399999999999999, 57.799999999999997, 39.600000000000001, 11.6, 55.5, 55.200000000000003, 30.600000000000001, 73.599999999999994, 43.399999999999999, 37.399999999999999, 23.5, 14.4, 58.799999999999997, 58.100000000000001, 35.100000000000001, 45.200000000000003, 36.5, 19.199999999999999, 42.0, 36.700000000000003, 42.600000000000001, 15.5, 55.899999999999999, 23.600000000000001, 18.800000000000001, 21.800000000000001, 21.5, 25.699999999999999, 22.0, 44.299999999999997, 20.5, 42.299999999999997, 37.799999999999997, 42.700000000000003, 49.299999999999997, 29.300000000000001, 34.600000000000001, 36.600000000000001, 48.200000000000003, 39.100000000000001, 31.600000000000001, 25.5, 45.899999999999999, 31.5, 46.100000000000001, 26.600000000000001, 21.399999999999999, 44.0, 34.200000000000003, 26.199999999999999, 40.899999999999999, 52.200000000000003, 43.5, 31.100000000000001, 58.0, 20.899999999999999, 48.100000000000001, 39.700000000000003, 40.799999999999997, 43.799999999999997, 40.200000000000003, 78.299999999999997, 38.5, 48.5, 42.299999999999997, 46.0, 49.0, 12.800000000000001, 40.200000000000003, 46.600000000000001, 19.0, 33.399999999999999, 14.699999999999999, 17.399999999999999, 32.399999999999999, 23.899999999999999, 39.299999999999997, 61.899999999999999, 39.0, 40.600000000000001, 29.699999999999999, 28.800000000000001, 41.399999999999999, 33.399999999999999, 48.200000000000003, 21.699999999999999, 40.799999999999997, 40.600000000000001, 23.100000000000001, 22.300000000000001, 15.0, 30.0, 13.800000000000001, 52.700000000000003, 25.899999999999999, 51.799999999999997, 17.399999999999999, 26.5, 43.899999999999999, 63.299999999999997, 28.800000000000001, 30.699999999999999, 24.399999999999999, 53.0, 31.699999999999999, 40.600000000000001, 38.100000000000001, 23.699999999999999, 41.100000000000001, 40.100000000000001, 23.0, 117.5, 26.5, 40.5, 29.300000000000001, 41.0, 49.700000000000003, 34.0, 27.699999999999999, 44.0, 31.100000000000001, 45.399999999999999, 44.799999999999997, 25.600000000000001, 23.5, 34.399999999999999, 55.299999999999997, 56.299999999999997, 32.899999999999999, 51.0, 44.5, 37.0, 54.399999999999999, 24.5, 42.5, 38.100000000000001, 21.800000000000001, 34.100000000000001, 28.5, 16.699999999999999, 46.100000000000001, 36.899999999999999, 35.700000000000003, 23.199999999999999, 38.399999999999999, 29.399999999999999, 55.0, 50.200000000000003, 24.699999999999999, 53.0, 19.100000000000001, 24.699999999999999, 42.200000000000003, 