{"silhouette_score": 0.055289188651154474, "membersGroup": {"Group86": 23, "Group87": 25, "Group84": 41, "Group85": 17, "Group82": 46, "Group83": 31, "Group80": 35, "Group81": 14, "Group28": 10, "Group88": 7, "Group29": 54, "Group42": 36, "Group43": 19, "Group40": 48, "Group41": 7, "Group46": 27, "Group47": 15, "Group44": 65, "Group45": 31, "Group48": 19, "Group49": 28, "Group99": 10, "Group95": 7, "Group94": 23, "Group79": 18, "Group34": 17, "Group89": 10, "Group37": 18, "Group36": 14, "Group35": 32, "Group78": 25, "Group33": 43, "Group32": 42, "Group31": 42, "Group30": 16, "Group73": 13, "Group72": 9, "Group71": 6, "Group70": 14, "Group77": 13, "Group76": 6, "Group75": 38, "Group74": 3, "Group5": 5, "Group4": 20, "Group7": 31, "Group6": 35, "Group1": 25, "Group0": 41, "Group3": 41, "Group2": 14, "Group9": 8, "Group8": 29, "Group39": 46, "Group98": 19, "Group38": 21, "Group68": 21, "Group25": 20, "Group26": 28, "Group27": 8, "Group20": 20, "Group21": 25, "Group22": 19, "Group23": 54, "Group60": 13, "Group61": 14, "Group62": 37, "Group63": 10, "Group64": 25, "Group65": 49, "Group66": 23, "Group67": 46, "Group24": 52, "Group69": 12, "Group55": 21, "Group54": 26, "Group57": 13, "Group56": 66, "Group51": 17, "Group50": 43, "Group53": 22, "Group52": 21, "Group91": 19, "Group90": 7, "Group93": 14, "Group92": 14, "Group59": 52, "Group58": 28, "Group97": 30, "Group96": 10, "Group11": 45, "Group10": 64, "Group13": 19, "Group12": 19, "Group15": 10, "Group14": 26, "Group17": 21, "Group16": 47, "Group19": 6, "Group18": 20}, "Params": {"Number K": "100"}, "calinski_harabaz_score": 91.692270647765611, "algorithm": "K Means", "responseExec": "OK"}