Component,Variance
PCA 1,92.46154014541217
PCA 2,5.306610081241631
PCA 3,1.7102597250091511
PCA 4,0.5212142176527569
PCA 5,0.00037583068445626804
PCA 6,2.75151883211823e-31
