{"errorExec": {"Process": "OK"}, "Performance": {"spearman": {"spearmanr": 0.95017561093525305, "pvalue": 8.8032396023488508e-44}, "pearson": {"pvalue": 1.5909604975818137e-96, "pearsonr": 0.99739004813227217}, "kendalltau": {"kendalltau": 0.88419043032982092, "pvalue": 4.4852881616738511e-33}, "r_score": 0.9935465575141228, "predict_values": [15.409967272727272, 15.409967272727272, 15.409967272727272, 15.409967272727272, 15.409967272727272, 15.409967272727272, 15.409967272727272, 15.409967272727272, 15.409967272727272, 15.409967272727272, 15.409967272727272, 15.409967272727272, 15.409967272727272, 15.409967272727272, 15.409967272727272, 15.409967272727272, 15.409967272727272, 15.409967272727272, 15.409967272727272, 15.409967272727272, 15.409967272727272, 15.409967272727272, 15.409967272727272, 15.409967272727272, 15.409967272727272, 15.409967272727272, 15.409967272727272, 15.409967272727272, 15.409967272727272, 15.409967272727272, 15.409967272727272, 15.409967272727272, 15.409967272727272, 15.409967272727272, 15.409967272727272, 15.409967272727272, 15.409967272727272, 15.409967272727272, 15.409967272727272, 18.702369375, 18.702369375, 18.702369375, 18.702369375, 22.664450624999997, 22.664450624999997, 27.076295, 43.31935000000001, 43.31935000000001, 43.31935000000001, 55.0084375, 55.0084375, 55.0084375, 55.0084375, 55.0084375, 64.41975000000001, 64.41975000000001, 64.41975000000001, 68.06988888888888, 68.06988888888888, 96.03616666666669, 96.03616666666669, 96.03616666666669, 96.03616666666669, 96.03616666666669, 109.04677777777778, 111.19188235294118, 111.19188235294118, 142.39249999999998, 142.39249999999998, 170.5325, 174.66857142857143, 174.66857142857143, 200.9425, 223.282, 223.282, 244.83333333333334, 288.97733333333326, 321.68, 354.67, 383.21500000000003, 447.32, 466.56, 549.97, 623.02, 652.3933333333333], "real_values": [0.0, 0.34281, 0.69628000000000001, 1.0609, 1.4369999999999998, 1.8251999999999999, 2.226, 2.6400000000000001, 3.0676000000000001, 3.5095999999999998, 3.9666000000000001, 4.4393000000000002, 4.9283000000000001, 5.4344999999999999, 5.9587000000000003, 6.5016999999999996, 7.0644, 7.6478999999999999, 8.2530999999999999, 8.8811, 9.5332000000000008, 10.210000000000001, 10.914000000000001, 11.645999999999999, 12.407, 13.199999999999999, 14.025, 14.885, 15.780999999999999, 16.715999999999998, 17.692, 18.710999999999999, 19.776, 20.890000000000001, 22.055999999999997, 23.276999999999997, 24.556999999999999, 25.899000000000001, 27.306999999999999, 28.786999999999999, 30.341999999999999, 31.978999999999999, 33.701999999999998, 35.518999999999998, 37.435000000000002, 39.459000000000003, 41.598999999999997, 43.863, 46.262, 48.806000000000004, 51.506999999999998, 54.378999999999998, 57.436999999999998, 60.695, 64.173999999999992, 67.891999999999996, 71.873000000000005, 76.141000000000005, 80.725999999999999, 85.657999999999987, 90.974999999999994, 96.717000000000013, 102.93000000000001, 109.67, 116.98999999999999, 124.98, 133.69, 143.24000000000001, 153.72, 165.27000000000001, 178.03999999999999, 192.19999999999999, 207.96000000000001, 225.56999999999999, 245.34, 267.63, 292.88999999999999, 321.68000000000001, 354.67000000000002, 392.73000000000002, 436.95999999999998, 488.75999999999999, 549.97000000000003, 623.01999999999998, 711.13999999999999]}, "Params": {"n_estimators": "10", "loss": "linear"}, "algorithm": "AdaBoostRegressor"}