Component,Variance
PCA 1,64.09942649732508
PCA 2,15.493837213035544
PCA 3,12.434500542748346
PCA 4,7.699197123716083
