{"errorExec": {"Process": "OK"}, "Performance": {"spearman": {"spearmanr": 0.72851294657649912, "pvalue": 1.0780865047304418e-68}, "pearson": {"pvalue": 1.0192608654061673e-76, "pearsonr": 0.7559628392707689}, "kendalltau": {"kendalltau": 0.60431446817130163, "pvalue": 2.8968387451565852e-74}, "r_score": 0.56314469385117383, "predict_values": [0.056071499999999996, 0.015479, 0.049453874999999994, 0.0690355, 0.748, 0.02517, 0.083895, 0.022968000000000002, 0.0560065, 0.280529, 0.010103000000000001, 0.3535805, 0.045556, 0.0257475, 0.0833952, 0.49829999999999997, 0.21224200000000001, 0.014676, 0.56381, 0.024531499999999998, 0.372235, 0.041520999999999995, 0.06450133333333333, 0.899285, 0.05579, 0.42946500000000004, 0.132795, 0.30419850000000004, 0.0353645, 0.15863, 0.5930740000000001, 0.40648, 0.78309, 0.0261005, 0.09473575000000001, 0.1064827, 0.025599999999999998, 0.021619, 0.011362, 0.016744, 0.019624000000000003, 0.96595, 0.043048, 0.11450999999999999, 0.20652199999999998, 0.086351, 0.392381, 0.0419145, 0.11864000000000001, 0.0939535, 0.534638, 0.174845, 0.019636, 0.5722175, 0.349985, 0.032882, 0.0069904, 0.0287725, 0.38483, 1.2213, 0.028845499999999996, 0.0731155, 0.038681, 0.025391, 0.399856, 0.282432, 0.0403178, 0.196235, 0.0210145, 0.031123, 0.11149, 0.15863, 0.034533, 0.0241035, 0.03065, 0.4171755, 0.015237500000000001, 0.14155, 0.027194, 0.033376750000000004, 0.6083635, 0.13204000000000002, 0.01132315, 0.033131, 0.012925, 0.147605, 0.0499405, 0.040399000000000004, 0.028733500000000002, 0.6848655, 0.0639855, 0.020031, 0.2255335, 0.023758166666666664, 0.6053649999999999, 0.0318385, 0.021378, 0.056273500000000004, 0.24603000000000003, 0.019422000000000002, 0.49847800000000003, 0.016655499999999997, 0.035917000000000004, 0.021552, 0.098901, 0.403992, 0.03887, 0.10972, 0.18414, 0.29035500000000003, 1.9919, 0.02872, 0.06441250000000001, 0.1338755, 0.032347, 0.037537, 0.11921100000000001, 0.08226649999999999, 0.3537455, 1.3218, 0.79067, 0.416852, 0.09772549999999999, 0.070289, 0.031270000000000006, 0.042977999999999995, 0.0254325, 0.17540050000000001, 0.053411, 0.058365999999999994, 0.0470355, 0.1490655, 0.5435675, 0.032664649999999996, 0.13870666666666667, 0.07821787499999999, 0.024016333333333334, 0.0328885, 0.3794095, 0.27865999999999996, 0.06408849999999999, 0.02530615, 0.27492, 0.1601, 0.0240065, 0.8833799999999999, 0.0203645, 0.0097546, 0.034402999999999996, 0.12752, 1.0306, 0.012364666666666666, 0.22890999999999997, 0.072941, 1.0378, 0.023761666666666664, 0.01996175, 0.078801, 1.1901, 0.98054, 0.1059175, 0.599495, 0.035504499999999994, 0.062390999999999995, 0.250569, 0.43832000000000004, 0.5261100000000001, 0.06085399999999999, 0.040720875, 0.10609, 0.029349, 0.857055, 1.3466, 0.045339000000000004, 0.034175725000000004, 0.074035, 0.018917, 0.018945999999999998, 0.040361, 0.610543, 1.0941, 0.3392645, 0.0359615, 0.022437000000000002, 0.014038224999999998, 0.035511875, 0.34813, 0.032932499999999996, 0.022135, 0.0110942, 0.036206, 1.0824500000000001, 0.31021, 0.02833165, 0.241284, 0.13558175, 0.28060199999999996, 0.028387999999999997, 0.537527, 0.3447941666666667, 0.44672, 0.092968, 0.06707965, 0.014038224999999998, 0.309307, 0.035550374999999995, 0.7448085, 0.16493, 0.033785, 0.038214, 0.016408000000000002, 0.099701, 0.030838, 0.019266166666666668, 0.028045999999999998, 0.34876999999999997, 0.2017335, 0.450023, 0.029206999999999997, 0.086274, 0.066625, 0.49140300000000003, 0.06006, 0.015538225, 0.7479750000000001, 0.023439500000000002, 0.019297333333333333, 0.03686475, 0.055377, 0.0386455, 0.011650375, 0.084914, 0.021867200000000003, 1.0052, 1.2368, 0.011646, 0.88431, 0.0383145, 0.244117, 0.01704025, 0.268969, 0.6289785, 0.021588833333333335, 0.0252475, 0.3399205, 0.22820215, 0.76284, 0.073054, 0.055718000000000004, 0.052234, 0.07352149999999999, 0.059984, 0.69611, 0.537527, 0.287005, 0.026703, 0.352535, 0.072161, 1.064, 0.032699, 0.06164, 0.042838, 0.056179, 0.046748000000000005, 0.1527, 0.029881, 0.0375245, 0.0072483999999999995, 0.049353, 0.059313500000000005, 0.2255335, 0.0412025, 0.11675999999999999, 0.7479750000000001, 0.2292413333333333, 0.013265500000000001, 0.2826481, 0.062595, 0.032347, 0.036678249999999996, 0.026088999999999998, 0.8589800000000001, 0.091097875, 0.001391, 0.1390946666666667, 0.014061500000000001, 0.0716425, 0.053779375, 0.037582, 0.269545, 0.06842, 0.5184735, 0.0896902, 0.1872855, 0.019514, 0.016919999999999998, 0.021255333333333334, 0.017300749999999997, 0.062926, 0.048035, 0.023551, 0.051135, 0.019218, 0.025616, 0.0438305, 0.0653615, 0.034944, 1.006346, 0.013105466666666666, 0.0412745, 0.025855, 0.7286699999999999, 0.0993455, 0.38006075, 0.15554, 0.0453555, 0.024006800000000002, 1.1208, 0.2183325, 0.56072665, 0.35763, 0.050612, 0.040118, 0.01767275, 0.92581, 0.024443, 0.0081402, 0.023761666666666664, 0.015944600000000003, 0.018739, 0.030438999999999997, 0.070881, 0.12462000000000001, 0.0172255, 0.0710705, 0.363946, 0.246097, 0.0208797, 0.16194, 0.134442, 0.17006, 0.025964, 0.039152, 0.55372, 0.48129075, 0.0860535, 0.59257, 0.017722250000000002, 0.127754, 0.10023199999999999, 0.02199, 0.98531, 0.345435, 0.3759375, 0.12226400000000001, 0.0261635, 0.0014862, 0.60514, 0.72344, 0.022135, 0.06412649999999999, 0.329235, 0.0231745, 0.025150333333333337, 0.3866815, 0.0491435, 0.84509, 0.5408725, 0.10198, 0.017901, 0.03474, 0.096092, 0.2579325, 0.0165555, 0.90961, 0.293462, 0.17032, 0.4, 0.059909000000000004, 0.087697, 0.033932, 0.022826, 0.5313701, 0.016622, 0.0374235, 0.085436, 0.034575, 0.01972875, 0.06436883333333333, 0.0541485, 0.27864, 0.232536, 0.021934, 0.14806, 0.0090963, 1.163875, 0.022869999999999998, 0.035917000000000004, 0.030060999999999997, 0.13870666666666667, 0.0188005, 0.2377935, 0.23786, 0.2513605, 0.07526200000000001, 0.153531, 0.016835, 0.08877950000000001],