{"errorExec": {"Process": "OK"}, "Performance": {"spearman": {"spearmanr": 0.9979048155548249, "pvalue": 2.0505449890534514e-237}, "pearson": {"pvalue": 1.431533427089748e-245, "pearsonr": 0.9982671516434924}, "kendalltau": {"kendalltau": 0.967404714247996, "pvalue": 5.286767472420321e-92}, "r_score": 0.9959808973165148, "predict_values": [80.39865875000021, 15.898131357142868, 20.496479999999934, 27.548140000000053, 26.877835, 66.10998249999983, 13.839379999999979, 105.50948000000021, 15.002265000000033, 32.02025283333341, 35.07755999999998, 16.41255499999997, 17.86039000000002, 17.857465, 26.25046000000008, 45.181360000000005, 34.263894999999955, 16.675905000000025, 41.185674999999975, 33.531577000000105, 14.554019999999959, 110.48350499999994, 26.10926000000006, 24.897474999999996, 54.38838000000009, 39.67621626190463, 15.011589999999986, 21.17555499999994, 20.76813499999993, 17.891200000000033, 16.553154999999943, 72.1040250000001, 27.647874999999935, 22.146314999999955, 25.835637916666666, 88.29470457142847, 84.00952000000015, 67.79531675000005, 13.946159999999985, 47.8819233333333, 15.898131357142868, 86.11100500000002, 24.139115000000018, 17.42344999999997, 15.924954999999956, 12.735424999999964, 13.956795750000028, 18.854112535714293, 31.874759166666735, 26.37291499999991, 48.976579999999984, 73.58168999999988, 11.891660000000002, 14.817285000000032, 42.95653000000006, 23.11917500000002, 29.04687333333339, 29.233050000000006, 89.22225999999996, 31.02233000000001, 14.303508857142821, 48.824355000000004, 15.313429999999984, 27.82811000000007, 21.38513499999993, 16.712324999999968, 15.151300000000054, 18.854112535714293, 42.6920641666666, 25.11470999999996, 18.81061999999993, 16.58242499999996, 19.422995000000025, 19.100969999999972, 21.241734999999938, 22.340125000000008, 33.324979999999904, 17.529850000000053, 93.06613857142877, 38.001604833333374, 16.653902499999937, 21.778370000000038, 12.73361999999998, 22.75764333333329, 87.40519499999978, 18.33568999999997, 20.07034738095239, 14.23291999999997, 27.19874166666662, 24.69496499999997, 39.67621626190463, 33.25895666666671, 19.109725000000022, 151.45865000000035, 16.975830000000006, 26.601150000000015, 28.187843999999973, 38.98343000000011, 33.48229499999993, 67.79531675000005, 31.008323000000008, 20.917719999999978, 74.75596500000023, 26.64974000000006, 122.46101999999985, 28.36268000000002, 24.182724583333293, 65.82645500000015, 46.88635999999999, 23.103216583333403, 15.965604999999952, 20.679725000000026, 64.94857083333353, 15.648184999999996, 103.98704000000005, 17.135500000000047, 40.828180416666704, 31.83624999999995, 18.913404999999926, 24.899380416666745, 12.584434999999974, 20.07034738095239, 21.36548500000002, 33.779327166666604, 23.341783749999944, 133.78020000000024, 16.27554499999997, 12.181460000000023, 24.24793999999999, 17.194928750000045, 69.46921982142868, 29.214064999999938, 21.452232000000066, 48.42467000000006, 18.244311250000024, 22.817039166666643, 32.15387000000008, 22.80569000000001, 15.648184999999996, 88.29470457142847, 33.779327166666604, 20.407639999999976, 16.82159749999998, 103.70346791666672, 54.792326250000016, 24.42931500000001, 125.58408499999979, 42.26090500000003, 17.90825999999998, 17.720760000000006, 99.85699708333347, 27.566835750000095, 33.51721666666668, 26.35449612878791, 62.81962500000017, 23.949845000000046, 11.333844999999988, 83.20963023809502, 23.99040499999998, 22.001594999999988, 78.47811499999993, 15.299744999999971, 63.24202999999999, 35.330199166666624, 17.03638499999997, 31.214834166666723, 22.52685678571433, 17.486367500000007, 57.37152500000015, 57.55127499999985, 16.321399999999972, 32.50332499999995, 32.735054000000005, 18.480110000000032, 26.35449612878791, 14.340405000000025, 37.826302999999896, 13.772944999999963, 12.226704999999988, 18.28015499999998, 14.790492499999973, 58.805070999999835, 23.545245, 18.25545000000001, 124.61083999999977, 107.20287499999976, 26.173074999999926, 29.24525233333334, 19.14842499999995, 19.54368000000005, 56.55663500000004, 16.48518999999999, 16.636045000000024, 79.97017500000014, 22.97928000000004, 26.488649999999996, 24.86063833333335, 17.682645000000033, 18.54707500000005, 18.76552666666671], "real_values": [77.6, 16.602999999999998, 20.093, 28.255, 27.116, 65.22800000000001, 13.542, 110.11, 14.55, 31.225, 34.486, 16.08, 18.096, 17.759, 26.51, 45.255, 34.705, 15.892999999999999, 39.178000000000004, 34.336999999999996, 14.932, 115.78, 26.241999999999997, 25.315, 53.26, 40.833, 14.669, 21.537, 20.479, 18.012, 16.965999999999998, 69.753, 27.419, 22.186999999999998, 26.449, 92.84700000000001, 85.679, 68.267, 10.972999999999999, 48.923, 15.034, 85.866, 24.775, 17.497, 15.537, 12.269, 13.568, 19.535, 31.951999999999998, 26.95, 52.503, 68.365, 12.001, 15.295, 42.001000000000005, 22.886, 28.8, 31.572, 93.363, 31.594, 13.533, 45.354, 14.892000000000001, 28.435, 21.711, 17.011, 14.475999999999999, 18.532, 44.034, 25.574, 18.633, 16.843, 19.918, 19.658, 20.959, 21.985, 34.373000000000005, 17.76, 93.25299999999999, 37.207, 17.173, 22.215, 12.293, 22.33, 87.094, 18.387999999999998, 19.414, 13.944, 28.163, 24.691, 39.172, 35.109, 19.014, 161.11, 17.043, 24.854, 27.945999999999998, 34.974000000000004, 33.718, 68.27, 29.393, 20.363, 73.263, 26.573, 120.32, 29.771, 24.741, 65.218, 43.122, 22.193, 16.084, 20.273, 63.986000000000004, 15.984000000000002, 109.37, 17.255, 41.782, 31.017, 18.903, 25.443, 12.792, 19.689, 22.224, 33.324, 23.254, 139.95, 16.131, 11.353, 25.006, 17.226, 69.367, 26.36, 21.000999999999998, 45.828, 16.744, 22.814, 32.684, 22.734, 14.934000000000001, 86.434, 33.656, 20.426, 16.741, 106.97, 55.661, 25.75, 128.85, 45.122, 17.935, 17.826, 100.18, 27.904, 33.844, 27.359, 63.001999999999995, 24.462, 10.704, 83.73700000000001, 22.927, 22.328000000000003, 78.348, 14.616, 63.926, 31.633000000000003, 16.667, 32.765, 21.755, 17.643, 54.367, 53.605, 16.695999999999998, 33.208, 34.683, 18.063, 25.69, 14.370999999999999, 40.275, 13.624, 11.831, 17.982, 14.964, 60.016000000000005, 23.055, 18.172, 133.35, 103.46, 26.642, 29.241, 19.590999999999998, 20.012, 60.545, 15.287, 16.05, 77.39699999999999, 22.898000000000003, 26.651999999999997, 23.56, 17.59, 18.034000000000002, 18.500999999999998]}, "Params": {"n_estimators": "200", "min_samples_split": "2", "bootstrap": "True", "criterion": "mse", "min_samples_leaf": "1"}, "algorithm": "RandomForestRegressor"}