{"errorExec": {"Process": "OK"}, "Performance": {"spearman": {"spearmanr": 0.36412768869954998, "pvalue": 3.0839878260538733e-14}, "pearson": {"pvalue": 0.016701556821697133, "pearsonr": 0.11842779689044322}, "kendalltau": {"kendalltau": 0.24957092013243642, "pvalue": 5.1004040040913541e-14}, "r_score": -0.035905865580091678, "predict_values": [0.053757252345630765, 0.03496060971052005, 0.0592174518947136, 0.052995008802731655, 0.07312115310354704, 0.042420730739799115, 0.056149942018644636, 0.04744067856966348, 0.05967801462860377, 0.04080059833690618, 0.02549275991429599, 0.061116005741758, 0.05646235507908258, 0.05430467727848186, 0.02453177829743179, 0.04896147245639747, 0.06550575561293336, 0.04705314079265942, 0.03718685563638445, 0.037906537001186166, 0.02905458128203907, 0.03113095066710868, 0.033879544303925355, 0.015700466314331515, 0.0430759680527739, 0.059510523879507046, 0.06142880797360083, 0.04343899913548942, 0.03869697624438005, 0.07762730128234573, 0.04437909362690283, 0.053844291183554036, 0.04684733895439884, 0.06358399991453188, 0.04407037298149118, 0.021291592807133317, 0.04261910653088151, 0.04478035729700179, 0.050236304368459814, 0.036583144862800884, 0.031119953116017438, 0.05127571583068412, 0.047080871865856175, 0.04298821501425219, 0.03379320195988132, 0.07936007973651214, 0.05513880955215687, 0.026816074145399535, 0.07013236303297675, 0.057529415495710765, 0.03811468162947783, 0.04453889778801366, 0.03499235913147723, 0.0550971076895934, 0.053112863355510784, 0.08589483691237519, 0.0360716911455453, 0.049325001418346934, 0.06506448312535505, 0.025720801042061966, 0.051264588582638146, 0.044626856676980395, 0.04327143822899858, 0.030880531165309852, 0.04695895976658303, 0.05263957740656343, 0.05991586890364063, 0.061315984018299616, 0.04591267918163998, 0.04765294913461658, 0.05105156517529662, 0.08219104512356389, 0.048107017525609294, 0.03626264061775007, 0.041812878902258474, 0.07182217913691723, 0.010704962715413421, 0.02902379966474876, 0.04557756242772125, 0.0364467219566441, 0.06777277419939341, 0.05194545786235304, 0.045765935300198776, 0.05363797935860813, 0.020956556720312144, 0.04134185927875732, 0.07676223243933965, 0.041135973827274505, 0.044961823151567146, 0.03884392820324177, 0.0639266154520428, 0.03362761463547724, 0.0653829709603002, 0.04546632063913923, 0.05029558586125525, 0.029254841407804974, 0.04240878427754623, 0.037403737319213856, 0.06337783088049852, 0.058050871630258113, 0.07163923401985038, 0.03099450319222906, 0.03506049348420036, 0.06900085287759637, 0.08088076785050323, 0.058362594024141554, 0.0313362563559829, 0.0468645237480083, 0.0505101280258453, 0.033911702344130865, 0.05264849784676738, 0.034675193086993614, 0.044763494234795184, 0.06073405391637497, 0.04978307410123016, 0.025159665657614613, 0.050019795912860196, 0.037372249757003914, 0.03429214403055246, 0.027449440736092887, 0.06907488778200742, 0.05519519767010482, 0.03830593024666061, 0.06289894453360566, 0.0257223014978971, 0.05824138748106565, 0.039332804317926504, 0.041725503881902645, 0.04110176828954058, 0.05273422037244567, 0.05458784256015213, 0.06046344877684372, 0.041651266421602315, 0.036544722357442314, 0.05821596088050639, 0.05806731115920592, 0.03764788476414736, 0.01649802854750347, 0.06908004798730925, 0.04815724965298117, 0.04728691202120848, 0.04484260175909936, 0.0906575950368843, 0.04418847040283201, 0.04761876661175689, 0.04284359873290576, 0.018365212380918913, 0.05809534875220544, 0.041735306981539474, 0.05692572628068225, 0.0667800904967427, 0.031524366499105935, 0.06802698607803391, 0.04029543601644768, 0.04085618279598145, 0.04015271117802886, 0.03576223186748449, 0.061665818641381084, 0.072901815639393, 0.03708509561906757, 0.05852048050330204, 0.06545708582781383, 0.02549065351845435, 0.03129472553892497, 0.04645242613078947, 0.04962294484426176, 0.04380910778339585, 0.037997767192039164, 0.04047694631791353, 0.05943238846995168, 0.04190033531586333, 0.06881922611995205, 0.0397190073282898, 0.04551214246175138, 0.030562986362253727, 0.06233833023528411, 0.03977857023325458, 0.03512240963274714, 0.06177719653408052, 0.06934162581478641, 0.052528533295833166, 0.05571995256076233, 0.04973389367927371, 0.023415370965595303, 0.02769621015403277, 0.047472425516344105, 0.03369100350240771, 0.06919089445197733, 0.0509282260720708, 0.04040108072080471, 0.04308252385059928, 0.05984399089868918, 0.08366484308235776, 0.04569169352569834, 0.05430183340207305, 0.04454223433677228, 0.04328891884104456, 0.0468918421961395, 0.05555299391559042, 0.03758282020627489, 0.049763976162770715, 0.04617145999574933, 0.030849600098077787, 0.028633885996434003, 0.0495793061847105, 0.04454739829619668, 0.032886433238127, 0.031238954813360906, 0.04249665290668313, 0.03949155412609849, 0.04190744697700664, 0.052258426119841314, 0.06297389864713453, 0.020586444563479897, 0.05086146437868931, 0.07714142991965499, 0.05421856360271081, 0.059491789389897284, 0.028083006981276512, 0.04259822967400727, 0.04601574185133182, 0.051915480174838144, 0.05423235643238876, 0.03514978377383303, 0.026331337393442053, 0.042111182478140816, 0.02920630420753699, 0.045573601831510255, 0.05379551798418879, 0.044912109371009076, 0.03555547863694207, 0.05697574859344266, 0.03819518542046328, 0.08720401914086982, 0.04295074305962952, 0.05021318300571874, 0.06465810287472738, 0.05144451797793968, 0.03970967044285799, 0.027428644931036014, 0.049310518393585454, 0.0449053260265163, 0.05344824435149763, 0.04174773757533333, 0.04631839092060262, 0.06027258302623405, 0.06567969668074324, 0.05578019882830253, 0.050672993661387764, 0.08840095537405555, 0.05693347638996325, 0.03666866750242724, 0.06231299189661964, 0.06319493400355279, 0.052332509346628794, 0.04057863952543471, 0.04385158839110158, 0.0843187391844905, 0.053406211613990937, 0.07830001444210576, 0.04213418009337487, 0.03501073703562306, 0.043856564822004715, 0.033444458612420055, 0.04913760500983742, 0.05825776072459575, 0.03885172595245244, 0.03484833382720119, 0.07785696535233887, 0.0487408211970599, 0.07062046122540243, 0.06518617623000232, 0.057784206417038506, 0.030809216846425555, 0.031580199761880964, 0.0337932634936292, 0.03765212188938914, 0.07750512987627466, 0.055910429900326894, 0.05842591972765686, 0.04578388667101761, 0.03424040858135123, 0.037388938385427437, 0.03448407890575721, 0.04072912530359195, 0.03361621868640162, 0.04693494913958328, 0.049875348589738175, 0.03809687905413227, 0.0764880328855355, 0.05820257154193985, 0.05474485778882386, 0.04404757059429397, 0.05123969016159301, 0.045900755611117935, 0.040647318398346885, 0.04345465416781634, 0.02741223191259999, 0.04501025063495333, 0.03915910532119936, 0.04163603287641991, 0.06418835629413965, 0.033917688582691605, 0.04757657320403451, 0.04665113849740164, 0.05787869923531762, 0.04593366377764317, 0.05143759860492257, 0.029974933179742633, 0.03394638483653166, 0.034679446147033874, 0.033269288910140346, 0.07196732672531402, 0.05339082897975854, 0.06286421845895428, 0.05914417482484123, 0.03556668126774319, 0.02853649725755912, 0.04539901416972279, 0.043100466466679074, 0.04576558004445673, 0.0359681750789561, 0.057476442813986325, 0.03403988471763984, 0.050067311175723814, 0.041612873377773515, 0.04738060666492959, 0.03955569397610979, 0.04883783062243206, 0.0487723012987432, 0.037384974016609215, 0.0726313319430356, 0.02073476265724193, 0.041079006535201454, 0.07849145316567295, 0.042754541883325045, 0.040597828126648236, 0.07344598408558232, 0.06144609468707217, 0.04368324079362827, 0.03680896956745726, 0.04366770374562211, 0.03998865010695783, 0.04558434543410149, 0.046803868034501414, 0.040931013242188605, 0.05789372479097431, 0.028921502208824376, 0.0438693023742389, 0.04234370072266978, 0.04192225006847948, 0.06569587765057548, 0.0468269620144036, 0.040958816018407326, 0.03891339066635778, 0.037774031800919525, 0.04758432820801427, 0.05516503243683889, 0.04949169651373041, 0.049807911728232054, 0.05717034154483357, 