{"errorExec": {"Process": "OK"}, "Performance": {"spearman": {"spearmanr": 0.76343119517396663, "pvalue": 4.3453833113592091e-79}, "pearson": {"pvalue": 2.7226492829826594e-87, "pearsonr": 0.78729592879133981}, "kendalltau": {"kendalltau": 0.61324339921973448, "pvalue": 2.0273728073699084e-76}, "r_score": 0.61113149960306412, "predict_values": [0.267875, 1.0873, 0.8162280000000001, 0.5610565, 1.4823499999999998, 0.0323935, 0.07288, 0.411838, 0.7407100000000001, 0.75382, 1.14618, 0.19255999999999998, 0.083567, 0.8577, 0.2441328215, 0.9343100000000001, 0.28691500000000003, 0.007172800000000001, 1.007885, 0.038138, 0.13819, 0.016522, 1.2990000000000002, 0.16396, 0.25051, 0.29219364999999997, 0.2144, 0.29334499999999997, 0.19505999999999998, 0.41326999999999997, 0.7469399999999999, 0.0135723, 0.549074, 1.2707, 0.035865, 0.02843011, 0.508085, 1.60045, 1.6234, 0.0072714, 0.37442, 0.66469, 1.3800499999999998, 0.8291425, 1.7404, 1.44255, 0.914115, 0.388605, 0.041982500000000006, 0.21391749999999998, 0.71329, 0.73604, 1.3295, 0.22534783333333336, 0.025997, 1.6117, 0.32374, 0.205747, 0.491189, 1.5735000000000001, 0.613801, 0.29219364999999997, 0.089341, 1.4171, 0.043515, 0.5807435, 0.0612355, 0.082764, 0.23962100000000003, 0.37496, 0.17934, 1.629, 1.2862, 0.327826, 0.60246, 1.0829199999999999, 1.22055, 0.2629, 1.7447, 0.0312815, 1.5350000000000001, 1.7485, 1.29328, 0.48316306549999993, 0.087018, 0.388605, 0.3408, 1.5485, 0.0147542, 0.624315, 0.5383899999999999, 1.0036, 0.092026, 1.4166, 1.7013, 0.529615, 0.9594050000000001, 1.05478, 0.8094745, 0.11068, 0.0298955, 1.3393, 1.0889, 0.5388434999999999, 0.232369, 0.11872, 0.027346, 0.0241345, 0.05387599999999999, 0.52542, 0.3449705, 1.10583, 0.629501, 0.669725, 0.5522705, 1.02462, 0.52433, 0.5641750000000001, 1.1732, 1.3984, 0.19815499999999997, 0.9869100000000001, 0.023025, 0.267795, 1.5546, 0.8577, 1.3663, 0.874795, 0.47419516999999994, 0.015541999999999999, 0.53075, 0.530355, 0.310075, 0.00126217, 0.77369, 0.8285199999999999, 0.0256418, 0.9658100000000001, 0.0143475, 0.89387, 1.4102, 1.3045499999999999, 1.65215, 0.8593199999999999, 0.6506675000000001, 0.029531, 1.54105, 0.38698999999999995, 0.3214695, 0.43128799999999995, 0.6191575, 0.3534755, 1.5539, 0.5364593, 0.419945, 1.5631, 0.9897400000000001, 0.16635, 0.882928, 0.06473200000000001, 1.0814499999999998, 0.4683625, 1.0408, 0.021572, 1.0647, 0.359919, 0.022677000000000003, 1.25285, 0.7039099999999999, 0.33326449999999996, 0.6573154999999999, 0.0920485, 1.108335, 0.28121999999999997, 0.28404, 0.79633, 0.767591, 0.076834, 0.66194, 1.2008550000000002, 0.10119, 0.7579211499999999, 1.07945, 0.8095, 1.5643e-05, 1.4191, 0.47456, 0.043596499999999996, 0.104239, 0.6614850000000001, 0.053979, 0.8119449999999999, 0.1177175, 0.5950395, 0.4155525, 0.064927, 0.447335, 0.6981315, 0.8966775, 1.7034, 1.7159499999999999, 0.6429625, 0.0199276, 0.35058, 0.6514765, 0.064716, 0.57726, 0.044324, 0.8604542999999999, 0.41591000000000006, 0.23535, 1.33113, 0.079203, 0.8694092999999999, 0.6570543, 0.810705, 0.802, 4.1963000000000005e-05, 0.87486, 0.034933, 0.044937000000000005, 0.0213645, 1.7079, 0.27278, 0.068405, 0.53874, 0.8434200000000001, 0.49124, 1.46365, 0.49843100000000007, 0.6515, 0.341655, 0.0054287, 0.17519, 0.6113, 1.1159999999999999, 1.57365, 0.95337, 0.535142, 0.28968099999999997, 0.36282749999999997, 0.21175, 0.8713385, 0.12021, 0.09626649999999999, 0.8080425, 0.03299133333333333, 0.21906, 0.66371, 0.57685, 0.5335099999999999, 0.78075, 1.127195, 0.03006267, 0.23465, 0.2119615, 0.090992, 0.9064045, 0.15767033333333336, 0.6787110000000001, 1.3058, 0.0619335, 1.321185, 0.9222600000000001, 0.044937000000000005, 1.5219, 0.1242525, 1.2163249999999999, 0.19194, 1.505, 0.042502, 0.44161500000000004, 0.038502, 0.779815, 1.7380000000000002, 0.034099000000000004, 1.199975, 0.24833, 1.444, 0.48825, 0.6287, 1.4031, 1.025385, 0.42344499999999996, 0.6422085, 1.1284399999999999, 0.036932000000000006, 1.54155, 0.114786, 0.14827, 0.0032288000000000004, 0.09514249999999999, 0.8148899999999999, 1.7171, 1.6862, 0.041535, 0.083567, 0.12725999999999998, 0.024607, 1.6995, 1.3218100000000002, 0.126805, 1.6718000000000002, 0.068727, 0.054675999999999995, 0.019746, 1.3364500000000001, 0.09435299999999999, 0.649141, 1.3275000000000001, 1.5267, 0.0954225, 1.109315, 1.6516, 0.084385, 0.8906105000000001, 0.23698850000000002, 0.103125, 0.0404435, 0.021838999999999997, 0.022983, 0.0756265, 0.29554, 0.8736949999999999, 0.920435, 1.5918, 0.07205699999999998, 0.361019, 0.0807925, 0.038117000000000005, 1.0062600000000002, 0.030751, 0.11135, 0.649141, 0.089056, 0.020761, 0.036443, 0.1001645, 0.951665, 0.28996, 0.13832, 0.11542000000000001, 0.25592, 0.031246, 1.33, 0.9914750000000001, 0.734915, 1.087, 1.4184, 0.47022499999999995, 0.04009599999999999, 0.8926715, 0.05354400000000001, 0.530355, 0.043065, 0.67706, 0.44129, 1.4817999999999998, 0.6642028333333333, 0.1198664, 0.4672, 0.92514, 1.2083599999999999, 0.024014999999999998, 1.1441, 0.050355000000000004, 0.5806825, 0.12353, 0.6841895, 0.0021443, 0.10517800000000001, 0.379575, 1.26375, 0.1037245, 0.03241, 0.022206, 1.1396100000000002, 0.39370499999999997, 1.6619, 0.50864, 0.00126217, 0.2978125, 0.050501, 0.072782, 0.9118850000000001, 0.32873, 0.7767029999999999, 0.310075, 0.11489849999999999, 0.82804, 0.8741730000000001, 0.086769, 0.034434, 0.5537528333333334, 1.521, 0.7409899999999999, 0.82205, 1.1408, 0.019017, 0.77369, 1.526, 0.03998549999999999, 0.04315833333333333, 0.056229, 0.5939300000000001, 0.64457, 0.0135723, 0.942375],