{"keys": ["S0", "S50", "S100", "S150"], "outliers": [{"std": 146.43586399330366, "one_media": {"positive": 8, "negative": 0}, "two": {"positive": 6, "negative": 0}, "one": {"positive": 11, "negative": 0}, "three": {"positive": 3, "negative": 0}, "mean": 96.763710705882374}, {"std": 163.27264567399592, "one_media": {"positive": 8, "negative": 0}, "two": {"positive": 6, "negative": 0}, "one": {"positive": 11, "negative": 0}, "three": {"positive": 3, "negative": 0}, "mean": 107.8891574117647}, {"std": 141.15207706832021, "one_media": {"positive": 8, "negative": 0}, "two": {"positive": 6, "negative": 0}, "one": {"positive": 11, "negative": 0}, "three": {"positive": 3, "negative": 0}, "mean": 93.272384941176469}, {"std": 103.71109622137311, "one_media": {"positive": 8, "negative": 0}, "two": {"positive": 6, "negative": 0}, "one": {"positive": 11, "negative": 0}, "three": {"positive": 3, "negative": 0}, "mean": 68.53161399999999}], "data": [[0.0, 0.34281999999999996, 0.69628999999999996, 1.0609, 1.4369999999999998, 1.8251999999999999, 2.226, 2.6400000000000001, 3.0676999999999999, 3.5097, 3.9666999999999999, 4.4393000000000002, 4.9283999999999999, 5.4345999999999997, 5.9588000000000001, 6.5018000000000002, 7.0644999999999998, 7.6479999999999997, 8.2531999999999996, 8.8811999999999998, 9.5333000000000006, 10.211, 10.914000000000001, 11.645999999999999, 12.407999999999999, 13.199999999999999, 14.025, 14.885, 15.780999999999999, 16.715999999999998, 17.692, 18.710999999999999, 19.777000000000001, 20.890999999999998, 22.056999999999999, 23.278000000000002, 24.556999999999999, 25.899000000000001, 27.308000000000003, 28.786999999999999, 30.343000000000004, 31.978999999999999, 33.703000000000003, 35.520000000000003, 37.436, 39.460000000000001, 41.600000000000001, 43.863999999999997, 46.263000000000005, 48.806999999999995, 51.508999999999993, 54.381, 57.438000000000002, 60.696999999999996, 64.176000000000002, 67.893999999999991, 71.875, 76.143999999999991, 80.728000000000009, 85.661000000000001, 90.977999999999994, 96.721000000000004, 102.94, 109.67, 117.0, 124.98, 133.69999999999999, 143.24000000000001, 153.72999999999999, 165.28, 178.05000000000001, 192.21000000000001, 207.97, 225.59, 245.36000000000001, 267.64999999999998, 292.91000000000003, 321.69999999999999, 354.69999999999999, 392.75999999999999, 437.0, 488.81, 550.02999999999997, 623.08000000000004, 711.22000000000003], [0.0, 0.38223000000000001, 0.77634999999999998, 1.1828000000000001, 1.6022000000000001, 2.0350999999999999, 2.4819999999999998, 2.9434999999999998, 3.4203999999999999, 3.9131999999999998, 4.4226999999999999, 4.9497, 5.4950000000000001, 6.0594000000000001, 6.6439000000000004, 7.2492999999999999, 7.8768000000000002, 8.5273000000000003, 9.2020999999999997, 9.9024000000000001, 10.629000000000001, 11.385, 12.169, 12.984999999999999, 13.834000000000001, 14.718, 15.638, 16.596, 17.596, 18.637999999999998, 19.725999999999999, 20.863000000000003, 22.050999999999998, 23.293000000000003, 24.593000000000004, 25.954000000000001, 27.381, 28.876999999999999, 30.448, 32.097000000000001, 33.832000000000001, 35.655999999999999, 37.578000000000003, 39.603000000000002, 41.740000000000002, 43.997, 46.383000000000003, 48.908000000000001, 51.582000000000001, 54.418999999999997, 57.431000000000004, 60.633000000000003, 64.042000000000002, 67.676000000000002, 71.554000000000002, 75.700000000000003, 80.138999999999996, 84.897999999999996, 90.010000000000005, 95.510000000000005, 101.44, 107.84, 114.77, 122.28, 130.44999999999999, 139.34999999999999, 149.06999999999999, 159.71000000000001, 171.41, 184.28999999999999, 198.52000000000001, 214.31, 231.88, 251.52000000000001, 273.56999999999999, 298.42000000000002, 326.58999999999997, 358.69, 395.48000000000002, 437.92000000000002, 487.24000000000001, 545.00999999999999, 613.26999999999998, 694.72000000000003, 793.0], [0.0, 0.33045000000000002, 0.67116999999999993, 1.0226, 1.3852, 1.7594000000000001, 2.1457000000000002, 2.5448, 2.9569999999999999, 3.3831000000000002, 3.8235999999999999, 4.2792000000000003, 4.7506000000000004, 5.2385000000000002, 5.7438000000000002, 6.2671999999999999, 6.8095999999999997, 7.3720999999999997, 7.9554, 8.5608000000000004, 9.1892999999999994, 9.8422000000000001, 10.520999999999999, 11.225999999999999, 11.960000000000001, 12.724, 13.519, 14.347999999999999, 15.212, 16.113, 17.054000000000002, 18.035999999999998, 19.062999999999999, 20.137, 21.260999999999999, 22.438000000000002, 23.670999999999999, 24.965, 26.323, 27.749000000000002, 29.248000000000001, 30.826000000000001, 32.486999999999995, 34.238, 36.085000000000001, 38.036000000000001, 40.099000000000004, 42.281999999999996, 44.593999999999994, 47.046000000000006, 49.649999999999999, 52.418999999999997, 55.366000000000007, 58.506999999999998, 61.859999999999999, 65.444999999999993, 69.281999999999996, 73.396000000000001, 77.816000000000003, 82.570999999999998, 87.695999999999998, 93.231000000000009, 99.221000000000004, 105.72, 112.78, 120.47, 128.87, 138.08000000000001, 148.18000000000001, 159.31999999999999, 171.63, 185.27000000000001, 200.47, 217.44999999999999, 236.5, 257.99000000000001, 282.35000000000002, 310.08999999999997, 341.89999999999998, 378.58999999999997, 421.23000000000002, 471.17000000000002, 530.17999999999995, 600.60000000000002, 685.55999999999995], [0.0, 0.24279999999999999, 0.49313999999999997, 0.75134999999999996, 1.0178, 1.2927, 1.5766, 1.8696999999999999, 2.1726000000000001, 2.4857, 2.8092999999999999, 3.1440999999999999, 3.4904999999999999, 3.8489999999999998, 4.2202000000000002, 4.6048, 5.0034000000000001, 5.4165999999999999, 5.8452000000000002, 6.29, 6.7518000000000002, 7.2314999999999996, 7.7300000000000004, 8.2483000000000004, 8.7874999999999996, 9.3485999999999994, 9.9329999999999998, 10.542, 11.177, 11.839, 12.529999999999999, 13.252000000000001, 14.007, 14.795999999999999, 15.620999999999999, 16.486000000000001, 17.391999999999999, 18.343, 19.340999999999998, 20.387999999999998, 21.489999999999998, 22.649000000000001, 23.870000000000001, 25.155999999999999, 26.513999999999999, 27.946999999999999, 29.463000000000001, 31.065999999999999, 32.765000000000001, 34.567, 36.479999999999997, 38.515000000000001, 40.68, 42.988, 45.451999999999998, 48.085000000000001, 50.905000000000001, 53.928000000000004, 57.174999999999997, 60.668999999999997, 64.433999999999997, 68.501000000000005, 72.903000000000006, 77.676000000000002, 82.863, 88.516000000000005, 94.689999999999998, 101.45, 108.88, 117.06, 126.09999999999999, 136.13, 147.28999999999999, 159.77000000000001, 173.77000000000001, 189.56, 207.44999999999999, 227.84, 251.21000000000001, 278.17000000000002, 309.5, 346.19, 389.55000000000001, 441.29000000000002, 503.70999999999998]], "exec": "OK"}