{"errorExec": {"Process": "OK"}, "Performance": {"spearman": {"spearmanr": 0.97424324093890724, "pvalue": 1.8334329864532331e-55}, "pearson": {"pvalue": 2.8933194789502967e-102, "pearsonr": 0.9981025719901323}, "kendalltau": {"kendalltau": 0.92005358509152957, "pvalue": 1.1351097281899202e-35}, "r_score": 0.99596939938164819, "predict_values": [5.811301818181818, 5.811301818181818, 5.811301818181818, 5.811301818181818, 5.811301818181818, 5.811301818181818, 5.811301818181818, 5.811301818181818, 5.811301818181818, 5.811301818181818, 5.811301818181818, 5.811301818181818, 5.811301818181818, 5.811301818181818, 5.811301818181818, 5.811301818181818, 5.811301818181818, 5.811301818181818, 5.811301818181818, 5.811301818181818, 5.811301818181818, 5.811301818181818, 5.811301818181818, 5.811301818181818, 5.811301818181818, 5.811301818181818, 5.811301818181818, 5.811301818181818, 5.811301818181818, 5.811301818181818, 5.811301818181818, 7.251320000000002, 7.251320000000002, 7.251320000000002, 7.251320000000002, 7.251320000000002, 7.251320000000002, 7.251320000000002, 7.251320000000002, 7.251320000000002, 7.251320000000002, 9.77684675675676, 10.285071923076924, 10.285071923076924, 17.759149999999998, 17.759149999999998, 17.759149999999998, 17.759149999999998, 29.379399999999997, 29.379399999999997, 29.379399999999997, 29.943666666666665, 29.943666666666665, 29.943666666666665, 33.59917647058823, 33.59917647058823, 33.59917647058823, 33.59917647058823, 33.59917647058823, 33.59917647058823, 33.59917647058823, 39.8583, 50.30776923076923, 50.30776923076923, 54.62877777777778, 64.31211111111111, 64.31211111111111, 65.89385714285716, 65.89385714285716, 77.53033333333335, 94.492, 94.492, 103.88600000000001, 104.53933333333335, 115.4, 133.275, 134.3075, 158.4, 181.35399999999998, 183.52999999999997, 211.75307692307695, 233.9855555555556, 261.0728571428572, 305.46, 348.67], "real_values": [0.0, 0.16805999999999999, 0.34134999999999999, 0.52007999999999999, 0.70448999999999995, 0.89480999999999999, 1.0912999999999999, 1.2942, 1.5039, 1.7205999999999999, 1.9446000000000001, 2.1762999999999999, 2.4161000000000001, 2.6642999999999999, 2.9211999999999998, 3.1873999999999998, 3.4632999999999998, 3.7494000000000001, 4.0461, 4.3540000000000001, 4.6736000000000004, 5.0056000000000003, 5.3506999999999998, 5.7095000000000002, 6.0827, 6.4710999999999999, 6.8756000000000004, 7.2971000000000004, 7.7365000000000004, 8.1949000000000005, 8.6734000000000009, 9.1730999999999998, 9.6953999999999994, 10.242000000000001, 10.812999999999999, 11.412000000000001, 12.039000000000001, 12.697000000000001, 13.387, 14.113, 14.875, 15.677999999999999, 16.523, 17.413, 18.352999999999998, 19.344999999999999, 20.394000000000002, 21.504000000000001, 22.68, 23.927, 25.251999999999999, 26.66, 28.159000000000002, 29.756, 31.462, 33.284999999999997, 35.235999999999997, 37.329000000000001, 39.576000000000001, 41.994999999999997, 44.601000000000006, 47.417000000000002, 50.463000000000001, 53.766999999999996, 57.358000000000004, 61.270000000000003, 65.543999999999997, 70.224999999999994, 75.364999999999995, 81.028000000000006, 87.287000000000006, 94.228999999999999, 101.95999999999999, 110.59, 120.28, 131.21000000000001, 143.59999999999999, 157.71000000000001, 173.88999999999999, 192.55000000000001, 214.22999999999999, 239.63, 269.64999999999998, 305.45999999999998, 348.67000000000002]}, "Params": {"n_estimators": "10", "loss": "linear"}, "algorithm": "AdaBoostRegressor"}