{"errorExec": {"Process": "OK"}, "Performance": {"spearman": {"spearmanr": 0.80932640971978531, "pvalue": 7.3053792983406374e-96}, "pearson": {"pvalue": 1.7488514478063813e-97, "pearsonr": 0.81319504560134093}, "kendalltau": {"kendalltau": 0.67205302277768508, "pvalue": 2.1285498920090626e-91}, "r_score": 0.65548605464088394, "predict_values": [91.884, 119.97, 86.7065, 102.07, 50.95, 96.5745, 75.63600000000001, 59.9735, 90.91, 89.471, 75.131, 79.008, 73.06, 85.98199999999999, 112.62, 97.643, 65.217, 84.42299999999999, 42.075, 106.02250000000001, 58.401999999999994, 88.08500000000001, 101.424, 52.047, 87.369, 85.196, 74.9315, 74.8715, 88.0515, 74.888, 39.701, 80.674, 81.84899999999999, 69.9, 94.344, 119.89, 101.02, 119.395, 56.413999999999994, 76.19, 81.761, 86.501, 92.3045, 41.688, 43.6895, 66.1695, 55.942, 107.10249999999999, 76.12899999999999, 45.6475, 93.04700000000001, 106.57, 66.4615, 74.00450000000001, 54.8245, 54.263999999999996, 91.4905, 93.4575, 81.0795, 52.403, 99.299, 75.932, 87.19300000000001, 104.27, 69.2285, 79.316, 69.416, 71.913, 56.3035, 119.98, 49.858000000000004, 58.888999999999996, 97.67750000000001, 91.7885, 103.18, 79.8995, 93.664, 58.040499999999994, 88.78399999999999, 81.969, 103.88, 57.674, 94.76249999999999, 78.869, 96.936, 72.93349999999998, 59.218, 86.42750000000001, 83.73849999999999, 83.7475, 87.94149999999999, 91.6575, 82.15299999999999, 85.234, 64.62100000000001, 90.654, 102.50999999999999, 48.068000000000005, 78.28049999999999, 69.149, 81.969, 82.8835, 90.023, 79.62899999999999, 71.92699999999999, 61.59049999999999, 101.6125, 78.288, 44.077, 48.47, 86.515, 39.424499999999995, 108.52, 70.3135, 119.97, 65.35900000000001, 43.552, 48.023, 72.93349999999998, 101.89, 62.902, 61.641000000000005, 41.89, 90.31, 61.67249999999999, 80.5565, 103.31, 91.20700000000001, 119.89500000000001, 97.6605, 119.9, 70.35300000000001, 75.9075, 56.472, 101.12, 85.92350000000002, 79.934, 54.185500000000005, 84.21350000000001, 64.15799999999999, 98.13649999999998, 83.235, 68.126, 84.353, 97.891, 86.73, 79.556, 83.18, 78.46, 72.191, 68.952, 104.06, 64.844, 96.80199999999999, 66.666, 100.75, 102.94, 78.84, 90.6565, 79.756, 83.316, 82.6725, 87.6425, 85.069, 95.61850000000001, 69.90700000000001, 81.477, 50.414, 119.98, 46.542, 90.7005, 71.6275, 85.4285, 74.805, 41.358999999999995, 69.3615, 91.18799999999999, 76.8415, 50.033, 104.37, 80.11000000000001, 71.162, 93.40299999999999, 88.0055, 116.30000000000001, 93.84700000000001, 92.4075, 80.50399999999999, 89.332, 103.88, 75.57900000000001, 53.68300000000001, 72.6155, 46.983, 37.074, 48.524, 50.353, 80.21050000000001, 103.37, 30.035999999999998, 33.213, 83.4905, 84.83200000000001, 83.094, 86.29050000000001, 82.44900000000001, 52.884, 40.58, 68.452, 80.4385, 85.548, 77.9285, 85.951, 103.88, 87.6125, 74.453, 106.91050000000001, 79.436, 103.855, 94.93, 73.501, 91.21, 72.23649999999999, 106.399, 39.701, 84.7975, 68.86, 68.03450000000001, 48.068000000000005, 76.268, 103.88, 74.63, 62.33, 74.196, 114.41, 91.218, 75.673, 64.446, 56.039, 94.355, 58.155, 48.4765, 59.836999999999996, 55.1265, 83.316, 52.18450000000001, 70.279, 83.87200000000001, 115.96, 119.98, 73.136, 37.516999999999996, 87.21, 56.278, 78.3065, 97.078, 64.615, 91.172, 87.985, 98.782, 85.92, 75.029, 88.4425, 59.017999999999994, 70.9115, 67.79350000000001, 48.467, 63.997, 119.99, 40.618, 91.43449999999999, 61.5465, 85.0535, 44.448, 101.7875, 101.97, 50.302, 74.8295, 47.483000000000004, 58.353, 103.86, 61.415000000000006, 69.4075, 102.73, 81.673, 109.81, 81.76849999999999, 94.96600000000001, 119.99, 76.152, 68.25450000000001, 89.765, 91.277, 103.85, 85.2825, 86.008, 65.5155, 40.15, 92.2175, 77.713, 97.015, 66.571, 103.12, 87.26050000000001, 75.7905, 85.312, 93.788, 97.0895, 97.17200000000001, 46.692, 90.61500000000001, 84.434, 85.329, 76.458, 54.185500000000005, 63.65599999999999, 103.88, 76.873, 52.99100000000001, 57.945, 92.103, 83.316, 51.501000000000005, 83.111, 86.163, 101.5775, 75.9205, 50.94800000000001, 51.091, 90.71000000000001, 90.854, 72.26, 81.55199999999999, 103.72, 75.166, 87.46799999999999, 55.9985, 61.6685, 97.078, 51.9, 64.82, 89.167, 76.6145, 75.962, 97.612, 115.96, 71.5935, 80.648, 43.238, 81.9715, 87.369, 65.0035, 87.378, 72.322, 63.87299999999999, 100.41749999999999, 97.67750000000001, 71.204, 81.172, 67.17200000000001, 71.275, 94.91749999999999, 44.3155, 89.523, 104.87, 100.06, 80.35650000000001, 61.80600000000001, 80.865, 44.191, 74.196, 38.022, 46.879000000000005, 92.0185, 48.948, 88.052, 69.624, 77.0745, 108.97, 81.30199999999999, 119.07, 89.512, 48.376000000000005, 75.367, 31.857, 64.9935, 99.497, 119.92, 110.495, 90.389, 64.7535, 88.0515, 83.8915, 81.172, 61.727500000000006, 50.7615, 88.88149999999999, 73.2645, 76.8, 101.12, 38.775000000000006, 84.3355, 74.196, 94.671, 86.328, 77.17500000000001, 88.265, 56.871],