{"errorExec": {"Process": "OK"}, "Performance": {"spearman": {"spearmanr": 0.76061488195574667, "pvalue": 3.4838592320284087e-78}, "pearson": {"pvalue": 1.8617711945314062e-93, "pearsonr": 0.80341527426273474}, "kendalltau": {"kendalltau": 0.63023302447725993, "pvalue": 1.3173997171860518e-80}, "r_score": 0.637538133996715, "predict_values": [0.125385, 0.688585, 0.0013871913333333334, 0.010905866666666666, 0.053465, 1.16785, 0.5497069808799999, 0.73038, 0.29524, 0.37914000000000003, 0.36466350000000003, 0.019453125, 1.37485, 0.0013629593, 0.28513, 2.0273371428571426e-05, 0.03974, 6.128416818181818e-05, 1.2944, 0.8157599999999999, 0.0262645, 0.28588198088, 0.046131, 0.0455172685, 0.261539, 6.993169e-05, 0.011942866666666666, 1.6245, 0.024218, 0.0046893776425, 0.95449, 0.00020319940333333333, 0.076682, 1.0628, 0.36709, 0.029138999999999998, 0.83765, 0.37803000000000003, 0.1845, 5.0042e-07, 0.37270859999999995, 4.439687142857143e-05, 0.36937386869, 0.0207785, 0.027056, 0.0033672250000000006, 0.24112, 8.943044250000001e-05, 3.654947e-05, 0.26103585600000007, 0.41498999999999997, 0.038232, 1.0224, 0.011967, 0.370288, 0.13146842856666666, 1.3621, 0.5965285, 0.05901327825, 0.6993405, 0.24914999999999998, 0.010368899999999999, 0.1014929, 0.0915442295, 0.6885382782499999, 0.007051652069999999, 0.007051652069999999, 0.0087712, 0.193541, 0.35413834875, 0.37377669999999996, 0.0198908776425, 1.0994, 0.016895, 0.57175, 1.5805, 1.6537e-05, 0.39058000000000004, 0.68862, 0.15428, 0.24625, 0.26982, 0.39994, 3.369895833333334e-05, 0.38405, 0.0113971, 0.009353325000000001, 0.081567, 0.00045856, 0.064446, 0.46377064518333333, 0.44006999999999996, 0.03327, 0.061113, 0.0073988776425, 1.55545, 0.40828949999999997, 0.0259135, 0.078824, 0.265366, 0.001491, 0.72835698088, 0.552825, 0.0074505000000000005, 0.01301125, 0.14422, 1.4409999999999998, 0.28656678, 0.029685000000000003, 0.01725355, 0.00016309216818181818, 0.032119999999999996, 0.56386, 0.0054583999999999995, 0.44491, 0.513375, 0.021143000000000002, 0.050264500000000004, 0.0119306764, 0.1354, 0.549583825, 0.007051652069999999, 0.8132024999999999, 0.53575, 0.37331, 0.00021731369, 0.36466350000000003, 1.59599e-05, 0.00018845933333333333, 0.004583183333333333, 1.2628, 1.1064, 0.483321, 0.18666557187142857, 0.296122825, 1.1593, 0.05763557187142857, 0.062914, 0.023836000000000003, 0.1675815, 0.61761, 8.379600000000001e-05, 0.8022345, 0.5613349999999999, 0.55703, 0.0461695, 0.1743664, 0.94876, 0.1718865, 0.17030225000000002, 0.00487238, 0.07373579133333333, 0.073401, 0.15187, 0.071176, 0.044999547333333334, 0.28108, 0.4866905, 0.045798553775, 0.010581, 0.0046893776425, 0.1356796, 1.6542, 0.13353855000000003, 0.02924, 0.45140500000000006, 0.14691200000000001, 0.0059922, 0.7283630537750001, 0.019427, 0.35861950000000004, 0.014834, 0.69919, 0.015241999999999999, 0.024762, 0.27712, 0.054503499999999996, 0.3925945, 0.4764292, 0.1003, 0.13176816475000003, 0.0498225, 0.06599579133333333, 0.07372057187142857, 0.042379, 3.884510833333334e-05, 0.365695, 0.0032740750000000004, 0.06948, 0.27374, 0.023584, 0.046448, 0.00010274264250000001, 0.0188715, 0.13147557187142858, 0.010164047333333334, 0.05778, 0.26104305377500003, 0.0058243974, 1.9116774999999998e-05, 0.013438, 0.008300616666666667, 2.653979642857143e-05, 0.0526985, 0.060634999999999994, 4.613533333333334e-05, 0.36341, 0.38719000000000003, 0.098945, 0.00084772, 0.19485915207, 0.019513625, 0.15627886666666668, 0.088921, 0.00441475207, 0.00622465, 0.0101166, 5.3909668181818186e-05, 0.23230057187142858, 5.3909668181818186e-05, 0.276117, 0.0072813973999999995, 0.3702615, 1.5298500000000002, 0.91512, 0.7058300000000001, 0.28689000000000003, 0.10956790000000001, 0.62917, 0.5034560699999999, 0.29928, 0.17950249999999998, 3.6613108333333335e-05, 5.087073484848486e-05, 0.0039073, 0.26353000000000004, 0.041223, 0.2457949, 0.9623299999999999, 0.0908755, 0.014683412, 0.020541999999999998, 0.01030927825, 2.9871327500000002e-05, 0.01945, 0.54057, 0.011201000000000001, 0.174195, 0.39647999999999994, 1.6482341666666668e-05, 0.0842817, 0.033673999999999996, 3.68455675e-05, 0.051386, 0.37122900000000003, 0.053514000000000006, 0.0027709709999999997, 0.015179, 0.28073000000000004, 0.0760285, 0.027348, 0.2397195, 0.29054450000000004, 0.1498849, 0.011314, 0.049121, 0.158636, 0.43061499999999997, 1.6482341666666668e-05, 0.3870861, 0.13286375, 0.131435325, 0.012540550000000001, 0.91512, 0.1333145, 0.027207, 0.26391327825000005, 0.03227, 0.02797, 0.8419000000000001, 0.24914999999999998, 0.025981, 0.87064, 4.545465e-05, 0.44565915207, 0.08099579133333333, 0.9343100000000001, 3.884510833333334e-05, 0.8845050000000001, 0.014651999999999998, 0.3706714, 0.14088968333333332, 0.021901, 0.128285, 1.04128, 0.0354285, 0.18957677850000001, 0.038342, 0.016296543, 0.014379, 1.0066, 0.09243200000000001, 0.073023, 0.25673500000000005, 0.019397, 0.0025192473999999998, 0.055847499999999994, 0.0417625, 0.514305, 0.3771998254425, 0.35641999999999996, 0.01029, 0.08010827825, 0.35413834875, 0.026774397999999998, 0.20345842856666665, 0.2482, 0.8136999999999999, 0.187141, 0.67081, 0.0019984, 0.012114856, 0.0210375, 0.5074514999999999, 0.6440049999999999, 0.4959, 0.158678, 0.16300928, 0.321668, 0.52485, 0.41700000000000004, 3.654947e-05, 0.00010794, 0.2154, 0.009353325000000001, 0.039593, 0.196495, 0.009058625, 0.004252735356666666, 0.6417999999999999, 0.008933400000000001, 0.005304912, 1.3621, 0.225256, 0.586415, 0.0037860999999999997, 0.014044999999999998, 0.5838, 0.763325, 0.0179692, 1.8343e-05, 0.3496974421681818, 0.6993, 0.36759, 0.5100169999999999, 0.1307065, 0.67081, 0.053339, 0.1757755, 0.37765, 0.017863999999999998, 0.0663485, 0.2322915593, 0.023953, 0.26293, 0.075362, 0.072264, 0.16280915207000002, 0.13438, 0.46458, 0.0024406999999999996, 0.45826350000000005, 0.0001307909181818182, 0.035584, 0.2120605, 0.0051337, 0.251505325, 0.36466350000000003, 0.0314868254425, 2.2676999999999997e-05, 1.8343e-05, 0.308047, 0.3321375, 0.006626999999999999, 0.9551700000000001, 0.0249745, 0.08581749999999999, 0.07582, 0.478695, 0.0032670000000000004, 0.0196455, 0.011264, 0.009261275, 0.01233315, 0.0719755, 0.047025000000000004, 0.89126, 1.2690000000000001, 0.63956, 0.296122825, 0.351795, 0.01339, 0.14085178, 0.45807, 0.3035425, 0.8442654999999999, 0.022882, 1.0991],