{"errorExec": {"Process": "OK"}, "Performance": {"spearman": {"spearmanr": 0.68996782846492211, "pvalue": 5.9198741366391299e-59}, "pearson": {"pvalue": 3.9760892860868578e-56, "pearsonr": 0.67751727115298432}, "kendalltau": {"kendalltau": 0.57626547071593903, "pvalue": 1.0645224397620649e-67}, "r_score": 0.28820591793946493, "predict_values": [0.21324500000000002, 0.019324, 0.032153, 0.0481825, 0.017381, 0.026655875000000002, 0.0416705, 0.047682, 0.086107, 0.20407766666666668, 0.019136499999999997, 0.01570685, 0.0299115, 0.05084783333333334, 0.028943399999999998, 0.057953, 0.1104995, 0.049792, 0.014906, 0.0454095, 0.04645, 0.0204325, 0.033708999999999996, 0.016655, 0.037357, 0.257632, 0.16113, 0.009569, 0.041573, 0.08614175, 0.0143574, 0.7639849999999999, 0.026473, 0.07460900000000001, 0.019651, 0.034274, 0.018467, 0.022774000000000003, 0.13314, 0.034085375, 0.028346, 0.028387000000000003, 0.025306, 0.0253, 0.943219, 0.032375, 0.019041, 0.00602745, 0.12337949999999999, 0.039883, 0.053178500000000004, 0.3153155, 0.018008, 0.08777850000000001, 0.033241, 0.054271, 0.01771055, 0.0315345, 0.0160655, 0.0130478, 0.025729499999999995, 0.2594025, 0.10224425000000001, 0.042782, 0.010418, 0.025767, 0.11945249999999999, 0.14590999999999998, 0.020227000000000002, 0.021183333333333335, 0.034943875, 0.07103, 0.054475499999999996, 0.050525, 0.01986, 0.12982, 0.026355, 0.03336025, 0.021534666666666667, 0.021431, 0.024793333333333334, 0.0398315, 0.033523000000000004, 0.032661, 0.015120499999999999, 1.1742, 0.19797, 0.035843, 0.035253, 0.0206815, 0.013859, 0.020721, 0.12381900000000001, 0.041589999999999995, 0.018957875, 0.0179075, 0.021777833333333337, 0.1172765, 0.131745, 0.0331445, 0.030690500000000003, 0.04369125, 0.04327383333333334, 1.4784, 0.1063625, 0.04106499999999999, 0.0278225, 0.018765999999999998, 0.18024, 0.03906675, 0.0236385, 0.027408, 0.0188855, 0.056722, 0.033181, 0.111918, 0.03977775, 0.04343733333333333, 0.01271825, 0.04575935, 0.052680833333333336, 0.030046999999999997, 0.0188855, 0.022789499999999997, 0.023102666666666667, 0.06619900000000001, 0.023551, 0.068116, 0.0253, 0.081557, 0.03900025, 0.00812185, 0.031312, 0.2770285, 0.021634999999999998, 0.02872635, 0.0530365, 0.017132500000000002, 0.04140050000000001, 0.021322375, 0.025921, 0.16308, 0.14773, 0.016826, 0.0279945, 0.08578050000000001, 0.019915500000000003, 0.16926, 0.009482750000000002, 0.61358, 0.0277695, 0.022821, 0.11177999999999999, 0.022223, 0.10931895000000001, 0.0197975, 0.0247045, 0.1344, 0.094841, 0.070392, 0.20344, 0.038583, 0.02281155, 0.052564, 0.03756795, 0.0258988, 0.056963, 1.858, 0.047744749999999996, 1.029835, 0.11090900000000001, 0.057540999999999995, 0.0083922, 0.1759675, 0.937532, 0.038022, 0.032654, 0.029202999999999996, 0.08698099999999999, 0.20331183333333336, 0.081313, 0.042751, 0.023043875, 0.034998, 0.0206364, 0.048904833333333335, 0.059574, 0.09633425, 0.020429, 0.0141318, 0.30374, 0.098757, 0.1174565, 0.035271, 0.27846, 0.17212, 0.008634975, 0.030166000000000002, 0.331575, 0.0982215, 0.012809250000000001, 0.24291100000000002, 0.0677625, 0.022768, 0.03170025, 0.04985200000000001, 0.10621900000000001, 0.050790999999999996, 0.022221333333333333, 0.024572, 0.00892055, 0.02082175, 0.051637999999999996, 0.01544685, 0.08904125, 0.0634155, 0.042441, 0.05399400000000001, 0.13429590000000002, 0.8475145, 0.0626945, 0.098772, 0.7647134999999999, 0.032931999999999996, 0.0185314, 0.029914, 0.0113534, 0.25545850000000003, 0.010768000000000002, 0.0303825, 0.250545, 0.011144375000000002, 0.0364425, 0.098473, 0.007551899999999999, 0.087191, 1.81875, 0.0072821, 0.0174065, 0.025191, 0.098757, 0.058848000000000004, 0.040232500000000004, 0.079476, 0.0483815, 0.18804, 0.0689395, 0.019894000000000002, 0.19554935, 0.48502, 0.027005, 0.039697833333333335, 0.067461, 0.0574345, 0.1807545, 0.037659, 0.149835, 0.076938, 0.023163999999999997, 0.043484499999999995, 0.063873, 0.0364515, 0.019022, 0.02533166666666667, 0.11152999999999999, 0.018957875, 0.0670375, 0.072123, 1.9999, 0.020442500000000002, 0.196278875, 0.026828499999999998, 0.10264050000000001, 0.0267171, 0.03464433333333333, 0.24794049999999995, 0.078944, 0.2755655, 0.057517, 0.029354, 0.044099, 0.018555999999999996, 0.07846800000000001, 1.5, 0.03502835, 0.0255885, 0.011731, 1.0287385, 0.7581445, 0.07446900000000001, 0.35703, 0.02836425, 0.25014000000000003, 0.005275500000000001, 0.02157, 0.038316, 0.12381900000000001, 0.0348395, 0.05829500000000001, 0.0482775, 0.025707, 0.081007, 0.0277745, 0.014658500000000001, 0.052199499999999996, 0.136435, 0.045794999999999995, 0.0277695, 0.030420100000000005, 0.010121, 0.0336825, 0.017473500000000003, 0.014945300000000002, 0.07709099999999999, 0.22641925000000002, 0.060654, 0.019638, 0.9304092500000001, 0.0853985, 0.42545, 0.043771, 0.0217, 0.9669085000000001, 0.018904999999999998, 0.011036125, 0.10266900000000001, 0.01312025, 0.047545, 0.057462, 0.020720000000000002, 0.5979618333333333, 0.0903865, 0.037677499999999996, 0.0300656, 0.49545999999999996, 0.039984, 0.022696, 0.08321100000000001, 0.266351, 0.04063535, 0.042018, 0.06978, 0.3156085, 0.0078845, 0.021192833333333334, 0.19508775, 0.12845125000000002, 0.0210425, 0.00929385, 0.064824, 0.041272, 0.219953, 0.029913500000000003, 0.0078368, 0.74742, 0.028734000000000003, 0.11499450000000001, 0.025636000000000003, 0.055515499999999995, 0.023566999999999998, 0.0980725, 0.019426, 0.15404, 0.037146, 0.20201049999999998, 1.6376, 0.022334, 0.11407900000000001, 0.01836975, 0.033181, 0.12869625, 0.039958499999999994, 0.1169065, 0.030252, 0.123266, 1.0253785, 0.020525, 0.0106295, 0.1338705, 0.03583, 0.035082, 0.043293, 0.080084, 0.0360285, 1.0175775, 0.13554000000000002, 0.03464433333333333, 0.029796, 0.020223875000000002, 0.070918, 0.02777925, 0.025361499999999995, 0.035234, 0.085378, 0.0410675, 0.008634975, 0.029566000000000002, 0.018645, 0.050394, 0.02044, 0.044246, 0.038658, 0.10975, 0.0360865, 0.042973000000000004, 0.034404000000000004, 0.057504999999999994, 0.020757300000000003],