{"errorExec": {"Process": "OK"}, "Performance": {"spearman": {"spearmanr": 0.99876805100035237, "pvalue": 4.8178524603033109e-110}, "pearson": {"pvalue": 3.69082252370041e-105, "pearsonr": 0.99838428245533306}, "kendalltau": {"kendalltau": 0.98546864961994329, "pvalue": 1.1375933108739115e-40}, "r_score": 0.99645173382077579, "predict_values": [1.0928608333333336, 1.0928608333333336, 1.0928608333333336, 1.0928608333333336, 1.0928608333333336, 1.0928608333333336, 1.0928608333333336, 1.0928608333333336, 1.0928608333333336, 1.0928608333333336, 1.4373427777777779, 1.4373427777777779, 1.4373427777777779, 1.4373427777777779, 1.4373427777777779, 1.5317383333333334, 1.5317383333333334, 1.673879375, 1.673879375, 1.673879375, 1.673879375, 2.5747375, 2.5747375, 2.6935058823529414, 2.6935058823529414, 3.2002058823529413, 3.2002058823529413, 3.2002058823529413, 3.988291666666667, 3.988291666666667, 3.988291666666667, 4.0260181818181815, 4.062018181818182, 5.233846666666667, 5.233846666666667, 5.458645454545454, 5.458645454545454, 5.458645454545454, 5.458645454545454, 6.2338916666666675, 6.3644454545454545, 6.4507090909090925, 6.4507090909090925, 6.4507090909090925, 7.220733333333334, 7.498818749999998, 7.498818749999998, 8.325842857142858, 8.325842857142858, 8.325842857142858, 9.211425000000002, 9.211425000000002, 9.211425000000002, 10.470644444444442, 10.470644444444442, 10.470644444444442, 10.470644444444442, 11.198762499999999, 11.198762499999999, 12.377421052631579, 12.917333333333334, 12.917333333333334, 12.917333333333334, 13.412642857142858, 13.79090909090909, 13.79090909090909, 15.328199999999999, 15.476, 16.408555555555555, 16.408555555555555, 16.408555555555555, 16.731111111111108, 17.796999999999997, 19.017, 19.125666666666667, 19.159399999999998, 20.4908, 20.7015, 20.7015, 22.38333333333334, 23.852, 24.361333333333334, 25.064300000000003, 25.677000000000003, 25.677000000000003], "real_values": [0.0, 0.10153999999999999, 0.20496999999999999, 0.31035999999999997, 0.41773999999999994, 0.52716000000000007, 0.63868999999999998, 0.75236999999999998, 0.86824999999999997, 0.98641000000000001, 1.1069, 1.2298, 1.3551, 1.4829000000000001, 1.6133, 1.7464, 1.8822000000000001, 2.0207999999999999, 2.1623000000000001, 2.3067000000000002, 2.4542000000000002, 2.6048, 2.7587000000000002, 2.9157999999999999, 3.0764, 3.2404000000000002, 3.4081000000000001, 3.5794999999999999, 3.7547000000000001, 3.9338000000000002, 4.117, 4.3044000000000002, 4.4961000000000002, 4.6923000000000004, 4.8929999999999998, 5.0984999999999996, 5.3087999999999997, 5.5242000000000004, 5.7446999999999999, 5.9706999999999999, 6.2020999999999997, 6.4393000000000002, 6.6824000000000003, 6.9316000000000004, 7.1871, 7.4492000000000003, 7.718, 7.9938000000000002, 8.2767999999999997, 8.5672999999999995, 8.8656000000000006, 9.1719000000000008, 9.4864999999999995, 9.8096999999999994, 10.142000000000001, 10.482999999999999, 10.835000000000001, 11.196, 11.567, 11.949000000000002, 12.343, 12.747999999999999, 13.164999999999999, 13.595000000000001, 14.038, 14.494000000000002, 14.965, 15.450999999999999, 15.952, 16.469000000000001, 17.003, 17.554000000000002, 18.124000000000002, 18.713000000000001, 19.320999999999998, 19.951000000000001, 20.603000000000002, 21.276999999999997, 21.975999999999999, 22.699000000000002, 23.449000000000002, 24.226999999999997, 25.033000000000001, 25.870000000000001, 26.739999999999998]}, "Params": {"n_estimators": "10", "loss": "linear"}, "algorithm": "AdaBoostRegressor"}