{"errorExec": {"Process": "OK"}, "Performance": {"spearman": {"spearmanr": 0.73362353252249768, "pvalue": 4.1163232554618834e-70}, "pearson": {"pvalue": 1.8061582514311873e-73, "pearsonr": 0.74526954173803828}, "kendalltau": {"kendalltau": 0.60217916416523398, "pvalue": 9.3890712283850641e-74}, "r_score": 0.50703970697647471, "predict_values": [181.885, 199.76, 2.34675, 100.822, 8.09135, 4.30135, 3.9434, 2.7343, 42.9045, 5.8134999999999994, 5.9971, 4.68845, 5.4329, 1.9743, 199.99, 2.0987, 199.83, 57.0995, 6.1906, 7.2, 88.07905, 199.96, 36.263000000000005, 105.501, 1.8316, 2.6507, 45.7075, 2.9081, 86.3266, 6.848, 104.52985, 1.71625, 3.77975, 18.35, 2.2194000000000003, 45.758, 8.5825, 6.8211, 141.65, 100.9194, 84.3357, 5.3144, 6.3536, 8.03165, 7.00355, 5.2194, 200.0, 1.5786, 5.1569, 144.524, 38.74210000000001, 9.851500000000001, 10.62155, 6.71325, 8.2101, 5.2194, 6.551950000000001, 7.81845, 199.84, 2.1898999999999997, 3.6222, 4.9284, 21.959, 4.8886, 3.4864, 4.27545, 102.79650000000001, 3.82295, 103.21505, 3.2134, 4.1358500000000005, 8.628, 199.9, 7.4247499999999995, 3.7739, 37.006, 116.836, 6.6964, 4.7794, 18.94865, 103.20535, 1.4706, 1.9048, 1.8449, 172.42, 100.86925000000001, 5.4556000000000004, 2.269, 1.7532, 17.45, 5.0027, 199.72, 119.668, 1.6959, 9.6997, 199.94, 101.6573, 1.7927, 9.1436, 2.8201, 9.851500000000001, 32.30835, 1.77055, 2.97565, 6.1659500000000005, 3.88665, 2.5596, 1.8120500000000002, 4.0114, 5.545850000000001, 1.7892, 4.14605, 12.828, 198.83, 13.49705, 14.994000000000002, 1.4967, 10.4388, 101.2713, 3.9016, 6.9972, 17.0113, 73.20100000000001, 7.082999999999999, 5.165, 4.1332, 2.6768, 1.9213, 2.8839, 9.369200000000001, 6.1159, 2.1519, 3.166, 1.5451, 25.114150000000002, 1.9519000000000002, 5.44865, 4.4544, 2.0091, 103.12325000000001, 45.758, 97.48089999999999, 2.02215, 2.2239, 199.81, 10.388, 37.2872, 199.9, 100.9044, 6.8834, 6.6743500000000004, 87.11925, 45.5572, 9.3917, 1.8185, 8.9193, 7.2, 7.1733, 28.7776, 103.2042, 7.4946, 7.358, 3.2443, 100.79465, 6.075, 4.14605, 7.597949999999999, 3.2799, 8.5543, 11.259, 5.173500000000001, 2.0456, 1.4633, 3.2824, 3.7381, 3.9996, 1.7848, 2.6008, 4.2913, 9.3711, 100.1777, 1.9703, 6.7832, 102.96379999999999, 9.5982, 37.714600000000004, 1.8745, 57.0995, 8.5655, 5.2212, 2.42105, 5.1385000000000005, 45.674, 1.4056, 37.714600000000004, 24.201, 101.51039999999999, 4.616149999999999, 51.3565, 100.58164999999998, 5.2486, 7.5554, 1.2775, 99.92035, 103.87665, 55.495, 6.3793, 3.1464, 1.4506, 5.806800000000001, 4.0902, 10.88, 3.6237, 7.9004, 4.2621, 9.3179, 10.9417, 198.94, 118.18, 2.2626999999999997, 9.9394, 1.9971, 9.0214, 57.188250000000004, 104.52985, 3.1117, 8.83365, 4.6248000000000005, 5.7136, 136.73, 4.6524, 6.482150000000001, 29.5156, 1.8793, 7.0542, 5.37065, 7.5871, 8.5627, 2.1097, 102.18065, 199.97, 5.68765, 5.47705, 196.445, 6.5579, 30.848000000000003, 2.117, 132.38, 6.17985, 200.0, 100.8075, 75.73100000000001, 72.679, 189.41, 74.47325000000001, 4.0243, 7.083, 6.23055, 1.68555, 15.8473, 3.1183, 4.5176, 2.21005, 9.4819, 9.616800000000001, 3.5105, 10.62155, 7.1231, 6.097099999999999, 1.6294, 3.5342000000000002, 102.78150000000001, 4.1579, 103.19415, 195.56, 100.74335, 17.80515, 26.981749999999998, 23.622, 6.16935, 101.34075, 9.5227, 11.167, 103.3321, 4.9945, 6.22775, 8.3726, 5.8548, 8.16975, 2.1939, 4.75965, 100.41955, 7.7226, 196.54, 7.26795, 3.3136, 165.77499999999998, 120.57300000000001, 102.16045, 163.81, 3.9145000000000003, 5.6358, 101.1159, 17.811, 81.0374, 29.037, 18.49425, 1.6627999999999998, 1.5015, 4.39335, 5.768199999999999, 9.9068, 5.32495, 1.2094, 14.055, 24.201, 6.7342, 1.6649, 4.4932, 3.3517, 4.0765, 96.34400000000001, 4.9413, 160.36, 7.8454, 30.94165, 1.3481, 6.572, 99.807, 99.92035, 11.0183, 122.152, 185.225, 190.58499999999998, 1.51, 9.2963, 2.5484999999999998, 1.5892, 1.25595, 8.20875, 9.0375, 103.9685, 6.00985, 2.6807, 2.4921, 9.8707, 13.600999999999999, 118.04650000000001, 5.2637, 13.2773, 1.2919999999999998, 2.6279, 2.1871, 190.58499999999998, 1.79985, 2.3516500000000002, 5.603, 2.6296, 3.9349, 198.03, 1.9384000000000001, 80.679, 192.92, 100.646, 27.978, 6.9313, 2.2887, 196.97, 104.984, 19.407, 1.4154, 5.47805, 1.56575, 1.4643, 100.87295, 13.195, 2.0654, 6.6894, 89.90700000000001, 102.1272, 2.6639999999999997, 2.8365, 12.00325, 102.67575000000001, 10.3548, 64.50435, 99.6547, 24.149, 4.8813, 33.9065, 4.5415, 2.687, 74.59655000000001, 2.1277, 101.9948, 101.2147, 105.004, 19.54365, 6.4992, 25.114150000000002, 16.93455, 2.4847, 6.25705, 2.6769, 4.3188, 7.2, 27.978, 2.7985],