{"errorExec": {"Process": "OK"}, "Performance": {"spearman": {"spearmanr": 0.99998007857065452, "pvalue": 0.0}, "pearson": {"pvalue": 0.0, "pearsonr": 0.99999996383727752}, "kendalltau": {"kendalltau": 0.99870504122694825, "pvalue": 1.9609708758468494e-199}, "r_score": 0.99999992767455625, "predict_values": [0.030235, 0.019024333333333334, 0.07220700000000001, 0.028018500000000002, 0.017491, 0.042272000000000004, 0.058540999999999996, 0.047682, 0.15404, 0.023408, 0.028151999999999996, 0.073713, 0.038188, 0.048754, 0.0051058, 0.057953, 0.090339, 0.049792, 0.014906, 0.045024, 0.04645, 0.012955000000000001, 0.033445, 0.016655, 0.049174499999999996, 0.4676, 0.16113, 0.009569, 0.041573, 0.064795, 0.010263, 0.049569999999999996, 0.017825, 0.07460900000000001, 0.019651, 0.042627, 0.017687500000000002, 0.019024333333333334, 0.13314, 0.046883, 0.028346, 0.046397, 0.025053, 0.078859, 0.027638, 0.032375, 0.019041, 0.0067794, 0.18056, 0.039883, 0.025053, 0.017051, 0.024103, 0.065807, 0.033241, 0.054774, 0.057203, 0.03493, 0.016056, 0.00656615, 0.01775, 0.033785, 0.020145, 0.036629, 0.010277, 0.025767, 0.21727, 0.14590999999999998, 0.020227000000000002, 0.021264500000000002, 0.083677, 0.11725999999999999, 0.0222495, 0.050525, 0.008648399999999999, 0.12982, 0.02791, 0.0097575, 0.021264500000000002, 0.024096, 0.027863, 0.025672000000000004, 0.033523000000000004, 0.032661, 0.018174, 1.1742, 0.19797, 0.035843, 0.048214, 0.020848, 0.013859, 0.020721, 0.093598, 0.041589999999999995, 0.17224, 0.019292999999999998, 0.0218315, 0.032882999999999996, 0.037545, 0.040582, 0.04433, 0.048635000000000005, 0.02109, 1.4784, 0.13066, 0.028138999999999997, 0.016544999999999997, 0.018489, 0.18024, 0.0391, 0.024113, 0.027408, 0.027252, 0.056722, 0.026378, 0.043595999999999996, 0.040522, 0.06552899999999999, 0.013531, 0.0045376999999999995, 0.021868000000000002, 0.041328, 0.21294000000000002, 0.023944, 0.02295, 0.06619900000000001, 0.023551, 0.078803, 0.0253, 0.081557, 0.038967, 0.014851, 0.032827999999999996, 0.069037, 0.021634999999999998, 0.31692, 0.025988999999999998, 0.017151, 0.055796000000000005, 0.021357, 0.025921, 0.028899, 0.14773, 0.016826, 0.036338, 0.084486, 0.019024333333333334, 0.16926, 0.008463266666666665, 0.61358, 0.13717000000000001, 0.022821, 0.11177999999999999, 0.0243505, 0.0025079, 0.023375, 0.010309, 0.1344, 0.094841, 0.09311, 0.20344, 0.038583, 0.0092851, 0.052564, 0.067584, 0.004123600000000001, 0.056963, 1.858, 0.05645599999999999, 0.20167000000000002, 0.0448615, 0.057565, 0.0083922, 0.048195, 1.8588, 0.012994, 0.032654, 0.029202999999999996, 0.08698099999999999, 0.025686, 0.081469, 0.042751, 0.02939, 0.034894999999999995, 0.018612, 0.049174499999999996, 0.044679, 0.06415599999999999, 0.020429, 0.02105, 0.30374, 0.090775, 0.13645, 0.035271, 0.0719, 0.17212, 0.008463266666666665, 0.030166000000000002, 0.023714, 0.042402999999999996, 0.013880000000000002, 0.46516, 0.053967999999999995, 0.022768, 0.028279500000000003, 0.05282100000000001, 0.017151, 0.084114, 0.022292, 0.026876, 0.027427999999999998, 0.020662, 0.051637999999999996, 0.0243505, 0.07826799999999999, 0.10945, 0.042441, 0.05399400000000001, 0.018489, 0.057428999999999994, 0.0222495, 0.098772, 0.051026999999999996, 0.022268, 0.0184835, 0.029914, 0.017687500000000002, 0.44511000000000006, 0.010768000000000002, 0.030244, 0.024352000000000002, 0.011249, 0.059498, 0.098473, 0.007551899999999999, 0.045992, 0.058772000000000005, 0.0072821, 0.017475, 0.028018500000000002, 0.17435, 0.058848000000000004, 0.057539, 0.12387000000000001, 0.066597, 0.18804, 0.081157, 0.025929, 0.0061987, 0.48502, 0.027005, 0.030798000000000002, 0.096339, 0.048272, 0.058114, 0.037659, 0.16652999999999998, 0.060278, 0.023163999999999997, 0.048001999999999996, 0.067468, 0.01594, 0.017519, 1.6634, 0.11152999999999999, 0.037772, 0.053991, 0.072123, 1.9999, 0.031316000000000004, 0.37127, 0.0120475, 0.017241, 0.023772, 0.047564999999999996, 0.070431, 0.078944, 0.50736, 0.056186, 0.029354, 0.016094, 0.016263999999999997, 0.12875999999999999, 1.5, 0.009778700000000001, 0.019029, 0.011731, 0.057576999999999996, 0.037889, 0.07446900000000001, 0.10048, 0.028279500000000003, 0.25014000000000003, 0.005275500000000001, 0.02157, 0.038316, 0.07507, 0.71027, 0.05829500000000001, 0.048206, 0.025707, 0.050375, 0.030061, 0.015458000000000001, 0.082065, 0.13643, 0.045794999999999995, 0.36448, 0.030491000000000004, 0.010121, 0.060207000000000004, 0.017468, 0.017491, 0.07709099999999999, 0.45002, 0.076266, 0.019638, 0.0028185, 0.1042, 0.42545, 0.043771, 0.017490000000000002, 0.075817, 0.021546, 0.01097, 0.025098, 0.0184835, 0.047545, 0.057462, 0.016654, 0.0218315, 0.12380999999999999, 0.023642, 0.029782, 0.8297899999999999, 0.039984, 0.022696, 0.08321100000000001, 0.42965, 0.0091477, 0.011913, 0.040742, 0.017637, 0.0078845, 0.020662, 0.3849, 0.12839, 0.020515000000000002, 0.00656615, 0.064824, 0.054634, 0.41721, 0.023997, 0.004973600000000001, 0.74742, 0.026976999999999998, 0.21613000000000002, 0.033891000000000004, 0.025653, 0.023642, 0.16236, 0.019292999999999998, 0.15404, 0.055647, 0.032751, 1.6376, 0.022334, 0.0120475, 0.011095, 0.033445, 0.12888, 0.0448615, 0.046343, 0.038869, 0.058491999999999995, 0.050857, 0.020525, 0.0107, 0.013829, 0.03583, 0.035082, 0.043293, 0.080084, 0.039174, 0.035255, 0.13554000000000002, 0.041308, 0.029796, 0.02108, 0.12307, 0.047674, 0.017013999999999998, 0.035347, 0.085378, 0.052780999999999995, 0.008463266666666665, 0.029566000000000002, 0.018645, 0.035963999999999996, 0.019244999999999998, 0.044246, 0.034865, 0.10975, 0.037298000000000005, 0.042973000000000004, 0.034404000000000004, 0.057492999999999995, 0.036541000000000004],