{"errorExec": {"Process": "OK"}, "Performance": {"spearman": {"spearmanr": 0.99999377177663995, "pvalue": 0.0}, "pearson": {"pvalue": 0.0, "pearsonr": 0.99999998549426961}, "kendalltau": {"kendalltau": 0.99962648366660267, "pvalue": 8.4750986981395935e-200}, "r_score": 0.99999997098853832, "predict_values": [4.4731, 4.6553, 4.6625, 5.0995, 4.8287, 5.1302, 4.9941, 4.582, 4.8167, 4.7713, 4.5129, 4.633, 4.8143, 4.655, 4.32255, 3.6901, 4.9007, 5.0353, 4.6003, 4.3061, 4.6933, 5.2591, 4.5103, 4.9539, 4.6482, 5.0924, 4.5999, 5.1994, 4.40005, 5.4301, 4.5407, 4.6982, 4.0994, 4.5142, 4.6914, 4.4295, 3.9048, 4.5912, 4.40005, 5.0753, 4.6002, 4.3943, 4.5039, 4.75, 5.2979, 4.8969, 5.2248, 4.798, 4.9674, 4.2988, 4.465, 4.3717, 4.8637, 4.7324, 5.0211, 4.6069, 4.6827, 4.9124, 4.32255, 5.2638, 4.5626, 4.8998, 4.9395, 4.8808, 4.9052, 5.106, 4.0927, 4.7679, 5.1408, 4.6663, 5.4048, 5.5760000000000005, 5.3862, 5.0554, 5.1224, 5.2624, 5.3353, 4.3266, 5.1335, 3.7337, 4.7913, 5.037, 5.1998999999999995, 4.6084, 4.9414, 4.8241, 4.2633, 4.5327, 5.0817, 4.8722, 4.6791, 4.5536, 4.9289, 4.655200000000001, 5.2129, 4.6346, 4.7374, 4.19, 4.8687, 4.348, 4.4766, 4.5188, 4.8968, 4.6317, 4.9993, 4.8681, 4.2752, 4.6991, 4.4689, 4.4006, 4.6971, 4.7001, 4.2271, 4.6301, 4.5939, 5.0301, 4.085, 5.0006, 4.9389, 5.2176, 5.0412, 4.7221, 4.3742, 4.275, 4.7449, 5.1019, 4.099975, 4.7712, 4.9874, 4.5985, 4.715, 5.2799, 4.099975, 4.9909, 4.8002, 4.7128, 4.8109, 4.0855, 4.9954, 4.7939, 4.4807, 4.1579, 4.7216, 4.9169, 4.5514, 4.3931, 4.9405, 4.71, 4.6002, 4.6898, 4.9738, 4.3177, 4.6578, 5.0791, 4.5882, 3.7715, 4.3061, 4.5817, 5.0797, 4.099975, 5.053, 4.298, 4.4434, 4.4145, 4.9078, 4.6003, 4.18145, 5.3138, 4.1753, 5.2178, 4.0857, 5.0684, 4.3262, 4.4633, 4.8, 4.4746, 4.8416, 4.4821, 5.1598, 5.0653, 5.2002, 5.2937, 4.6702, 4.1922, 4.2049, 4.8977, 4.5951, 5.4982, 5.3514, 4.9197, 4.3006, 4.18145, 4.902850000000001, 4.467, 4.7544, 4.5453, 4.800125, 4.512, 4.3998, 4.4026, 5.3053, 4.7046, 4.7699, 4.800125, 4.5711, 4.8368, 4.6002, 4.1473, 5.3001, 4.899, 5.1175, 4.6999, 5.3166, 5.0352, 5.3687, 5.1097, 4.1826, 5.0674, 4.5843, 4.5707, 4.7728, 4.4123, 4.1758, 5.0355, 4.3489, 3.4816, 4.2097, 4.6995, 4.3877, 5.1995, 4.6908, 4.2, 4.4043, 4.8847, 5.2624, 5.0484, 5.1107, 4.5732, 4.2993, 5.0101, 4.4754000000000005, 5.3986, 4.8195, 4.6705, 5.185, 4.0864, 4.6474, 4.8347, 4.6893, 4.7762, 4.9942, 4.902850000000001, 4.6985, 5.1752, 4.595, 4.5206, 3.9881, 5.0343, 4.5062, 4.8451, 5.1072, 4.8347, 4.6169, 4.2993, 3.7782, 4.6551, 4.7991, 4.9024, 5.4159, 5.2698, 4.7557, 5.1864, 3.7782, 3.9905, 4.8157, 4.5844, 4.3078, 4.5984, 4.7576, 4.0399, 4.6403, 4.8009, 4.7747, 4.9939, 4.881399999999999, 4.085, 4.8, 5.202999999999999, 4.8451, 4.6018, 4.3888, 4.7133, 4.655200000000001, 4.5361, 4.9097, 4.345, 5.1998999999999995, 4.6777, 4.6559, 4.5782, 4.7914, 4.7148, 4.3959, 4.718, 5.0051, 4.3002, 4.6699, 4.7326, 5.0997, 5.0, 4.9327, 4.1992, 4.9636, 5.0924, 5.1982, 4.2297, 4.7676, 4.8133, 4.4975, 5.1306, 4.7294, 4.9132, 5.3818, 4.3724, 4.94995, 3.9905, 4.6003, 4.242, 4.8725, 4.8098, 4.800125, 4.7989, 5.3412, 4.800125, 4.7699, 4.0999, 5.1001, 4.5524, 4.8908, 4.7029, 4.9194, 3.9309, 4.2182, 5.0181, 4.9267, 4.873, 5.2524, 4.7006, 5.2979, 4.8837, 5.3354, 5.4726, 4.789, 4.7976, 4.099975, 4.8854, 5.0049, 4.3658, 4.5983, 5.5892, 4.4696, 4.4055, 4.4725, 4.5602, 4.6762, 4.6543, 5.1687, 4.9593, 4.5662, 4.6569, 5.4602, 4.3002, 4.2994, 4.7017, 4.4723, 5.3167, 4.7887, 4.9267, 5.1072, 4.6305, 4.881399999999999, 4.5992, 4.6998, 4.376, 4.775, 5.1108, 4.4286, 4.1828, 5.0853, 4.4643, 4.6983, 4.7524, 4.4754000000000005, 4.6761, 3.9032, 4.8003, 4.2923, 4.9912, 4.94995, 4.7237, 4.5723, 4.3963, 4.5555, 4.3954, 5.0999, 4.0021, 4.7007, 5.0489], "real_values": [4.4730999999999996, 4.6553000000000004, 4.6624999999999996, 5.0994999999999999, 4.8287000000000004, 5.1302000000000003, 4.9941000000000004, 4.5819999999999999, 4.8167, 4.7713000000000001, 4.5129000000000001, 4.633, 4.8143000000000002, 4.6550000000000002, 4.3228, 3.6901000000000002, 4.9006999999999996, 5.0353000000000003, 4.6003999999999996, 4.3061999999999996, 4.6932999999999998, 5.2591000000000001, 4.5103, 4.9539, 4.6482000000000001, 5.0926, 4.5998999999999999, 5.1993999999999998, 4.4000000000000004, 5.4301000000000004, 4.5407000000000002, 4.6981999999999999, 4.0994000000000002, 4.5141999999999998, 4.6913999999999998, 4.4295, 3.9047999999999998, 4.5911999999999997, 4.4001000000000001, 5.0753000000000004, 4.6002000000000001, 4.3943000000000003, 4.5038999999999998, 4.75, 5.2979000000000003, 4.8968999999999996, 5.2248000000000001, 4.798, 4.9673999999999996, 4.2988, 4.4649999999999999, 4.3716999999999997, 4.8636999999999997, 4.7324000000000002, 5.0210999999999997, 4.6069000000000004, 4.6826999999999996, 4.9123999999999999, 4.3223000000000003, 5.2637999999999998, 4.5625999999999998, 4.8997999999999999, 4.9394999999999998, 4.8807999999999998, 4.9051999999999998, 5.1059999999999999, 4.0926999999999998, 4.7679, 5.1407999999999996, 4.6662999999999997, 5.4047999999999998, 5.5760000000000005, 5.3861999999999997, 5.0553999999999997, 5.1223999999999998, 5.2624000000000004, 5.3353000000000002, 4.3266, 5.1334999999999997, 3.7336999999999998, 4.7912999999999997, 5.0369999999999999, 5.2001999999999997, 4.6083999999999996, 4.9413999999999998, 4.8240999999999996, 4.2633000000000001, 4.5327000000000002, 5.0816999999999997, 4.8722000000000003, 4.6791, 4.5536000000000003, 4.9288999999999996, 4.6553000000000004, 5.2129000000000003, 4.6345999999999998, 4.7374000000000001, 4.1900000000000004, 4.8686999999999996, 4.3479999999999999, 4.4766000000000004, 4.5187999999999997, 4.8967999999999998, 4.6317000000000004, 4.9992999999999999, 4.8681000000000001, 4.2751999999999999, 4.6990999999999996, 4.4688999999999997, 4.4005999999999998, 4.6970999999999998, 4.7000999999999999, 4.2271000000000001, 4.6300999999999997, 4.5938999999999997, 5.0301, 4.085, 5.0006000000000004, 4.9389000000000003, 5.2176, 5.0411999999999999, 4.7221000000000002, 4.3742000000000001, 4.2750000000000004, 4.7449000000000003, 5.1018999999999997, 4.0999999999999996, 4.7712000000000003, 4.9874000000000001, 4.5984999999999996, 4.7149999999999999, 5.2798999999999996, 4.0999999999999996, 4.9908999999999999, 4.8002000000000002, 4.7127999999999997, 4.8109000000000002, 4.0854999999999997, 4.9954000000000001, 4.7938999999999998, 4.4806999999999997, 4.1578999999999997, 4.7215999999999996, 4.9169, 4.5514000000000001, 4.3930999999999996, 4.9405000000000001, 4.71, 4.5998999999999999, 4.6898, 4.9737999999999998, 4.3177000000000003, 4.6577999999999999, 5.0791000000000004, 4.5881999999999996, 3.7715000000000001, 4.306, 4.5816999999999997, 5.0796999999999999, 4.0998999999999999, 5.0529999999999999, 4.298, 4.4433999999999996, 4.4145000000000003, 4.9077999999999999, 4.6003999999999996, 4.1814999999999998, 5.3137999999999996, 4.1753, 5.2178000000000004, 4.0857000000000001, 5.0683999999999996, 4.3262, 4.4633000000000003, 4.7999999999999998, 4.4745999999999997, 4.8415999999999997, 4.4821, 5.1597999999999997, 5.0652999999999997, 5.2001999999999997, 5.2937000000000003, 4.6702000000000004, 4.1921999999999997, 4.2049000000000003, 4.8977000000000004, 4.5951000000000004, 5.4981999999999998, 5.3513999999999999, 4.9196999999999997, 4.3006000000000002, 4.1814, 4.9027000000000003, 4.4669999999999996, 4.7544000000000004, 4.5453000000000001, 4.7999999999999998, 4.5119999999999996, 4.3997999999999999, 4.4025999999999996, 5.3052999999999999, 4.7046000000000001, 4.7695999999999996, 4.7999999999999998, 4.5711000000000004, 4.8368000000000002, 4.6005000000000003, 4.1473000000000004, 5.3000999999999996, 4.899, 5.1174999999999997, 4.6999000000000004, 5.3166000000000002, 5.0351999999999997, 5.3686999999999996, 5.1097000000000001, 4.1825999999999999, 5.0674000000000001, 4.5842999999999998, 4.5707000000000004, 4.7728000000000002, 4.4123000000000001, 4.1757999999999997, 5.0354999999999999, 4.3489000000000004, 3.4815999999999998, 4.2096999999999998, 4.6994999999999996, 4.3876999999999997, 5.1994999999999996, 