{"errorExec": {"Process": "OK"}, "Performance": {"spearman": {"spearmanr": 0.69554619263405859, "pvalue": 2.8751157805010032e-60}, "pearson": {"pvalue": 2.0705564039286682e-53, "pearsonr": 0.66494476742766018}, "kendalltau": {"kendalltau": 0.5844033834589305, "pvalue": 1.4265799411577114e-69}, "r_score": 0.42314185409687632, "predict_values": [0.07109199999999999, 0.12751099999999999, 0.056175, 0.041167, 0.079887, 0.787695, 0.51815625, 0.048959249999999996, 1.208555, 0.0388625, 0.19045, 0.055929000000000006, 1.0656649999999999, 0.028135, 0.017299166666666664, 0.045760999999999996, 0.052535000000000005, 0.024114500000000004, 0.056797, 0.0720735, 0.63571, 0.9951885, 0.053689857142857136, 0.2790625, 0.023080500000000004, 0.016175500000000002, 0.015737, 0.06352100000000001, 0.037689, 0.037009, 1.3117649999999998, 0.6559175, 0.14457, 1.128475, 0.10394899999999999, 0.35138383333333334, 1.1233, 0.0355455, 0.040391, 0.219533, 0.355508, 0.0404625, 0.6447769999999999, 0.04902050000000001, 0.030246, 1.07185, 0.6023645, 0.025385333333333336, 0.043119, 0.058214999999999996, 0.020015, 0.0377875, 0.053748000000000004, 0.084074, 0.23056, 0.03777725, 0.034720999999999995, 0.08223749999999999, 1.9996, 0.0086171, 0.354242, 0.05413, 0.10935, 0.022885, 0.201, 0.0659205, 0.06137, 0.047357500000000004, 0.3838085, 0.0391815, 0.0274495, 0.048284999999999995, 0.094486, 0.056234, 0.9972965, 0.085002, 0.015294, 0.00811185, 0.19488, 0.0052698, 1.0314545, 0.6559175, 0.2298, 0.44702499999999995, 0.46684149999999996, 0.039023333333333333, 0.0451685, 0.017495, 0.035685, 0.10658949999999999, 0.084566, 0.0654525, 0.0288735, 0.050873, 0.004887300000000001, 0.110418, 1.2446, 0.087988, 0.19763250000000002, 0.443308, 0.911515, 0.0063002, 0.074003, 1.0308115, 0.5881569999999999, 0.079837, 0.072309, 0.6651965000000001, 0.033264, 0.045125, 0.021638, 0.039455500000000004, 0.98171, 0.060917, 0.17442, 0.014262666666666667, 0.062424, 0.0221125, 0.018102, 0.0041494999999999995, 0.21238450000000003, 0.11710999999999999, 0.53752, 0.085662, 0.36112500000000003, 0.026190500000000002, 0.070752, 0.087861, 0.00096197, 0.010438, 0.0780785, 1.8991, 0.107832, 0.0233415, 1.5015732499999999, 1.0887850000000001, 0.0782205, 0.015294, 0.12337000000000001, 0.020236, 0.6522830000000001, 0.9546675, 0.099209, 0.0230055, 0.040839999999999994, 0.0754485, 0.26922999999999997, 1.0311585, 0.7690899999999999, 0.992421, 0.04198, 0.051055500000000004, 0.07639299999999999, 0.10186999999999999, 0.0387455, 0.045052999999999996, 0.036576500000000005, 1.95825, 1.0070430000000001, 0.005829699999999999, 0.017224, 0.03154, 0.43104010000000004, 0.19514000000000004, 0.03618, 1.3605, 0.0032848, 1.0318755, 0.09079083333333332, 0.42772449999999995, 0.039272, 0.14607000000000003, 0.3945215, 0.1122835, 0.0371645, 1.7848, 0.031898, 0.028336, 0.059122, 1.1803, 0.020513, 0.41316250000000004, 0.19299000000000002, 0.034852999999999995, 0.065203, 0.040310000000000006, 0.087193, 0.031276, 0.8663200000000001, 1.041865, 0.025917485, 0.051342, 0.06756300000000001, 0.129915, 0.0603885, 1.2374, 0.18286, 0.058214999999999996, 0.048648500000000004, 0.43178799999999995, 0.67713, 0.013607, 0.04836650000000001, 0.039305, 0.1421315, 1.2446, 0.40385, 0.219639, 0.081429, 0.07600599999999999, 0.059248999999999996, 0.054688, 0.43681650000000005, 0.5167265, 0.055997000000000005, 0.053058, 0.045593499999999995, 0.026277, 0.5167265, 0.032133999999999996, 0.19729000000000002, 0.1056485, 0.066352, 0.0462815, 0.222156, 0.039378833333333335, 0.038914166666666666, 0.021975750000000002, 1.9887, 0.0710175, 0.026083000000000002, 1.9352, 0.13080999999999998, 0.030539, 0.00961595, 0.582918, 0.028462, 0.50331, 0.030149485, 0.05178700000000001, 0.018754, 0.038912, 0.047961500000000004, 0.052854, 0.017495, 0.155889, 0.706779, 1.0073505, 1.9682, 0.034291, 0.0397795, 0.035574499999999995, 0.020417499999999998, 0.7009650000000001, 0.1064555, 0.022494999999999998, 0.036720800000000005, 0.7095549999999999, 0.883783, 0.27806000000000003, 0.994346, 0.033436, 0.0474695, 0.00030597, 0.18941950000000002, 0.209935, 0.033466, 0.594625, 0.032822500000000004, 0.118901, 0.037965750000000006, 0.31256999999999996, 0.363508, 0.096022, 0.047841, 0.041863, 0.008290450000000001, 0.12333150000000001, 0.12264749999999999, 1.0996, 0.9509675, 0.025007, 0.018481, 0.29014100000000004, 0.027745, 0.997543, 0.18485, 0.026476999999999997, 0.060061, 0.093423, 0.043023, 0.051859999999999996, 0.0455995, 0.218673, 0.160565, 0.12495999999999999, 0.364951, 0.028298, 0.3795765, 0.0096884, 0.07951799999999999, 0.35834, 0.49097250000000003, 0.6903100000000001, 0.012532999999999999, 0.013576, 0.066959, 0.44354650000000007, 1.098925, 0.062283000000000005, 0.0063002, 0.0030206499999999997, 1.9997, 0.15771, 0.21923650000000003, 0.12600999999999998, 2.0, 0.9861179999999999, 0.015472, 0.5880175, 0.0423935, 0.44225050000000005, 1.0327615, 0.60514, 0.910349, 0.067725, 1.2591, 0.016707, 0.6651965000000001, 1.9823, 0.0411085, 0.0521485, 0.05370535714285714, 0.1228125, 0.1153545, 0.987093, 0.060332000000000004, 0.19007000000000002, 0.015939500000000002, 0.082239, 0.0198855, 0.21898, 0.063952, 0.18103, 0.19314083333333334, 0.0012868, 0.037336, 0.06701499999999999, 0.6559175, 0.05752, 0.023781, 0.040802500000000005, 0.9352604999999998, 0.186835, 0.029374985000000003, 0.517908, 1.1196, 0.125156, 0.65054, 0.45763850000000006, 0.04051299999999999, 0.502609, 0.08321233333333333, 0.065596, 0.033619, 0.024208, 0.027483999999999998, 1.2775, 0.04675499999999999, 1.9887, 0.23056, 0.0055931, 0.1598585, 0.0371585, 0.79306, 0.00279215, 0.0658055, 0.10727066666666667, 0.013256166666666666, 0.4179, 0.051217500000000006, 0.026668, 0.054588, 0.9844218499999999, 0.0327405, 0.027201, 0.13058, 0.1201565, 0.447535, 0.020034, 0.0514705, 0.9817105, 0.128685, 0.002997, 0.0539255, 0.025761333333333337, 0.0244705, 0.08286, 0.06479800000000001, 1.5015732499999999, 0.04210183333333334, 0.372351, 0.6651965000000001, 0.04540400000000001, 0.060349, 0.008595985, 0.0026588999999999996, 0.21339],