{"errorExec": {"Process": "OK"}, "Performance": {"spearman": {"spearmanr": 0.78715932294071722, "pvalue": 3.0544302725892241e-87}, "pearson": {"pvalue": 4.0081498905820005e-264, "pearsonr": 0.97405996349749047}, "kendalltau": {"kendalltau": 0.61647325247307649, "pvalue": 3.3088099481143802e-77}, "r_score": 0.8663654552837603, "predict_values": [1.4091562352950215, 0.25072056929167136, 0.07210837680952302, 0.03034723954702417, 0.2630532323749985, 1.0246412290022768, 0.045462024076189336, 0.11972927949595281, 1.4239433418669376, 0.2530971693074944, 0.30373325939413137, 0.23663998785853568, 1.4203054610166548, 0.05161073149226332, 0.08645503610559432, 0.12059926999999869, 0.08369447991119269, 0.058272987838334595, 0.10050740403829558, 0.10094655023110993, 0.48403977982500695, 0.06934048224488026, 0.09041573255142964, 0.43439208049762057, 0.05380511119603095, 0.031049374003373733, 0.043010034666984595, 0.15471691954523795, 0.1123026696503572, 0.042484988205951535, 0.8032357017016367, 0.6147998603427347, 0.1334975747392829, 1.2534440361416777, 0.10375800071113014, 0.22096053651417186, 0.8583337053316537, 0.06537642182368933, 0.16596873111928626, 0.06316888830575489, 0.17412008718499902, 0.03875222065308374, 0.05258714735166711, 0.10971427953738157, 0.19940546760356825, 0.25026207139999107, 0.4466201407333403, 0.08899032357556379, 0.07220295069007976, 1.3195195123283616, 0.08542989441107163, 0.026664498532738286, 0.04817857744881069, 0.08853108461512006, 0.18926313841774123, 0.18196009320166656, 0.1251219642366642, 0.12758171902153984, 1.4449158602118084, 0.4186685293984177, 1.3176282457150097, 0.06323109903435754, 0.20283537425667014, 0.06431854382515938, 0.34787492431903666, 0.3685305387119113, 0.3814622463571474, 0.14076374539333655, 0.5140431799721262, 0.10642871310868866, 0.12868144930905157, 0.04675287345178568, 0.3108437854071414, 0.25392778691952783, 1.3212989666230603, 0.1487150585149993, 0.0370713567365467, 0.09224718592809403, 0.25093378107333747, 0.03295176001548735, 1.6194593900533354, 0.5395373493409443, 0.40332354763332645, 0.09358192658333098, 0.14392976441452496, 0.07546548773190566, 0.15790709166111197, 0.03279953580928578, 0.03964508577321466, 0.0687492470647306, 0.25017967039988437, 0.12242461395666908, 0.1878099033690513, 0.1775125008311933, 0.059597827594164696, 0.21896975315833847, 1.027962991106664, 0.07707780760142802, 0.4268077195964205, 0.632538022376667, 0.0883940532263088, 0.022223868836012173, 0.09477916639166847, 0.23768749283777202, 0.0958323788199994, 0.17006106340237973, 0.10765845286273597, 0.10364238381416571, 0.12630732202690587, 0.06363680628657901, 0.04105098704374091, 0.24644385076123548, 0.22026840415083818, 0.09190222932024013, 0.21087045993333223, 0.03019170112713157, 0.16274088986190607, 0.049852213477143296, 0.05523833788504726, 0.07762744919746062, 0.3017719451166718, 0.17174545359125248, 0.6483779020233446, 0.29887203327500605, 0.0764773222283322, 0.035671005376189786, 0.11787841184452322, 0.0919000395976977, 0.0644801167555008, 0.0398473618416664, 0.07029113960690575, 1.3860302419166988, 0.19116586013666417, 0.04223273969928537, 0.47744621394167774, 1.394109301919057, 0.10584147277957043, 1.5136871927202864, 0.1073246973316641, 0.10126980597738279, 0.2620553467916644, 1.280412263274963, 0.20361453326999482, 0.12895424197714403, 0.07208088524166802, 0.03090225929428519, 0.1399472825057118, 1.4966608932933751, 0.8443985923500016, 0.03895832218706376, 0.27179334542381384, 1.4269572538059763, 0.07900330693381101, 0.3040362505183323, 0.18351482660642546, 0.3363195030992793, 0.05711111147723016, 0.12290227348047848, 0.030648267463689812, 0.22248798612267703, 0.07903612505222145, 0.056713240150993646, 0.6054788895458166, 0.14259368013055282, 0.24759409936249946, 1.1345543586904632, 0.11178474352791552, 0.2586824905273837, 0.11603583059273613, 0.1466319489832118, 0.06500578883535611, 0.08787243124523682, 0.55203321225357, 0.11431874041142663, 0.14316279667150916, 1.2279247055268736, 0.07502367225654792, 0.1952904080492887, 0.1962264535183291, 0.9911155164838047, 0.08333021317118977, 0.1520064858794003, 0.2963212306446465, 0.07660810441249896, 0.17892576071166558, 0.07092398957559669, 0.04290950553249888, 0.04293526546527794, 0.8133520734416785, 1.3180167488583676, 0.08091951930956946, 0.12124270277094931, 0.03893573313710249, 1.2516868390021736, 0.0999847696107146, 0.9050214335033163, 0.26822148940417057, 0.07324440828868925, 0.06619309874999926, 0.05808266947732078, 0.6478071342250092, 0.16530751120690304, 0.04085348526924556, 0.21103375415631437, 0.03567822992261878, 0.03579898505285729, 0.484071062082625, 0.3458248988547594, 0.1455139358195293, 0.14241626009369043, 0.315287507300004, 0.2600528663283333, 0.6827011723814185, 0.7658858037547653, 0.14734335836721923, 0.41003312364669825, 0.10904766129678463, 0.0830642657720215, 0.5782532432250115, 0.037049383986597906, 0.23796538877500475, 0.04372655123690382, 0.13143781443845035, 0.07276682886460296, 0.3583945319341742, 0.08278163723952464, 0.27660726558761917, 0.021343436198333225, 1.4191259624433346, 0.029890298542142292, 1.465164627018917, 1.3940250465627395, 0.15697012879166466, 0.04404523724087308, 0.02155415055912671, 0.8134815075883439, 0.08532632605238057, 0.3639122305016611, 0.11950849096345373, 0.09002446675040376, 0.0894890340492864, 0.05468145638738064, 0.16544811535690296, 0.11243390341841195, 0.07719610252916556, 0.4717550396866541, 0.06330292204135046, 1.5656690750927216, 1.3926868235946532, 0.07444845583333251, 0.10691339591166613, 0.02811408940119071, 0.027182489469643124, 0.19981773043293347, 0.12095986027023928, 0.07967625755285747, 0.07258874008613035, 0.45362522135834615, 1.1099188699379556, 0.40933382299998966, 0.116463651873869, 0.12730454848333098, 0.054229644814761176, 0.07734371360833298, 0.0887372920805946, 0.6371512420866527, 0.04241341334690482, 0.283252942241665, 0.1857453415440877, 0.20833616125499332, 0.4282908306416562, 0.5875176559871959, 0.6557552446931114, 0.20647430924631213, 0.2332658064766692, 0.06865400842928739, 0.191386879398092, 0.06211829015487951, 0.09864468070452466, 1.3431709225708288, 1.3157121673149295, 0.04117530044639574, 0.06461107526999879, 0.6680308278317514, 0.17608780565809407, 1.3217158827494069, 0.3122498450056298, 0.10606060112059502, 0.09408812630262012, 0.10503500769357195, 0.07084282850952507, 0.07345428172006074, 0.2727432178795285, 0.5397320020428497, 0.11464023475071129, 0.3783370603920168, 0.1747780129211153, 0.10912195862202614, 0.10828066459975953, 0.031955017536706896, 0.2094647206666687, 0.5219068877738074, 0.33184242447499573, 0.5650480344166536, 0.03737813772911575, 0.07068676192023808, 0.16329300635261737, 0.03969798941440497, 0.37897990202996323, 0.08443351337476193, 0.06800659018170192, 0.04760632603912748, 1.4054528847986811, 0.14919755680857386, 0.26419130154464604, 0.2683205168516601, 1.5401041895710148, 0.26413385416368734, 0.08165729580809511, 0.29441196843213846, 0.05463380419000026, 0.07268193199036295, 0.1284600300558315, 0.29827437080476654, 0.19883244675832823, 0.17076522334178373, 1.02597190504999, 0.05990091479214178, 0.1719294424400032, 1.5015374778444774, 0.13739644623785655, 0.36416970145000327, 0.21914149569345637, 0.281700689641668, 0.08856768035535553, 0.10361141866702284, 0.1315952194279736, 0.23619945572190137, 0.05927098311996083, 0.2710499381819475, 0.13130572506475943, 0.3594289209625087, 0.13485178421023702, 0.2745320612557979, 0.34725853419166247, 0.08485175745008466, 0.20794794321833043, 0.08794172623421341, 0.42564674492905197, 0.06567516156523748, 0.10801168143186728, 0.2263658471266612, 1.1888252795360605, 0.3559190758726249, 0.18430058983464512, 0.8704062829999887, 0.7734325063233285, 0.25899157365714226, 0.16599043281166329, 0.27287362450332475, 0.020306534024512633, 0.8809997407533229, 0.11532798104524156, 0.1682043173666702, 0.05601887120940536, 0.090344666266665, 0.06400665363115128, 1.0361221258516435, 0.20185231775999699, 0.3468620151190564, 