{"errorExec": {"Process": "OK"}, "Performance": {"spearman": {"spearmanr": 0.94110721646516415, "pvalue": 1.38778568897073e-71}, "pearson": {"pvalue": 1.9034061615352783e-73, "pearsonr": 0.94451857895085933}, "kendalltau": {"kendalltau": 0.81267657782806746, "pvalue": 2.7529223815144954e-49}, "r_score": 0.89140041286153127, "predict_values": [4.948837209302325, 4.786363636363636, 4.786363636363636, 4.851999999999999, 4.948837209302325, 5.30625, 4.91923076923077, 5.016666666666666, 4.786363636363636, 4.851999999999999, 5.2407407407407405, 5.016666666666666, 4.786363636363636, 4.786363636363636, 5.388888888888889, 5.30625, 5.30625, 4.948837209302325, 5.340000000000001, 5.380000000000001, 5.016666666666666, 5.240000000000001, 4.948837209302325, 4.948837209302325, 5.016666666666666, 4.851999999999999, 5.052173913043479, 5.016666666666666, 4.91923076923077, 4.851999999999999, 4.851999999999999, 5.052173913043479, 5.3374999999999995, 5.388888888888889, 4.851999999999999, 4.786363636363636, 4.948837209302325, 4.948837209302325, 4.786363636363636, 5.016666666666666, 4.948837209302325, 4.786363636363636, 4.786363636363636, 5.052173913043479, 5.30625, 4.786363636363636, 5.340000000000001, 4.786363636363636, 5.2407407407407405, 4.851999999999999, 6.540000000000001, 5.951219512195122, 6.36153846153846, 5.770000000000001, 6.15483870967742, 5.951219512195122, 6.355405405405399, 5.016666666666666, 6.324999999999999, 5.6000000000000005, 5.3374999999999995, 5.822580645161288, 5.770000000000001, 6.351111111111111, 5.550000000000001, 6.355405405405399, 5.951219512195122, 5.770000000000001, 5.902857142857142, 5.6000000000000005, 6.351111111111111, 5.822580645161288, 6.324999999999999, 6.351111111111111, 5.951219512195122, 5.951219512195122, 6.351111111111111, 6.324999999999999, 5.951219512195122, 5.3374999999999995, 5.6000000000000005, 5.6000000000000005, 5.6000000000000005, 6.15483870967742, 5.951219512195122, 5.927272727272728, 6.36153846153846, 5.902857142857142, 5.822580645161288, 5.770000000000001, 5.902857142857142, 6.36153846153846, 5.770000000000001, 5.016666666666666, 5.770000000000001, 5.822580645161288, 5.822580645161288, 5.951219512195122, 4.948837209302325, 5.822580645161288, 6.776190476190478, 6.1, 6.793749999999999, 6.355405405405399, 6.776190476190478, 7.666666666666667, 5.73235294117647, 7.300000000000001, 6.776190476190478, 7.2631578947368425, 6.351111111111111, 6.351111111111111, 6.618750000000001, 6.064814814814817, 6.1, 6.617391304347826, 6.618750000000001, 7.666666666666667, 7.6000000000000005, 6.324999999999999, 6.679310344827589, 6.1, 7.6000000000000005, 6.1, 6.679310344827589, 6.793749999999999, 6.1, 6.324999999999999, 6.355405405405399, 6.776190476190478, 7.300000000000001, 7.666666666666667, 6.355405405405399, 6.324999999999999, 6.351111111111111, 7.5, 6.618750000000001, 6.618750000000001, 6.324999999999999, 6.617391304347826, 6.618750000000001, 6.351111111111111, 6.1, 6.793749999999999, 6.679310344827589, 6.351111111111111, 6.064814814814817, 6.351111111111111, 6.617391304347826, 6.324999999999999], "real_values": [5.0999999999999996, 4.9000000000000004, 4.7000000000000002, 4.5999999999999996, 5.0, 5.4000000000000004, 4.5999999999999996, 5.0, 4.4000000000000004, 4.9000000000000004, 5.4000000000000004, 4.7999999999999998, 4.7999999999999998, 4.2999999999999998, 5.7999999999999998, 5.7000000000000002, 5.4000000000000004, 5.0999999999999996, 5.7000000000000002, 5.0999999999999996, 5.4000000000000004, 5.0999999999999996, 4.5999999999999996, 5.0999999999999996, 4.7999999999999998, 5.0, 5.0, 5.2000000000000002, 5.2000000000000002, 4.7000000000000002, 4.7999999999999998, 5.4000000000000004, 5.2000000000000002, 5.5, 4.9000000000000004, 5.0, 5.5, 4.9000000000000004, 4.4000000000000004, 5.0999999999999996, 5.0, 4.5, 4.4000000000000004, 5.0, 5.0999999999999996, 4.7999999999999998, 5.0999999999999996, 4.5999999999999996, 5.2999999999999998, 5.0, 7.0, 6.4000000000000004, 6.9000000000000004, 5.5, 6.5, 5.7000000000000002, 6.2999999999999998, 4.9000000000000004, 6.5999999999999996, 5.2000000000000002, 5.0, 5.9000000000000004, 6.0, 6.0999999999999996, 5.5999999999999996, 6.7000000000000002, 5.5999999999999996, 5.7999999999999998, 6.2000000000000002, 5.5999999999999996, 5.9000000000000004, 6.0999999999999996, 6.2999999999999998, 6.0999999999999996, 6.4000000000000004, 6.5999999999999996, 6.7999999999999998, 6.7000000000000002, 6.0, 5.7000000000000002, 5.5, 5.5, 5.7999999999999998, 6.0, 5.4000000000000004, 6.0, 6.7000000000000002, 6.2999999999999998, 5.5999999999999996, 5.5, 5.5, 6.0999999999999996, 5.7999999999999998, 5.0, 5.5999999999999996, 5.7000000000000002, 5.7000000000000002, 6.2000000000000002, 5.0999999999999996, 5.7000000000000002, 6.2999999999999998, 5.7999999999999998, 7.0999999999999996, 6.2999999999999998, 6.5, 7.5999999999999996, 4.9000000000000004, 7.2999999999999998, 6.7000000000000002, 7.2000000000000002, 6.5, 6.4000000000000004, 6.7999999999999998, 5.7000000000000002, 5.7999999999999998, 6.4000000000000004, 6.5, 7.7000000000000002, 7.7000000000000002, 6.0, 6.9000000000000004, 5.5999999999999996, 7.7000000000000002, 6.2999999999999998, 6.7000000000000002, 7.2000000000000002, 6.2000000000000002, 6.0999999999999996, 6.4000000000000004, 7.2000000000000002, 7.4000000000000004, 7.9000000000000004, 6.4000000000000004, 6.2999999999999998, 6.0999999999999996, 7.7000000000000002, 6.2999999999999998, 6.4000000000000004, 6.0, 6.9000000000000004, 6.7000000000000002, 6.9000000000000004, 5.7999999999999998, 6.7999999999999998, 6.7000000000000002, 6.7000000000000002, 6.2999999999999998, 6.5, 6.2000000000000002, 5.9000000000000004]}, "Params": {"n_estimators": "10", "loss": "linear"}, "algorithm": "AdaBoostRegressor"}