{"errorExec": {"Process": "OK"}, "Performance": {"spearman": {"spearmanr": 0.43789785248071705, "pvalue": 1.5238622137464386e-20}, "pearson": {"pvalue": 2.0060950144625294e-91, "pearsonr": 0.79826036920922627}, "kendalltau": {"kendalltau": 0.32103375042752785, "pvalue": 3.4821763501248667e-22}, "r_score": 0.63637687729236114, "predict_values": [0.0001076609225367975, 8.360089620000002e-06, 0.00011373264184375573, 0.00011747059604064517, 0.0009445500985816251, 0.0001076609225367975, 0.00011373264184375573, 0.005417100000000001, 0.00012061101177175386, 7.401002749429207e-05, 8.572533120814064e-05, 5.49988180570753e-05, 0.00011586620436492549, 0.00011327378007200186, 8.333695338364104e-05, 0.000104857464198986, 0.00012061101177175386, 0.00011373264184375573, 0.00253149208, 0.0001076609225367975, 8.572533120814064e-05, 7.401002749429207e-05, 0.0001076609225367975, 0.0037445598599999993, 0.0001076609225367975, 0.00011373264184375573, 0.00011373264184375573, 0.00012574392622354084, 8.333695338364104e-05, 0.00011373264184375573, 0.001725015, 0.00011373264184375573, 0.0022802159, 8.333695338364104e-05, 0.0036146, 0.00014447309987393383, 0.0023079397555555554, 8.333695338364104e-05, 0.00012692566872442215, 7.284170864343044e-05, 8.333695338364104e-05, 0.00022329204910714287, 0.00011373264184375573, 0.003484793213893367, 9.325271389336708e-05, 0.0026894250000000005, 7.401002749429207e-05, 8.333695338364104e-05, 0.00011373264184375573, 0.00012692566872442215, 0.00011747059604064517, 0.00011373264184375573, 7.401002749429207e-05, 0.00011327378007200186, 0.00012061101177175386, 0.0010485963928571428, 8.333695338364104e-05, 0.0036351432138933665, 5.131547657461666e-05, 6.314665696759166e-05, 0.0001076609225367975, 0.00011373264184375573, 0.007012000000000001, 0.00011747059604064517, 0.00010367592193809524, 9.679755201009711e-05, 5.131547657461666e-05, 8.30650317819503e-05, 0.0068718, 8.333695338364104e-05, 7.401002749429207e-05, 0.00011373264184375573, 1.0128810000000001e-05, 0.00011373264184375573, 7.401002749429207e-05, 0.0018329000000000002, 0.0001076609225367975, 0.0018367000000000001, 0.00013660729675024126, 0.00011283525555555557, 8.333695338364104e-05, 0.0011985932138933672, 0.0034235999999999997, 0.00022329204910714287, 8.74426563566393e-05, 8.333695338364104e-05, 9.088526478189031e-05, 0.00011747059604064517, 0.00011373264184375573, 7.401002749429207e-05, 0.0004280507665336586, 0.0006061695540638814, 0.00011373264184375573, 0.00012109355139914473, 7.401002749429207e-05, 0.0006061695540638814, 8.333695338364104e-05, 9.601395833781152e-05, 0.00012061101177175386, 0.002763514933200326, 0.00011327378007200186, 0.0001076609225367975, 0.00013660729675024126, 8.30650317819503e-05, 0.00011373264184375573, 8.333695338364104e-05, 8.333695338364104e-05, 0.0006061695540638814, 8.333695338364104e-05, 8.333695338364104e-05, 0.0012121528873972147, 8.572533120814064e-05, 0.0024493955, 9.462321897877972e-05, 5.2615778820273975e-05, 7.401002749429207e-05, 8.333695338364104e-05, 0.0035548932138933674, 8.333695338364104e-05, 0.00012328750004427354, 0.00012061101177175386, 0.00014447309987393383, 0.001189370331581565, 0.00011373264184375573, 8.333695338364104e-05, 0.00011373264184375573, 0.0001076609225367975, 0.00011373264184375573, 0.0001076609225367975, 0.00011373264184375573, 0.0001076609225367975, 0.00015003992561258845, 9.601395833781152e-05, 0.0001076609225367975, 0.00011373264184375573, 0.0014995649332003253, 4.895609889336707e-05, 0.00013494779728258095, 0.00012544838739721474, 0.0005242749332003253, 0.00014447309987393383, 0.0018983053371428571, 9.088526478189031e-05, 0.0010631083333333335, 0.0012397999999999999, 0.00014861229285714284, 7.401002749429207e-05, 0.00011373264184375573, 8.572533120814064e-05, 9.088526478189031e-05, 0.00022329204910714287, 8.572533120814064e-05, 9.088526478189031e-05, 0.00013660729675024126, 0.00043178872073054806, 0.0005967265472267004, 0.00011747059604064517, 8.30650317819503e-05, 0.00011373264184375573, 8.6192e-09, 0.00011373264184375573, 0.00011373264184375573, 0.00014447309987393383, 0.00011373264184375573, 0.0001076609225367975, 8.572533120814064e-05, 0.0005436907678571429, 9.202606556471428e-05, 0.0001076609225367975, 9.325271389336708e-05, 0.00101139565625, 0.00011373264184375573, 0.004520000000000001, 0.00011373264184375573, 8.333695338364104e-05, 9.088526478189031e-05, 7.401002749429207e-05, 8.333695338364104e-05, 0.0047757500000000005, 0.00010588612218687418, 0.00011747059604064517, 0.002359834612647059, 0.00011373264184375573, 0.00012284715625, 0.0001635546927915893, 0.00011327378007200186, 0.0001497730457862876, 0.00011373264184375573, 6.314665696759166e-05, 0.0001955515472267004, 0.00011373264184375573, 0.00012544838739721474, 0.00011747059604064517, 8.333695338364104e-05, 0.00011373264184375573, 0.00014447309987393383, 8.572533120814064e-05, 0.00011747059604064517, 0.00011373264184375573, 0.0001497730457862876, 7.401002749429207e-05, 8.333695338364104e-05, 0.00011373264184375573, 8.572533120814064e-05, 0.00014861229285714284, 0.00011373264184375573, 8.572533120814064e-05, 8.333695338364104e-05, 0.0006912649332003252, 7.401002749429207e-05, 0.0008135298433666667, 8.333695338364104e-05, 0.002963266813600925, 0.00015003992561258845, 0.00011373264184375573, 0.00012574392622354084, 0.0017962499999999997, 0.0012693956562499999, 0.0005963598805600337, 0.00011373264184375573, 0.0015033028873972145, 0.00011373264184375573, 9.088526478189031e-05, 7.401002749429207e-05, 0.001725015, 0.0076223, 0.0047653, 0.00011327378007200186, 8.333695338364104e-05, 0.00011373264184375573, 0.0001076609225367975, 9.601395833781152e-05, 0.0001497730457862876, 0.00011373264184375573, 7.401002749429207e-05, 0.00012109355139914473, 0.00010588612218687418, 8.333695338364104e-05, 8.333695338364104e-05, 0.0018528549332003253, 9.462321897877972e-05, 0.00013660729675024126, 0.00012692566872442215, 7.401002749429207e-05, 0.00011327378007200186, 9.601395833781152e-05, 0.00011747059604064517, 0.00138576, 8.333695338364104e-05, 7.284170864343044e-05, 0.0018565928873972145, 0.00011747059604064517, 0.00011373264184375573, 0.00012061101177175386, 0.00011373264184375573, 0.00011373264184375573, 9.601395833781152e-05, 0.00012574392622354084, 0.00014861229285714284, 7.284170864343044e-05, 0.00014267901605719948, 0.0005436907678571429, 0.00012692566872442215, 8.333695338364104e-05, 4.678985555555556e-05, 7.401002749429207e-05, 8.333695338364104e-05, 0.00015003992561258845, 0.00011373264184375573, 0.00013660729675024126, 0.00011747059604064517, 0.00011557669264705881, 0.0010649333333333333, 0.0026894250000000005, 8.333695338364104e-05, 0.0005436907678571429, 8.333695338364104e-05, 0.00011747059604064517, 7.401002749429207e-05, 9.601395833781152e-05, 8.572533120814064e-05, 8.333695338364104e-05, 0.0014995649332003253, 8.572533120814064e-05, 0.00013660729675024126, 8.333695338364104e-05, 8.333695338364104e-05, 0.0001076609225367975, 0.00014267901605719948, 0.00011373264184375573, 0.00011373264184375573, 0.00018894928025435759, 0.0001076609225367975, 8.572533120814064e-05, 7.401002749429207e-05, 0.0001076609225367975, 8.00625427557143e-05, 0.009207893213893368, 0.0001076609225367975, 8.333695338364104e-05, 0.001799514082856874, 5.131547657461666e-05, 0.0001100493003612971, 0.0005852266666666666, 0.00011373264184375573, 0.00101139565625, 0.0001076609225367975, 0.0005436907678571429, 0.00012574392622354084, 0.002963266813600925, 0.0001076609225367975, 8.333695338364104e-05, 0.00012574392622354084, 0.00012061101177175386, 0.00129784, 0.00014447309987393383, 8.572533120814064e-05, 0.00013494779728258095, 0.00024806116491489836, 0.0001635546927915893, 0.00011373264184375573, 0.00012328750004427354, 9.325271389336708e-05, 9.202606556471428e-05, 0.0001955515472267004, 0.0001076609225367975, 0.0092883, 0.0008199346126470589, 0.00916735986, 8.572533120814064e-05, 8.333695338364104e-05, 0.00011557669264705881, 0.0017774460785714285, 8.572533120814064e-05, 0.00011373264184375573, 