{"errorExec": {"Process": "OK"}, "Performance": {"spearman": {"spearmanr": 0.97173448943138307, "pvalue": 1.1726504336142012e-256}, "pearson": {"pvalue": 7.9979235704706648e-301, "pearsonr": 0.98296875418174801}, "kendalltau": {"kendalltau": 0.85773482180925975, "pvalue": 1.2070267122152654e-147}, "r_score": 0.87283841258157646, "predict_values": [0.5186558472081834, 0.5347104688051915, 4.022428823539073, 1.586171137666622, 1.0307045370207921, 4.180334449499857, 2.519275131744491, 3.884924346727961, 0.6752708868434282, 4.1371907210258, 1.2709677074683605, 1.9455484136344006, 4.523900753290172, 0.883989515715135, 3.042296303769247, 3.923812636887606, 4.291638724138995, 0.7363079800236926, 4.202170802410986, 3.4405349301736443, 1.0955713449480466, 1.2616272024048765, 3.374217685284095, 3.8939178095324594, 1.0195685352345352, 4.521032014916353, 3.797559661704189, 4.51917239265927, 3.8017544127151393, 3.6451663723721897, 3.6407533612671195, 2.3623620500996525, 4.292827136587004, 4.523907899750894, 3.872575634030215, 1.2298880541658759, 2.1858032330468298, 2.1299341402166725, 2.8438124289807187, 4.047944448437573, 1.7986185804702057, 3.2546741394844756, 3.2619755133768193, 3.669633508116242, 4.142118717896029, 2.595700230952367, 2.4342834375289364, 4.366965772808802, 4.253766583403336, 1.8232323863024515, 0.6101943512556427, 4.473107132226046, 3.741357706308726, 2.8428809034999625, 4.3627189413335286, 2.2181477653834856, 2.2347111757539486, 3.962279961307914, 1.4367662565406898, 4.205481681366346, 1.9303494868356392, 4.649416662696945, 3.226007748000024, 4.341572340454754, 3.0121369120796886, 1.7824565443332872, 1.5735502680584532, 1.3978025852585938, 2.479297111071439, 2.3212534170845145, 4.242488211635047, 2.184144017776478, 1.0869465295192955, 3.6847691752150054, 1.7081408056254341, 3.6197091132304013, 1.4782063883666294, 4.185301808921704, 4.008567418666558, 2.7170372635653592, 1.1901799947590876, 2.2294749020395415, 4.085871028106152, 1.612297085723018, 1.2520954444155095, 3.824814067398133, 1.0352678305574645, 1.784952036865278, 2.226901181119966, 3.0411459387173783, 1.5913286675476377, 1.5105189285549545, 0.805163651386112, 2.9167201842931894, 3.4213033315997907, 2.271798108734948, 4.1261797802221984, 1.3430785721107306, 4.372119756333213, 1.872412295414618, 1.3505460744999658, 3.1836640823833693, 3.8793331284267123, 4.763754172066963, 4.39915016959528, 0.6625537288585489, 3.496754338035096, 2.853647548419897, 4.309311273032259, 4.208538558125834, 1.7025653949833641, 2.093920760052486, 2.064439779931032, 1.8326949032484867, 2.6719546585868734, 2.9536457958041273, 1.074525332538201, 1.6268185851633568, 1.839595526117146, 2.4565059538766127, 4.069192656679606, 3.771718202311192, 4.08578681901706, 4.306757352355744, 2.340137810013874, 3.212587218785109, 2.8699519062421865, 2.801907663492715, 4.355181895642783, 2.096524240201738, 1.5857935781996428, 1.50729572932907, 1.6962996177314893, 2.3204914626161117, 1.7820528741138217, 2.5638649982744632, 2.6408160940073064, 1.4400863864203965, 4.389670730490448, 1.7929970313258508, 0.9744611726794792, 4.167186587570042, 1.6315184453918086, 3.2634921542731825, 2.1500387146647983, 3.4685605310428644, 0.6263339308449042, 2.0994484240000224, 4.079502963701621, 4.5928312605199295, 2.501570299031193, 0.7741588682357596, 3.4100542258631528, 2.479410616334786, 3.3421876165000532, 1.575742622695646, 1.5539521146289532, 4.483527820736756, 1.405642781281835, 3.942066414394326, 3.8126213396044597, 3.4301849643231437, 1.9399751171289603, 3.33170299418371, 1.3103063553662653, 2.235745087826711, 3.622129265995065, 3.853191499439912, 1.1871366804108456, 2.2281382097976117, 2.155013818095188, 4.308811274000089, 3.8305129966526907, 0.7856463859633777, 2.795472594400081, 2.262100680134383, 1.1659394849907896, 4.293899045928718, 3.1960730375572894, 1.2839051940583168, 3.4337895541667227, 3.492977790926379, 2.1724242037513215, 2.144816356593555, 2.2856096983847634, 2.90103861167663, 4.338294462370507, 2.2953995799173894, 1.7804592166533229, 2.317803828182546, 3.8590785059088257, 4.3580825855111955, 2.9977276666600763, 3.179667891394736, 3.9649942573443706, 4.294518589734079, 3.5168480683324717, 1.4194548709284933, 3.930278260380954, 1.1844436579352735, 3.87564059434446, 4.5545229387539194, 2.5036009181456085, 4.096981845914449, 3.974193992559712, 4.388464992047633, 3.942519025485455, 4.08050404809183, 4.384746574876306, 4.230740395321484, 1.4104677706133355, 2.5171817315519087, 3.8013539183257854, 1.6103685105539323, 3.325245659580015, 1.2847373167943494, 1.7753173191844094, 1.2255864613906233, 0.8306551009612616, 0.8502845528048728, 3.538681787551982, 1.8078695707868446, 4.387875245247007, 1.8847526355507143, 2.376360995527106, 4.116131151548661, 3.185993925403908, 1.591177932079409, 3.9041956412242724, 3.6650699357861067, 1.604884143078621, 4.220604254308835, 4.024301856534138, 1.2680908392149435, 3.8891396309999378, 1.7435417369999597, 3.8792753020198614, 4.327695186866506, 3.258054320341959, 2.1860506104776656, 4.172262447227424, 4.32438415530193, 3.600890850926653, 3.9993202457088057, 3.9809667866724348, 4.169672230366395, 3.7623997490872547, 1.3627534037221987, 4.607134277218238, 0.6620590030817697, 3.0259076606047453, 3.7213811113397655, 2.0149155535476435, 0.8804594320845799, 1.8674535589000347, 1.8436277616215666, 4.430144264111355, 1.3969664320796407, 3.64336409173358, 1.492176979399533, 1.2479234201477822, 4.0088874637019325, 1.33210099390343, 2.924437413306654, 1.8957819656394301, 4.137163230737962, 4.459312198735335, 2.5181998490616913, 1.2994951500507803, 4.37669350830949, 3.8597333647444585, 1.4688183224994764, 1.2811792338323031, 4.156636871692556, 2.9731425034048247, 4.12480619667971, 2.3454246408507666, 2.292755876245243, 1.2483934470093836, 1.4596003308809025, 1.5186321038187116, 3.5472782817362223, 4.004524714498441, 1.9980410209166186, 3.8248789559999565, 1.723132940581506, 4.114515583128674, 3.8419260981651777, 2.7935934968193132, 4.317276524333303, 3.544613834004275, 1.7714350600024682, 4.052325637045282, 4.161869022963858, 1.9489094472937791, 1.772143545340837, 4.213572010486625, 2.295296011552284, 2.0436807581779464, 4.638542178426952, 3.4531088467511513, 3.783294309600539, 1.295556127945021, 2.608929549714233, 0.9323339537522237, 2.8951364192856284, 3.8414479616333956, 2.2227970201600558, 1.374121692766742, 3.902114626169103, 3.697663202841792, 3.4891257490783376, 1.1942976872243047, 3.542963196674644, 1.5474513409865247, 2.9350798840633736, 1.933941797614062, 3.534340980829954, 4.122880842279975, 1.9845204007880117, 1.5776824796799613, 4.142230333648136, 3.9577387198125775, 0.9894861193137275, 3.7744974328390244, 1.676892817335324, 3.3525310288414185, 2.5283739626199857, 4.207518937295866, 2.944714531962691, 1.568694926962419, 2.3761781460000138, 1.0754294571953333, 2.6920898847711165, 1.227471737562151, 2.866608286522099, 4.414031800504937, 1.2275470171540737, 4.5159455612723045, 3.711916829784042, 3.5195868754829855, 3.606625572508432, 3.050076780330003, 4.424990185001809, 3.496628936187519, 3.5645962814350622, 3.6469494724999336, 1.8906031059203512, 3.988118564533028, 2.4281068428777233, 1.688055021038599, 2.5851288284097524, 4.60442904457918, 4.196616778055403, 3.3397311060478905, 1.3307533043226838, 1.6367231931032884, 2.6680840285493823, 1.750071781635593, 1.3123851717332151, 1.0916739573333272, 0.6523599734716502, 1.0670517838147324, 3.411943323636914, 1.302046531626159, 4.273181738325894, 2.8956432285498304, 3.5116360352538716, 4.188691761009364, 4.217768136660602, 2.916403506756336, 1.7224386796952906, 3.6066753605239246, 4.036209735698449, 1.9791458356922307, 3.3113707326666826, 2.515910264869904, 3.4705828282463442, 1.218423132515971, 4.2920624989856915, 4.407061992449509, 3.515285226711671, 1.7483089515033203, 3.7583312179999413, 3.4514716280135636, 3.918117543881013, 0.9301017879011348, 0.8150347180757005, 2.08510522108966, 2.20901472617997, 3.9621298194051127, 1.8258789872980814, 