{"errorExec": {"Process": "OK"}, "Performance": {"spearman": {"spearmanr": 0.9616645848532172, "pvalue": 6.844793598377272e-106}, "pearson": {"pvalue": 6.94720374460386e-82, "pearsonr": 0.929168832080432}, "kendalltau": {"kendalltau": 0.8724777904560004, "pvalue": 2.4433219563656926e-70}, "r_score": 0.8594252289965748, "predict_values": [-0.52, 1.4, -0.83, -1.06, -2.1000000000000005, -0.52, 1.4, -0.83, -1.06, -2.1000000000000005, -0.52, 1.4, -0.83, -1.06, -2.1000000000000005, -0.52, 1.4, -0.83, -1.06, -2.1000000000000005, -0.52, 1.4, -0.83, -1.06, -2.1000000000000005, -0.52, 1.4, -0.83, -1.06, -2.1000000000000005, 0.30928, 0.12234500000000001, -0.06974999999999999, 0.52497, 0.275725, -0.6170450000000001, -0.7995, 0.52497, -0.17266999999999996, -0.211945, 0.12234500000000001, 6.60819, -0.018080000000000002, 0.30928, -0.018080000000000002, -0.34453, -0.636925, -0.265575, -0.66392, 1.01194, 0.08713000000000001, 0.08713000000000001, 1.1217, 0.746855, 0.1264, 1.030015, 0.48319, -0.513525, 0.90218, 0.66747, 0.24615, -0.44594, 0.08713000000000001, 0.746855, 0.197415, -0.63154, -0.42314999999999997, 1.18581, 1.038695, 0.56953, 0.9097, 2.08985, 0.6804399999999999, 0.71282, 1.7691400000000002, 1.32969, 1.1371099999999998, 1.19508, 1.57284, 0.92296, 1.4484299999999999, 1.50724, 1.0979700000000001, 1.1371099999999998, 1.50786, 0.852895, 0.74549, 0.785485, 0.62212, -0.21325499999999997, 0.94885, 0.734965, 0.18414499999999995, 0.785485, 0.785485, 0.20503000000000002, 0.734965, 0.678545, 0.434135, 0.093775, 0.5381400000000001, 0.5381400000000001, 0.85885, 0.81909, 0.5745399999999999, 1.00219, -0.40523, 3.3903399999999997, 5.3667625, 5.81692, 4.830884999999999, 6.377269999999999, -0.72224, 3.256195, 4.32932, 0.20833499999999996, 4.376709999999999, 4.838087499999999, 7.0802, 3.22433, 0.90218, 0.20833499999999996, 4.32932, 5.81692, -0.56324, -1.2695699999999999, -0.48551000000000005, -1.50291, -1.82987, -0.26975499999999997, -1.73987, -1.5651449999999998, -0.996885, -2.8809099999999996, -0.996885, -0.63154, -1.50291, -0.13565, -0.56324, -1.045105, -1.50291, -1.739405, -1.66639, 3.14321, 3.454675, 4.85217, 3.013185, 2.3491725, 3.755845, 1.66905, 1.47179, 3.2413849999999997, 2.24654, 1.9783749999999998, 2.65952, 2.349285, 1.705965, 3.2413849999999997, 1.490215, 1.49069, 2.5883175, 2.7290075, 4.22649, 3.4015400000000002, 4.863915, 4.35348, 0.47503999999999996, 3.9998200000000006, 2.3806700000000003, 3.7327150000000002, 2.45192, 1.35494, 2.77156, 3.5909, 5.289219999999999, 1.35494, 4.30882, 4.863915, 4.645375, 3.8580050000000004, 1.726, -0.1, -0.1, -0.1, -0.1, -0.1, -0.1], "real_values": [-0.52, 1.4, -0.83, -1.06, -2.1, -0.52, 1.4, -0.83, -1.06, -2.1, -0.52, 1.4, -0.83, -1.06, -2.1, -0.52, 1.4, -0.83, -1.06, -2.1, -0.52, 1.4, -0.83, -1.06, -2.1, -0.52, 1.4, -0.83, -1.06, -2.1, 0.20503000000000002, -0.08, 0.20503000000000002, 0.45416000000000006, 0.56953, -0.48551000000000005, -0.7995, 0.59578, -0.8461200000000001, -0.74858, 0.32469000000000003, 6.60819, -0.018080000000000002, 0.41353, -0.018080000000000002, -0.34453, -0.52527, 0.21743, -0.66392, 1.1217, 0.10407000000000001, -0.07189, 1.1217, 0.54486, 0.32469000000000003, 1.1111799999999998, 0.01753, -0.39551, 0.90218, 1.96648, 0.24615, -0.26034, 0.74549, 0.94885, 0.197415, -0.63154, -0.18238, 1.18581, 1.38226, 0.56953, 1.34436, 2.08985, 0.6804399999999999, 0.71282, 2.08985, 1.0555299999999999, 1.1320299999999999, 1.19508, 3.16376, 0.65084, 1.4484299999999999, 1.8194, 1.48312, 1.14219, 1.50786, 1.23075, 0.74549, 0.94885, 0.62212, 1.11646, 0.94885, 1.23075, 0.9998299999999999, 0.62212, 0.39571999999999996, 0.20503000000000002, 0.65084, 1.2478, 0.24615, -0.63154, 0.45416000000000006, 0.1635, 0.85885, 0.81909, 0.49823999999999996, 1.00219, -0.08822, 7.50292, 6.9608550000000005, 5.0944199999999995, 3.2845, 6.377269999999999, -0.72224, 5.6102099999999995, 1.22402, 5.14954, 6.05788, 3.2989050000000004, 7.0802, 3.04712, 0.90218, -0.48551000000000005, 7.43462, 6.53942, -0.12233, -1.9759, -0.48551000000000005, -1.40825, -1.82987, 0.09203, -1.73987, -1.6273799999999998, -0.44218, -2.8809099999999996, -1.55159, -0.63154, -0.7995, -0.13565, -0.56324, -0.26034, -1.50291, -1.9759, -0.9486399999999999, 3.14321, 2.05718, 4.85217, 3.013185, 1.6851599999999998, 3.54757, 1.66905, 1.47179, 3.3395599999999996, 2.24654, 2.4660599999999997, 2.65952, 3.02952, 1.9401400000000002, 3.4015400000000002, 1.50864, 1.49069, 2.16345, 2.44483, 3.16376, 3.4015400000000002, 6.32629, 6.32629, 0.47503999999999996, 4.12511, 2.3806700000000003, 3.8745300000000005, 4.4288, 1.35494, 2.77156, 3.5909, 5.289219999999999, 4.6288599999999995, 4.30882, 3.5909, 4.98193, 4.12511, 0.23196, -0.1, -0.1, -0.1, -0.1, -0.1, -0.1]}, "Params": {"n_estimators": "2", "min_samples_split": "2", "bootstrap": "True", "criterion": "mse", "min_samples_leaf": "1"}, "algorithm": "RandomForestRegressor"}