{"errorExec": {"Process": "OK"}, "Performance": {"spearman": {"spearmanr": 0.70051088067472256, "pvalue": 1.8359932121088248e-61}, "pearson": {"pvalue": 3.898834044680146e-67, "pearsonr": 0.7227595843234208}, "kendalltau": {"kendalltau": 0.56939459325609421, "pvalue": 3.8734918975039028e-66}, "r_score": 0.49511120297696853, "predict_values": [0.11882999999999999, 0.54970009676, 3.1703180000000004e-05, 0.0501286, 0.5581325, 0.713896, 0.23885, 0.0094889, 0.1905075, 0.5616234999999999, 0.18997, 0.026354000000000002, 1.3727, 2.411407e-05, 0.23498000000000002, 0.0127117015, 0.0656555, 2.56176e-05, 1.0701, 0.37747160399999996, 0.0262645, 9.181013333333333e-06, 0.0806905, 1.2648, 0.000128094, 0.00161425705, 0.00837655, 1.6245, 0.024218, 0.008979132439999999, 0.95449, 0.00050773, 0.013645500000000001, 0.8258624999999999, 0.36709, 0.20122449999999997, 0.83765, 0.6666000000000001, 0.1257725, 0.06719025021, 0.90697, 2.490385e-05, 0.36993254999999997, 0.3080515, 0.15697300000000003, 0.29616939999999997, 0.9485699999999999, 0.00011920999999999999, 0.197535, 0.26734100000000005, 0.03078115, 0.044344, 1.1894200000000001, 0.00983541, 0.041157, 7.659440000000001e-06, 0.083046, 0.685115, 0.11795, 0.9344899999999999, 0.136994, 0.0054957999999999995, 0.1875042, 1.8459e-05, 0.6885002072699999, 0.45943999999999996, 5.1433999999999996e-05, 0.0087712, 0.37301, 0.70811, 0.012800700000000002, 0.008979132439999999, 1.0994, 0.1901525, 0.57175, 0.0284394, 3.8506125e-05, 0.785495, 0.34453928, 0.309902, 0.123278445, 0.8277599999999999, 0.143565, 2.382948e-05, 0.45305500000000004, 0.0015772, 0.29446913243999995, 0.227635, 0.00785028, 0.49937800000000004, 0.46375663244, 0.59747, 0.03327, 0.0190354, 1.8370071666666666e-05, 0.7334950000000001, 0.335705, 0.0259135, 0.078824, 0.2599985, 0.1393055, 0.601635, 0.7386750000000001, 1.2819056666666667e-05, 0.012968, 0.0188445, 0.21411000000000002, 0.14842349999999999, 0.029685000000000003, 0.030721, 0.0693445207142857, 0.8431599999999999, 0.2863156, 0.0054583999999999995, 0.2302515, 0.0050626, 0.010583461416666667, 0.006479, 0.030986, 0.1354, 0.58619, 1.0031, 0.8332225, 0.53575, 0.37331, 0.123278445, 0.7386750000000001, 0.007834686616666668, 0.086264412, 0.004507, 0.719135, 0.5533567500000001, 0.060413, 3.1252200000000005e-05, 0.44333249999999996, 1.1593, 0.586075, 0.126442, 0.25243374999999996, 0.31121, 1.3857, 0.006736898000000001, 0.16997, 0.58226, 0.55703, 0.1968085, 0.881755, 0.94876, 0.30418, 0.013141, 0.0004958753937500001, 0.7088137580714285, 0.331163, 0.284435, 0.071176, 0.49394, 0.1725, 0.043746, 2.709637e-05, 0.010581, 0.016528716666666665, 0.6356145999999999, 1.6542, 0.10947355, 0.010685, 0.37796, 0.047644, 0.5262199999999999, 1.359004375e-05, 0.019427, 0.6883600000000001, 0.01473, 1.0569, 0.007637056999999999, 0.024762, 0.27712, 0.048594, 0.8151244999999999, 0.9474, 0.0543646, 0.1857985, 0.075692, 0.13194, 7.57194880952381e-05, 0.042379, 8.422200142857143e-05, 0.9743749999999999, 0.01824875, 0.034751961416666664, 0.143565, 0.492957, 0.052545, 4.323644000000001e-05, 0.35392999999999997, 0.16377867895, 0.264135, 0.07573305, 0.06463546393, 0.011634, 0.007868020714285716, 0.013438, 0.296205, 0.03567015085, 0.091018, 0.066747, 0.46376123925, 0.553625, 0.38719000000000003, 0.0773295, 0.18707885999999999, 0.38966, 0.019559, 0.027558, 0.054609000000000005, 0.3443217756, 0.000624250885, 0.005744842, 0.2421687580714286, 0.5926750000000001, 0.35411875807142856, 0.54092, 0.0016972580714285717, 0.12308449999999999, 1.0834300000000001, 0.49547, 0.7058300000000001, 0.20006000000000002, 0.0037358000000000005, 0.62917, 0.019860258071428574, 0.14964908425333334, 0.0600295, 0.31244999999999995, 1.2819056666666667e-05, 0.387335, 0.1340185, 0.025216716666666666, 0.32198000000000004, 0.785495, 1.4175, 0.029338, 0.3772044355, 0.14347943550000003, 1.21691, 1.1593, 0.54057, 0.051386, 0.21406, 0.25204, 2.709637e-05, 0.07982163244, 0.6916585000000001, 0.1187305547, 0.091571, 0.034348000000000004, 0.034005, 3.9127999999999995e-05, 0.022526, 0.157539, 0.12485, 0.03172, 1.1593, 0.45038, 0.076966, 0.005673057, 0.024602397999999998, 0.29251, 0.19832525021, 2.709637e-05, 0.76818, 0.0051775, 0.78027, 0.0012450999999999999, 0.214325237625, 0.028879000000000002, 0.43528, 4.840042666666666e-05, 6.7333250000000005e-06, 0.02797, 0.28885675, 0.36104, 0.0094345, 0.23549, 0.46726316280166663, 0.28438, 0.35291949465000005, 0.7151050000000001, 2.3200666666666666e-05, 0.40691, 0.081114, 2.411407e-05, 0.5033061866166666, 0.021901, 0.24318, 0.7593681628016666, 0.350105, 0.007646716999999999, 0.0403605, 0.000502837, 0.5422395, 0.552646, 0.10604000000000001, 0.053514000000000006, 0.019822217000000003, 0.025404, 0.0025180366166666665, 0.022545, 0.16076, 0.7548699999999999, 0.523425, 0.601635, 0.817395, 0.398715, 0.18370175000000002, 0.00793125, 0.012622, 0.2482, 0.2504, 0.14100100000000002, 0.24333509676, 0.0019984, 0.35292409539375, 0.7655449999999999, 0.060413, 0.7470899999999999, 0.379415, 0.15867799999999999, 0.49394, 0.57216, 0.262461604, 0.221202, 0.1441605, 8.23774e-05, 0.22146, 0.007729604000000001, 0.039593, 0.364045, 0.007193966666666666, 0.06597663244, 0.1122955, 0.008933400000000001, 0.0006450953937500001, 1.3621, 0.37383, 0.48421000000000003, 0.0025155999999999998, 0.014044999999999998, 0.048594, 0.20023, 0.20141850000000003, 4.8604967619047615e-05, 0.015593000000000001, 0.37631950000000003, 0.23549, 0.013434, 0.23746, 0.3502475, 0.053339, 0.081731, 0.34292816280166666, 0.017863999999999998, 0.098692, 0.05762865014, 0.023953, 0.26293, 0.159271, 0.314647, 0.2096725, 0.13438, 0.241222, 0.14747535, 0.82676, 2.0870993750000002e-05, 0.49895699999999993, 0.37270859999999995, 0.35615565000000005, 0.49968999999999997, 0.14346725300000002, 0.0103548, 2.2676999999999997e-05, 7.285346517857143e-05, 1.8321e-05, 0.055598, 0.0147545, 0.9551700000000001, 0.3891945, 0.028446, 0.07582, 0.79281, 0.0032670000000000004, 0.008701186616666667, 0.011264, 0.0093626, 0.024435, 0.25021000000000004, 0.06704500000000001, 0.89126, 0.705165, 0.63956, 0.44333249999999996, 0.875715, 0.01339, 0.00097356, 0.355865, 0.071335, 0.7334950000000001, 0.022882, 1.0991],