{"errorExec": {"Process": "OK"}, "Performance": {"spearman": {"spearmanr": 0.77938187959009564, "pvalue": 1.8568374594311416e-84}, "pearson": {"pvalue": 1.6883878560278642e-88, "pearsonr": 0.79056863171153602}, "kendalltau": {"kendalltau": 0.62217376640217126, "pvalue": 1.3187575598528652e-78}, "r_score": 0.62252591169191607, "predict_values": [419.15, 416.54499999999996, 413.43, 424.9, 414.475, 424.29, 416.35, 406.94, 424.45, 419.19500000000005, 419.84, 416.12, 420.34000000000003, 419.3, 415.92499999999995, 412.545, 415.23, 408.19, 412.77, 417.82000000000005, 417.75, 420.405, 413.7, 421.485, 416.54499999999996, 418.695, 414.32, 412.995, 416.01, 419.27, 410.82, 415.485, 417.36, 420.38000000000005, 414.78999999999996, 423.365, 420.685, 419.75, 424.54, 413.45, 417.65, 411.31, 413.84, 420.79, 413.97, 413.01, 411.29999999999995, 410.955, 417.49, 422.41, 415.61, 422.65, 414.87, 407.765, 424.05999999999995, 415.07500000000005, 422.85, 416.92, 416.31, 423.03999999999996, 419.21, 415.09, 414.83500000000004, 419.99, 410.41, 416.35, 423.59000000000003, 417.22, 417.41999999999996, 418.82, 420.44, 424.08, 416.815, 417.11, 418.205, 417.85, 420.93, 415.56, 420.67, 417.12, 419.12, 414.08500000000004, 419.1, 416.085, 417.81, 424.06, 421.21500000000003, 412.69, 418.17499999999995, 422.09, 414.89, 419.99, 418.225, 421.15, 410.79, 417.67, 423.16999999999996, 412.66, 411.31, 416.2, 419.46, 414.04999999999995, 416.505, 418.88, 424.73, 418.33500000000004, 420.67, 410.92, 419.75, 416.275, 405.47, 417.82000000000005, 412.685, 412.525, 425.0, 423.475, 419.96500000000003, 410.59000000000003, 411.61, 422.26, 418.32, 405.14000000000004, 417.565, 425.0, 421.03, 423.83, 419.28, 416.645, 414.96, 413.07, 421.92, 411.13, 420.27, 419.77, 416.6925, 418.43, 420.38, 423.425, 412.02, 417.405, 418.7, 424.78, 418.83500000000004, 415.995, 411.28, 418.02, 416.33000000000004, 425.0, 417.13, 413.70000000000005, 413.03999999999996, 420.18, 419.54, 419.56, 420.27, 418.04, 418.86, 413.15, 420.465, 414.91, 423.48, 414.69, 419.82500000000005, 416.71, 418.04, 417.78499999999997, 421.155, 411.655, 421.785, 411.655, 422.5, 409.985, 422.11, 415.44, 419.3, 417.805, 420.60499999999996, 422.09, 407.8, 418.64, 422.84, 423.06, 417.68, 418.345, 415.22, 419.36, 414.05, 416.42, 420.59000000000003, 419.16, 414.96, 408.105, 414.96, 413.885, 410.165, 417.19, 419.78, 418.4, 414.51, 413.145, 414.83, 411.48, 413.74, 419.265, 421.11, 414.73, 413.98, 420.0, 414.41999999999996, 419.65, 422.04499999999996, 412.1, 413.62, 418.855, 417.25, 415.93, 416.07, 422.18, 421.865, 415.745, 414.325, 421.125, 416.875, 417.6, 414.44, 414.715, 416.29, 417.25, 413.16999999999996, 415.145, 421.72, 419.86, 423.16999999999996, 422.095, 410.49, 416.17999999999995, 407.74, 411.97, 416.495, 418.46000000000004, 415.18, 414.64, 421.62, 420.23, 411.455, 419.055, 415.28999999999996, 410.08500000000004, 425.0, 409.62, 422.89, 413.11, 424.86, 412.90999999999997, 419.64, 405.97, 413.38, 421.0, 419.64, 423.24, 422.04, 416.61, 408.28999999999996, 420.28, 411.04499999999996, 416.84, 417.42, 417.89, 407.16, 424.86, 419.86, 411.1, 414.64, 422.03, 413.05, 424.14, 410.86, 416.53, 412.94, 411.695, 419.61, 418.78499999999997, 412.005, 421.44, 411.62, 422.23, 414.83, 405.56, 420.2, 420.33, 419.7, 424.845, 412.005, 425.0, 414.44, 424.125, 416.375, 421.25, 419.32, 419.89, 410.77, 412.145, 418.56, 415.515, 413.95000000000005, 419.47, 413.79, 415.83, 420.86, 414.825, 415.205, 423.41999999999996, 424.73, 406.375, 424.48, 420.48, 421.04, 416.025, 423.52, 417.09, 409.52, 414.275, 405.55, 414.36, 408.38, 421.38, 416.43, 416.82, 417.095, 413.91, 416.88, 419.86, 419.77, 418.16999999999996, 414.32500000000005, 413.835, 417.65, 415.24, 416.41499999999996, 418.5899999999999, 414.805, 414.31, 424.065, 407.36, 412.12, 410.885, 415.40999999999997, 416.88, 411.13, 420.43, 417.52, 420.735, 412.49, 409.78, 417.7, 419.62, 414.6, 405.36, 405.98, 414.06, 420.935, 419.105, 405.3, 417.355, 421.685, 414.21000000000004, 413.87, 410.85, 415.11, 416.0, 421.09000000000003, 419.22, 417.345, 417.13, 414.68, 415.685, 409.11, 419.51, 412.65, 419.385, 418.025, 417.805, 414.64, 407.56, 414.23, 415.32, 415.9, 417.03, 423.29499999999996, 419.12, 414.99, 414.99, 416.15, 405.41, 418.96000000000004, 405.78, 410.895, 415.88, 417.13, 416.6925, 423.95, 416.11, 408.06, 418.225, 410.23, 418.78, 415.92, 414.85],