{"errorExec": {"Process": "OK"}, "Performance": {"spearman": {"spearmanr": 0.76576794489925504, "pvalue": 7.556074084293104e-80}, "pearson": {"pvalue": 6.4752515017488281e-245, "pearsonr": 0.96764114190400863}, "kendalltau": {"kendalltau": 0.5993399816929228, "pvalue": 4.4553693739673776e-73}, "r_score": 0.8644128653802442, "predict_values": [0.023897172935695966, 0.07943468062420583, 0.11292624686547548, 0.3037451943392898, 0.5304364162809658, 0.055729098817639426, 0.09691324257714118, 0.04485537654642925, 0.07187240069523747, 0.1566113140932891, 0.021458654080602872, 0.35269852120417094, 0.27652315215832907, 0.09747777209047469, 0.11824825715162504, 0.11389567512083153, 0.10513789319524075, 0.10048016039166752, 0.387617726008805, 0.03292400677013623, 0.32040623761500553, 0.04027072263297347, 0.04009426282176007, 0.4248532407307063, 0.05239563583035773, 0.12125588322500132, 0.13293654400237837, 0.08236644084722483, 0.03018025592234107, 0.9375426940000119, 0.8821958524666619, 0.31415774832499405, 0.6963398570666539, 0.03421005364575815, 0.07225707643825555, 0.08245918366083418, 0.0330434150593257, 0.050819798953953436, 0.09833296425677046, 0.10530491484583121, 0.18395816533398796, 0.7626556084916754, 0.05902805202515919, 0.10750124076285562, 0.4238224278666616, 0.3395714643250008, 0.07251585800416664, 0.15016014325489924, 0.22728097378334117, 0.04684110198396739, 0.7084711858083323, 0.27110759108094334, 0.0880293857439153, 0.9664939871000288, 0.2154573764166704, 0.3417333599499928, 0.03308318734714264, 0.14565578390615097, 0.3538729415083313, 0.5375939660750025, 0.05124936395595154, 0.12056403358333606, 0.1180511226859098, 0.0349577430206165, 1.330226662199957, 0.38301570743927965, 0.16339016284166627, 0.22626135598332997, 0.10260242121448276, 0.07341276564821371, 0.1382593321466684, 0.31972736498571985, 0.053205087596335104, 0.056523007805297794, 0.053889183262067784, 0.08280021584301807, 0.06263971001317427, 0.2772991042190472, 0.06888241311130879, 0.11445653483333428, 0.09373671304695069, 0.18919252828333508, 0.07336298716341261, 0.20970609313333818, 0.14568481735292077, 0.13589280570248655, 0.07446644043016888, 0.114358726163691, 0.07124437855872977, 0.035239784262334095, 0.08767387664686291, 0.028619820110855336, 0.30790291857500124, 0.04523476512475903, 0.3994177007569031, 0.03981920556146756, 0.03351546003353495, 0.06501740281012025, 0.1372191447916655, 0.0889920769678567, 0.1747881909452402, 0.07689198413349625, 0.03367416323452383, 0.10627567680893116, 0.25635559840000566, 0.1591287532880957, 0.06927302867492142, 0.20743003297499735, 0.18497817402976754, 0.10877260103647084, 1.3745595127333268, 0.028859396164114353, 0.0686929226170624, 0.23246623447500553, 0.04145918219063781, 0.027725587834992307, 0.14526815472857346, 0.1999449130595257, 0.5783972130001034, 0.9175617497036836, 0.4450528154083404, 0.5188949870791812, 0.04961651707540509, 0.2028613960999956, 0.030963884707998855, 0.07730347311091373, 0.03308150318452401, 0.9773810615875153, 0.07255400766547582, 0.08467583002595502, 0.060587852393213286, 0.24846256331130703, 0.12970170332916478, 0.09310691649166783, 0.1313073189750047, 0.07573441434339853, 0.026712670054725184, 0.07902613966293547, 0.5564598929166762, 0.22038300266488198, 0.26511566322024277, 0.06404078787684367, 0.30928048212083264, 0.13716853243214291, 0.14331221045118733, 0.7083686441333268, 0.04985948703829329, 0.08275311804666642, 0.10757087778174429, 0.25915585324643037, 0.9565958804500271, 0.018019893373189128, 0.28275475511667314, 0.10435465792976194, 0.6974510230316652, 0.052000550265512126, 0.05255477458809611, 0.20652980391666534, 0.9258451449916807, 0.7056017095690567, 0.16990265543333538, 0.8974383927166579, 0.14153126137642982, 0.18956723994880664, 0.31779867269226847, 0.23406825050594768, 0.48171872369167174, 0.2617034194000028, 0.056699089794643304, 0.2053316245249977, 0.18580458583512274, 0.786914579619996, 0.9600179939502581, 0.10160886720035502, 0.04005939430202388, 0.10505445949047748, 0.05375149946567337, 0.03294157413368612, 0.11578724616190214, 0.09527661930952577, 0.8610193873166825, 0.23377821964166443, 0.03971069861249936, 0.08030355968868914, 0.07534021350038414, 0.04024361537063459, 0.4425121051944406, 0.1676912519515449, 0.07663666102083355, 0.04439735820662679, 0.06677824950198591, 0.93909059644999, 0.397384757683327, 0.08668636579404475, 0.14528990649999698, 0.26175766095595376, 0.4561977419354192, 0.029530582583816554, 0.7273941820118878, 0.05066707152222279, 0.29995153601787855, 0.06659098474369742, 0.17573509056178138, 0.08338334988687675, 0.4211403007449937, 0.16578397597499772, 0.1939364431166611, 0.06922589545119129, 0.20178943266904506, 0.05730427205773778, 0.11018206079762137, 0.09955564031714444, 0.07788579644857103, 0.04374851610506856, 0.12450035667737797, 0.3553476688249915, 0.18835975859286042, 0.14237895005952556, 0.059107212570769764, 0.33825708947916927, 0.09754426477999802, 0.6397521339166646, 0.11453983494087255, 0.04156824998293544, 0.6175447448433278, 0.22345365954166002, 0.05616552820396333, 0.15057651164523989, 0.1372885721583321, 0.2854186264999935, 0.01937395358377339, 0.09974706889166549, 0.05457027602388846, 0.9918558009166769, 0.800451687290459, 0.1039201206480176, 0.6728022923416622, 0.09973476550119267, 0.045630079134477086, 0.03570447081206728, 0.19022013092142478, 0.16553800532400903, 0.16189875758948688, 0.06747415038630981, 0.4412702295220266, 0.0630340302076092, 0.5891393689333354, 0.11218093093000309, 0.14980419467332207, 0.08046993057976104, 0.11853184374904557, 0.08293014532142674, 0.9475605925866717, 0.12982534468749882, 0.3304386623583374, 0.04654947408206207, 0.14407053101428502, 0.18167050220833117, 0.8474258242333491, 0.09183527948547673, 0.15998578131369365, 0.2158776449285738, 0.11984292420594805, 0.0528930298707529, 0.14090082941250096, 0.052387704188691826, 0.03988574095693704, 0.06608123984199027, 0.10378259324940262, 0.14283060804761866, 0.12703806461904807, 0.07757134968678452, 0.1495067671433329, 0.704162927130961, 0.046603468501414044, 0.12084331040277582, 0.18356712308393058, 0.21002993574166098, 0.05479279840654832, 0.08983616169345336, 0.052268914566666325, 0.5483700141826063, 0.04608726887718316, 0.20696241128000437, 0.22809559589841932, 0.02529863523075366, 0.03849383794489935, 0.09601488336964543, 0.05819319375357139, 0.25669639797143384, 0.2412767641023754, 0.09648190045813426, 0.0520471154895342, 0.13821008008750052, 0.08161183958878958, 0.04310382305687157, 0.13939060593690103, 0.03505928123380984, 0.10087263136666788, 0.047235225463740316, 0.0728601600323766, 0.1766572351154718, 0.03454195067088747, 0.06947301230714306, 0.12126586147500044, 0.30307993770000047, 0.05534846991666622, 0.17581857660594902, 0.0618821115100294, 0.04867175403470346, 0.05451220048865515, 0.49061856750806687, 0.31188839270000196, 0.4985186903797532, 0.30087346839999124, 0.07531417725932427, 0.04156464379291109, 0.9370676721249813, 0.2982530182833372, 0.17683986535000415, 0.4380355786499898, 0.05585962890297664, 0.16428968291786056, 0.12892996346277846, 0.631123844704945, 0.0343733305327019, 0.1853666264080413, 0.1054842120428609, 0.09058822946610832, 0.033080873817756956, 0.14121671244166684, 0.16176503286250202, 0.13046265003702048, 0.06619817253272199, 0.10871027084166784, 0.046642661111945274, 0.3614864050374972, 0.37833311732167285, 0.1342248276257906, 0.16083674855595556, 0.12099153820827643, 0.12463844405222134, 0.05618505810238099, 0.572348077752985, 0.15106334473968583, 1.3318526980527068, 0.17876503888333758, 0.06739411822587296, 0.3374090169666658, 0.04973696689345299, 0.07685016582023803, 0.7681984648000111, 0.19265385225872544, 0.07960377290499916, 0.06130085087440595, 0.04827199302005684, 0.10567397325499778, 0.5440997361321439, 0.6906167900499918, 0.09901811256964262, 0.1663334670482171, 0.025900884376591164, 0.28367091741905204, 0.05552148665563554, 0.03456447170042125, 0.21530900867499989, 1.03405620693926, 0.5135890252083409, 