{"errorExec": {"Process": "OK"}, "Performance": {"spearman": {"spearmanr": 0.968148055210323, "pvalue": 6.641644887400429e-91}, "pearson": {"pvalue": 6.38969212650706e-128, "pearsonr": 0.9900405758461467}, "kendalltau": {"kendalltau": 0.8779530325082789, "pvalue": 3.1936889278072545e-57}, "r_score": 0.9799196710618551, "predict_values": [1.5441176470588238, 1.4892857142857143, 1.3454545454545455, 1.3454545454545455, 1.5441176470588238, 1.5441176470588238, 1.35, 1.5441176470588238, 1.3454545454545455, 1.4892857142857143, 1.5441176470588238, 1.583333333333333, 1.5166666666666666, 1.3454545454545455, 1.4892857142857143, 1.5441176470588238, 1.5441176470588238, 1.5441176470588238, 1.5441176470588238, 1.5441176470588238, 1.5441176470588238, 1.583333333333333, 1.2166666666666666, 1.583333333333333, 1.583333333333333, 1.4892857142857143, 1.583333333333333, 1.5441176470588238, 1.5441176470588238, 1.3454545454545455, 1.5166666666666666, 1.583333333333333, 1.5166666666666666, 1.5166666666666666, 1.4892857142857143, 1.4892857142857143, 1.5441176470588238, 1.5441176470588238, 1.3454545454545455, 1.5441176470588238, 1.5441176470588238, 1.35, 1.3454545454545455, 1.583333333333333, 1.583333333333333, 1.5166666666666666, 1.5441176470588238, 1.3454545454545455, 1.5441176470588238, 1.5441176470588238, 4.673076923076924, 4.6640000000000015, 4.673076923076924, 4.036111111111111, 4.6640000000000015, 4.036111111111111, 5.0, 3.642857142857142, 4.626666666666667, 4.135714285714286, 3.642857142857142, 4.626666666666667, 3.9933333333333336, 4.6640000000000015, 4.036111111111111, 4.6640000000000015, 4.657575757575756, 3.8966666666666665, 4.673076923076924, 3.642857142857142, 5.289062499999997, 4.626666666666667, 4.673076923076924, 4.626666666666667, 4.626666666666667, 4.6640000000000015, 4.673076923076924, 5.177777777777776, 4.657575757575756, 3.760714285714287, 3.642857142857142, 3.760714285714287, 4.135714285714286, 4.657575757575756, 4.657575757575756, 4.657575757575756, 4.6640000000000015, 4.6640000000000015, 4.036111111111111, 4.036111111111111, 4.036111111111111, 4.6640000000000015, 4.135714285714286, 3.642857142857142, 4.036111111111111, 4.036111111111111, 4.036111111111111, 4.626666666666667, 3.4083333333333337, 4.036111111111111, 5.3533333333333335, 5.342857142857142, 5.852830188679247, 5.342857142857142, 5.3533333333333335, 6.385714285714286, 4.828571428571428, 6.322222222222223, 5.342857142857142, 6.04, 5.3533333333333335, 5.3533333333333335, 5.5857142857142845, 5.0, 5.342857142857142, 5.3533333333333335, 5.342857142857142, 6.385714285714286, 6.385714285714286, 4.673076923076924, 5.5857142857142845, 5.0, 6.385714285714286, 5.342857142857142, 5.3533333333333335, 6.04, 5.289062499999997, 5.289062499999997, 5.3533333333333335, 5.7705882352941185, 6.323076923076925, 6.385714285714286, 5.3533333333333335, 4.6640000000000015, 4.673076923076924, 6.385714285714286, 5.3533333333333335, 5.342857142857142, 5.289062499999997, 5.5857142857142845, 5.3533333333333335, 5.5857142857142845, 5.342857142857142, 5.5857142857142845, 5.3533333333333335, 5.3533333333333335, 5.3533333333333335, 5.3533333333333335, 5.342857142857142, 5.289062499999997], "real_values": [1.4, 1.4, 1.3, 1.5, 1.4, 1.7, 1.4, 1.5, 1.4, 1.5, 1.5, 1.6, 1.4, 1.1, 1.2, 1.5, 1.3, 1.4, 1.7, 1.5, 1.7, 1.5, 1.0, 1.7, 1.9, 1.6, 1.6, 1.5, 1.4, 1.6, 1.6, 1.5, 1.5, 1.4, 1.5, 1.2, 1.3, 1.4, 1.3, 1.5, 1.3, 1.3, 1.3, 1.6, 1.9, 1.4, 1.6, 1.4, 1.5, 1.4, 4.7, 4.5, 4.9, 4.0, 4.6, 4.5, 4.7, 3.3, 4.6, 3.9, 3.5, 4.2, 4.0, 4.7, 3.6, 4.4, 4.5, 4.1, 4.5, 3.9, 4.8, 4.0, 4.9, 4.7, 4.3, 4.4, 4.8, 5.0, 4.5, 3.5, 3.8, 3.7, 3.9, 5.1, 4.5, 4.5, 4.7, 4.4, 4.1, 4.0, 4.4, 4.6, 4.0, 3.3, 4.2, 4.2, 4.2, 4.3, 3.0, 4.1, 6.0, 5.1, 5.9, 5.6, 5.8, 6.6, 4.5, 6.3, 5.8, 6.1, 5.1, 5.3, 5.5, 5.0, 5.1, 5.3, 5.5, 6.7, 6.9, 5.0, 5.7, 4.9, 6.7, 4.9, 5.7, 6.0, 4.8, 4.9, 5.6, 5.8, 6.1, 6.4, 5.6, 5.1, 5.6, 6.1, 5.6, 5.5, 4.8, 5.4, 5.6, 5.1, 5.1, 5.9, 5.7, 5.2, 5.0, 5.2, 5.4, 5.1]}, "Params": {"n_estimators": "10", "loss": "linear"}, "algorithm": "AdaBoostRegressor"}