{"errorExec": {"Process": "OK"}, "Performance": {"spearman": {"spearmanr": 0.70734013185158739, "pvalue": 3.7968077302101644e-63}, "pearson": {"pvalue": 7.9351681966655245e-72, "pearsonr": 0.73964965849753062}, "kendalltau": {"kendalltau": 0.59892436336946153, "pvalue": 5.592586745568103e-73}, "r_score": 0.52741643620687628, "predict_values": [0.030235, 0.038932499999999995, 0.07220700000000001, 0.03987, 0.022671444444444445, 0.053214, 0.15434050000000002, 0.04764775, 0.15404, 0.01659335, 0.028216666666666668, 0.073713, 0.038188, 0.0782305, 0.004963775, 0.1101565, 0.090339, 0.05499950000000001, 0.014906, 0.0328725, 0.031356999999999996, 0.013930500000000002, 0.2494345, 0.016655, 0.049414, 0.2434225, 0.1093475, 0.021202000000000002, 0.025941, 0.06447549999999999, 0.010263, 0.049569999999999996, 0.0235895, 0.07460900000000001, 0.03582175, 0.029641, 0.0235895, 0.0186955, 0.22503, 0.0232555, 0.028313666666666668, 0.0851335, 0.026708000000000003, 0.029767166666666667, 0.018143199999999998, 0.055285, 0.0744305, 0.015565700000000002, 0.18056, 0.0267735, 0.0248, 0.017051, 0.022420000000000002, 0.07358600000000001, 0.022654, 0.213022, 0.0524385, 0.0269955, 0.016056, 0.006457600000000001, 0.0239925, 0.033785, 0.020145, 0.036629, 0.013597428571428573, 0.037019500000000004, 0.21727, 0.14590999999999998, 0.020290125, 0.01360985, 0.083677, 0.09070799999999998, 0.0402555, 0.050525, 0.008648399999999999, 0.0755885, 0.0224185, 0.0667885, 0.022441500000000003, 0.024063, 0.44740499999999994, 0.121471, 0.0357875, 0.0342455, 0.9380933333333333, 0.5957019444444444, 0.0368105, 0.035843, 0.048214, 0.020545125, 0.034827500000000004, 0.020721, 0.0836555, 0.053698499999999996, 0.09638250000000001, 0.19760450000000002, 0.048220500000000006, 0.032882999999999996, 0.059484333333333334, 0.07567, 0.04433, 0.048635000000000005, 0.021087500000000002, 1.4784, 0.31901, 0.022671444444444445, 0.03488394444444445, 0.034144499999999994, 0.18024, 0.048974000000000004, 0.0981165, 0.025408, 0.033617999999999995, 0.056722, 0.050493500000000004, 0.043595999999999996, 0.040522, 0.0441245, 0.013531, 0.004679724999999999, 0.5978636666666666, 0.041328, 0.128982, 0.023944, 0.025179, 0.07989850000000001, 0.8405185, 0.1071715, 0.025403500000000002, 0.08149033333333333, 0.030176500000000002, 0.014851, 0.04112099999999999, 0.04646075, 0.02044, 0.31692, 0.0248515, 0.9378634999999999, 0.055796000000000005, 0.021442166666666665, 0.0375385, 0.043184, 0.14209, 0.014421928571428572, 0.031168500000000002, 0.128363, 0.0244215, 0.16926, 0.00940405, 0.3251045, 0.12346000000000001, 0.022821, 0.11177999999999999, 0.024219, 0.01061345, 0.023375, 0.010309, 0.086294, 0.26224549999999996, 0.06402, 0.0439965, 0.038583, 0.0092851, 0.052564, 0.034461, 0.0414633, 0.053266499999999994, 1.858, 0.05645599999999999, 0.20167000000000002, 0.031253, 0.0953525, 0.35933109999999996, 0.048195, 0.9378634999999999, 0.0233895, 0.0280145, 0.029202999999999996, 0.08698099999999999, 0.030824999999999998, 0.081417, 0.042751, 0.0249575, 0.034894999999999995, 0.018612, 0.05756700000000001, 0.044679, 0.06415599999999999, 0.052015125, 0.040274000000000004, 0.0186955, 0.08607000000000001, 0.092361, 0.035271, 0.25850500000000004, 0.1035075, 0.025993049999999997, 0.017154350000000002, 0.023714, 0.0300975, 0.013880000000000002, 0.46516, 0.0462755, 0.022744, 0.028110000000000003, 0.0382675, 0.013175794444444444, 0.05619766666666667, 0.018086, 0.13367194444444447, 0.10383400000000001, 0.02687244444444445, 0.0164418, 0.008648399999999999, 0.056674999999999996, 0.145005, 0.026479999999999997, 0.05399400000000001, 0.01819933333333333, 0.037042, 0.035340250000000004, 0.098772, 0.038704499999999996, 0.036138750000000004, 0.018611000000000003, 0.027005, 0.0508575, 0.24636175000000005, 0.42027899999999996, 0.23893199999999995, 0.024352000000000002, 0.42051949999999994, 0.057977, 0.7884365, 0.02867195, 0.043791, 0.058772000000000005, 0.038350944444444444, 0.0188155, 0.031226000000000004, 0.102073, 0.058848000000000004, 0.06948133333333334, 0.12387000000000001, 0.1917585, 0.01446, 0.08139433333333335, 0.06184783333333334, 0.0061987, 0.2576275, 0.034878, 0.030798000000000002, 0.819765, 0.048272, 0.113687, 0.0379875, 0.0949525, 0.060278, 0.023163999999999997, 0.048001999999999996, 0.03862335, 0.0254025, 0.026208000000000002, 0.843876, 0.0658375, 0.037772, 0.037364, 0.038350944444444444, 1.9999, 0.03748, 0.37127, 0.012067, 0.8483205, 0.023828250000000002, 0.0326575, 0.070431, 0.078944, 0.315215, 0.041282, 0.034669, 0.018963, 0.0185005, 0.12875999999999999, 0.755384, 0.010903350000000001, 0.0169835, 0.011791666666666666, 0.057576999999999996, 0.037889, 0.07446900000000001, 0.10048, 0.033659, 0.25014000000000003, 0.011239694444444445, 0.0228365, 0.038316, 0.04242435, 0.36707724999999997, 0.05829500000000001, 0.048206, 0.025707, 0.04396, 0.035963999999999996, 0.03779285, 0.082065, 0.13643, 0.031772499999999995, 0.052739, 0.030491000000000004, 0.026858499999999997, 0.0464305, 0.0171975, 0.34396000000000004, 0.07709099999999999, 0.23615599999999998, 0.0604735, 0.015745166666666664, 0.9308092499999999, 0.1042, 0.02262945, 0.0712715, 0.026286000000000004, 0.075817, 0.019516, 0.0171725, 0.0214615, 0.0143095, 0.04764775, 0.0414845, 0.014344928571428573, 0.0197905, 0.17054, 0.023867, 0.029782, 0.44279299999999994, 0.034669, 0.022708, 0.1221705, 0.4296499999999999, 0.0091477, 0.011882666666666666, 0.040742, 0.017637, 0.09006225, 0.020411000000000002, 0.3849, 0.12839, 0.020626000000000002, 0.00846885, 0.047657500000000005, 0.054634, 0.44118500000000005, 0.02395725, 0.004973600000000001, 0.3865635, 0.026976999999999998, 0.11742450000000001, 0.03160566666666667, 0.041308, 0.037493625, 0.16236, 0.019426, 0.09020900000000001, 0.035941, 0.037872444444444445, 0.5956254999999999, 0.047117000000000006, 0.016999, 0.014149444444444445, 0.43148549999999997, 0.12888, 0.017809875000000003, 0.040619, 0.0314495, 0.616346, 0.050857, 0.012749300000000002, 0.010558999999999999, 0.013829, 0.042622, 0.04185850000000001, 0.02698205, 0.01061345, 0.039174, 0.030381000000000002, 0.13554000000000002, 0.041308, 0.023641000000000002, 0.021087500000000002, 0.1421, 0.047674, 0.017108944444444444, 0.030865999999999998, 0.0833715, 0.052780999999999995, 0.008454300000000001, 0.038589750000000006, 0.0204685, 0.035963999999999996, 0.019244999999999998, 0.108183, 0.034865, 0.10975, 0.029462499999999996, 0.0322895, 0.034404000000000004, 0.0464305, 0.0287955],