{"errorExec": {"Process": "OK"}, "Performance": {"spearman": {"spearmanr": 0.99999869544599762, "pvalue": 0.0}, "pearson": {"pvalue": 0.0, "pearsonr": 0.99999999999123224}, "kendalltau": {"kendalltau": 0.99994199367726322, "pvalue": 7.2884154541035624e-65}, "r_score": 0.99999999998246458, "predict_values": [1.00925, -0.20554, 0.79502, 0.4051, -0.486275, 0.42954, -0.91179, -0.00598, 1.03865, -0.438895, 0.8687600000000001, 0.4102, 0.19108, 0.3398, -0.492925, 0.17762999999999998, 0.40835, 1.63663, 0.802705, 0.5203399999999999, -0.177335, 2.0064, 0.5990216666665, -0.04004, 0.14961, 1.211575, -0.19985999999999998, 0.05, 0.09985, 0.30701, 0.42954, 0.4102, 0.37994, 1.2079799999999998, -0.20979499999999998, -0.594195, 0.10395, 0.5939, -0.04999, 0.2701, 0.19991, 0.2381, 0.05119, 1.7203950000000001, 0.28907, 2.4115, 0.521125, 0.3398, 0.323925, 0.11015, 0.19991, 0.12763, 0.40835, -0.04999, -0.19985999999999998, -0.04999, 1.95245, 0.0, 0.8687600000000001, 0.19956, 0.323925, 0.0, 0.0, 0.990815, 1.52383666667, -0.04614, 0.52983, 1.4572725, -0.07902, 0.7822, 0.1776, -0.19061, 0.8372299999999999, 0.08271, -0.07902, 0.19912, -0.07902, -0.06235, 0.1079, -0.041005, -0.014980000000000002, 1.36154, 1.5024825000000002, 0.5878, 2.1521, 0.14377, 0.0428, 0.0870133333333, -0.012556666666700002, 0.0, 0.23995, 0.19912, 0.691276666667, 0.07828500000000001, -0.25493000000000005, 0.298586666667, 0.25936, 2.96296, -0.1451125, -0.4102, -0.03035, 0.012383333333299999, 0.89307, 0.26882, 1.6774875, 0.52099, 0.99928, 0.5990216666665, 0.55797, 0.0564, -0.19030999999999998, -0.014980000000000002, -0.13309, -0.50638, -0.0288075, 0.25123, 0.031915, 0.0697, -0.029977499999999997, 0.049713333333300004, 1.53472, 0.20132666666700003, -0.0947766666667, 1.14091, -0.04614, -0.65823, 0.5456325, 0.0322175, 4.5, 2.7817, 4.5, 0.19912], "real_values": [1.00925, -0.20554, 0.79501999999999995, 0.40510000000000002, -0.48627500000000001, 0.42953999999999998, -0.91178999999999999, -0.0059800000000000001, 1.0386500000000001, -0.43889499999999998, 0.86876000000000009, 0.41020000000000001, 0.19108, 0.33979999999999999, -0.492925, 0.17762999999999998, 0.40834999999999999, 1.63663, 0.802705, 0.52033999999999991, -0.17733499999999999, 2.0064000000000002, 0.59904999999999997, -0.040039999999999999, 0.14960999999999999, 1.2115750000000001, -0.19985999999999998, 0.050000000000000003, 0.099849999999999994, 0.30701000000000001, 0.42953999999999998, 0.41020000000000001, 0.37994, 1.2079799999999998, -0.20979499999999998, -0.59419500000000003, 0.10395, 0.59389999999999998, -0.04999, 0.27010000000000001, 0.19991, 0.23810000000000001, 0.051189999999999999, 1.7203950000000001, 0.28906999999999999, 2.4115000000000002, 0.52112499999999995, 0.33979999999999999, 0.32392500000000002, 0.11015, 0.19991, 0.12762999999999999, 0.40834999999999999, -0.04999, -0.19985999999999998, -0.04999, 1.95245, 0.0, 0.86876000000000009, 0.19955999999999999, 0.32392500000000002, 0.0, 0.0, 0.990815, 1.5238366666700001, -0.04614, 0.52983000000000002, 1.4572725, -0.079020000000000007, 0.78220000000000001, 0.17760000000000001, -0.19061, 0.83722999999999992, 0.082710000000000006, -0.079020000000000007, 0.19911999999999999, -0.079020000000000007, -0.062350000000000003, 0.1079, -0.041005, -0.014980000000000002, 1.36154, 1.5024825000000002, 0.58779999999999999, 2.1520999999999999, 0.14377000000000001, 0.042799999999999998, 0.087013333333299997, -0.012556666666700002, 0.0, 0.23995, 0.19911999999999999, 0.69127666666700005, 0.078285000000000007, -0.25493000000000005, 0.29858666666700001, 0.25935999999999998, 2.9629599999999998, -0.14511250000000001, -0.41020000000000001, -0.030349999999999999, 0.012383333333299999, 0.89307000000000003, 0.26882, 1.6774875, 0.52098999999999995, 0.99927999999999995, 0.59899333333299998, 0.55796999999999997, 0.056399999999999999, -0.19030999999999998, -0.014980000000000002, -0.13309000000000001, -0.50638000000000005, -0.0288075, 0.25123000000000001, 0.031914999999999999, 0.069699999999999998, -0.029977499999999997, 0.049713333333300004, 1.5347200000000001, 0.20132666666700003, -0.094776666666699996, 1.1409100000000001, -0.04614, -0.65822999999999998, 0.54563249999999996, 0.032217500000000003, 4.5, 2.7816999999999998, 4.5, 0.19911999999999999]}, "Params": {"splitter": "best", "criterion": "mse"}, "algorithm": "DecisionTreeRegressor"}