{"errorExec": {"Process": "OK"}, "Performance": {"spearman": {"spearmanr": 0.75265689655699208, "pvalue": 1.0723443167114473e-75}, "pearson": {"pvalue": 2.1477441024945616e-77, "pearsonr": 0.75812173179323772}, "kendalltau": {"kendalltau": 0.59574980729072446, "pvalue": 3.1584515093457332e-72}, "r_score": 0.56746727274246944, "predict_values": [2.710105, 0.0461205, 4.8984, 0.898945, 0.23084000000000002, 2.9206100000000004, 3.03785, 2.8325500000000003, 0.099981, 4.9867, 0.52652, 3.29485, 4.9365, 2.510608, 3.54265, 2.84685, 4.482275, 0.363815, 3.870775, 3.9322, 3.9999000000000002, 0.67457, 3.4045, 0.020134, 1.809755, 2.916265, 2.3167999999999997, 2.659335, 4.9943, 4.15995, 2.7012449999999997, 2.4192, 4.6519, 3.29485, 4.2345, 0.020134, 1.3977, 1.8869999999999998, 1.53458, 4.5531, 0.83901, 2.8903499999999998, 2.1620999999999997, 2.5313535, 3.93805, 3.64475, 3.4882, 4.9999, 2.66548, 2.64665, 0.025331, 3.04225, 4.440175, 3.2508999999999997, 4.9936, 1.08934, 1.6858, 4.5271, 0.10984000000000001, 4.968225, 2.90099, 4.9998, 3.1764, 4.9999, 4.992075, 0.9336200000000001, 0.93132, 0.6382899999999999, 3.513125, 1.7811499999999998, 4.8254, 1.983, 2.7360499999999996, 4.69825, 3.04225, 2.39937, 0.94184, 4.7307, 4.9787, 3.6678999999999995, 1.721225, 2.0514, 4.731, 2.11793, 0.27755, 2.857005, 0.5828749999999999, 2.3219250000000002, 2.2297, 2.7922, 0.8334299999999999, 2.9582800000000002, 0.026267000000000002, 2.0496499999999997, 2.8253, 1.1484535, 4.9910000000000005, 0.18636, 4.9499, 1.5062, 0.609795, 1.6965700000000001, 2.28655, 4.9953, 4.9711, 4.931649999999999, 3.4017, 3.1506, 2.48000494735, 4.5687, 2.18482, 1.6048, 3.327375, 1.2626449999999998, 1.8056999999999999, 2.83745, 9.8947e-06, 2.0910699999999998, 2.4040749999999997, 2.8094, 4.9498, 2.48816, 4.7818, 4.46455, 2.932, 0.59928, 2.8873, 3.28385, 4.7814, 2.85875, 0.8345, 2.7302999999999997, 2.3893, 1.7069050000000001, 1.6174125, 3.95525, 2.5660499999999997, 0.9965350000000001, 4.96, 2.575755, 0.00049856, 4.6506, 0.22564, 3.0419, 1.2762, 3.9232000000000005, 2.6307099999999997, 1.34541, 4.1454, 2.55412, 2.4463, 0.072107, 2.03487, 2.8031, 3.6908, 2.6659, 0.53769, 4.9847, 2.10765, 4.3692, 3.8434, 3.1774500000000003, 1.0697, 2.7023, 2.441175, 3.35715, 4.265, 4.6096, 0.31814000000000003, 2.21255, 2.9247, 4.8009, 2.6862500000000002, 0.304745, 2.4435, 2.5716, 0.2413955, 4.9998, 1.41031, 1.111175, 3.05625, 3.7818, 3.5581, 2.916655, 2.3001, 3.0606, 3.42185, 2.4782, 1.4369, 3.02305, 4.28215, 4.9331, 1.98318, 2.9182, 2.60617, 2.63562, 3.5457, 1.0356, 2.74199, 1.8109250000000001, 3.5273, 4.9963, 1.5412750000000002, 3.2403, 4.76475, 2.5252555, 4.2538, 4.9538, 4.9199, 4.500249999999999, 0.48536999999999997, 2.6641000000000004, 3.9305, 2.34205, 3.6142, 2.1271500000000003, 1.5113, 0.377325, 1.802775, 0.29894, 4.41015, 2.82484, 3.5869, 2.37435, 1.2362170000000001, 3.589525, 3.1799, 2.08025, 3.8369999999999997, 4.5153, 2.458295, 4.9353, 4.00005, 0.892815, 4.3924, 0.48536999999999997, 2.1271500000000003, 4.97475, 3.8605, 1.116217, 3.2870999999999997, 4.6158, 4.3473500000000005, 4.9895, 4.7306, 4.7537, 2.6874, 0.34401, 4.9953, 2.5920050000000003, 2.7483, 4.2467, 4.4586, 1.702365, 1.6995, 1.0766, 4.9921, 2.961105, 4.34605, 1.3919, 0.039733, 4.6022, 0.17084000000000002, 3.7306999999999997, 4.10125, 4.58735, 4.9782, 3.53275, 1.0683, 4.949275, 3.8552999999999997, 1.14675, 0.32597, 3.29985, 3.6180000000000003, 2.710105, 3.3790500000000003, 2.0758, 2.04427, 1.1454, 2.9920999999999998, 3.9187, 4.46275, 1.4008, 2.657485, 1.6749, 4.99915, 2.3455055, 2.7805, 4.4801, 2.5158080000000003, 0.936015, 3.1602, 5.0, 3.1136, 1.3699, 4.9893, 0.9867670000000001, 3.69025, 4.90295, 2.61135, 4.4026, 2.14224, 2.7581949999999997, 2.525217, 2.6874, 4.86845, 1.8688, 4.7318, 3.5615499999999995, 4.0001999999999995, 3.3217, 0.63116, 2.01477, 0.74006, 2.04427, 3.5224, 3.6308, 4.42295, 3.3471, 2.64665, 4.2393, 4.16595, 0.08076549999999999, 3.9695, 3.04235, 3.7258, 1.77135, 4.8783, 3.4807, 0.7540899999999999, 2.2602, 2.461632913, 1.34812, 1.655815, 3.3443, 4.949425, 2.526127, 2.914415, 2.8973000000000004, 4.44625, 4.1599, 3.0869999999999997, 4.9956499999999995, 4.0106, 3.293, 3.9254, 1.5997, 4.9699, 1.9583, 2.24485, 1.24832, 4.3091, 4.7318, 3.4389000000000003, 0.44351, 3.18515, 2.9007500000000004, 1.3086, 2.20358, 0.96074, 0.058611, 1.889408, 2.386825, 3.2883999999999998, 4.9391, 2.9083, 2.18482, 4.9928, 4.93055, 4.85155, 0.42953, 3.9606, 4.9759, 1.133355, 2.36977, 2.0451, 4.0072, 1.672345, 4.9955, 4.949425, 2.99175, 2.79525, 4.1462, 3.17565, 4.482275, 0.22055, 0.046056, 1.8271375, 3.25775, 4.9972, 0.76834, 4.9232, 4.9999, 2.85913, 3.2903, 3.64995, 2.3339404999999998, 3.1459, 1.6174125, 2.0416, 4.9963999999999995, 4.0922, 4.3998, 2.2314, 3.4034e-06, 4.9832, 1.4049],