{"classTransform": {"G7": 0, "G6": 1, "G5": 2, "G4": 3, "G3": 4, "G2": 5, "G1": 6, "G9": 7, "G8": 8, "G11": 9, "G10": 10}, "matrixConfusionResponse": {"header": ["G7", "G6", "G5", "G4", "G3", "G2", "G1", "G9", "G8", "G11", "G10"], "fiabilidad": [18.421052631578945, 34.42622950819672, 0.0, 14.285714285714285, 0.0, 14.285714285714285, 12.5, 6.25, 14.285714285714285, 0.0, 18.181818181818183], "matrix": [[14, 17, 1, 3, 1, 2, 5, 2, 2, 2, 3], [18, 63, 3, 12, 2, 4, 2, 5, 3, 2, 9], [3, 6, 0, 0, 1, 0, 0, 0, 0, 0, 1], [11, 17, 0, 4, 0, 0, 0, 3, 2, 2, 3], [1, 6, 0, 0, 0, 0, 0, 0, 0, 0, 1], [1, 22, 2, 1, 1, 3, 2, 2, 1, 2, 4], [10, 6, 0, 1, 0, 1, 2, 1, 0, 1, 3], [4, 8, 0, 3, 0, 2, 1, 1, 3, 0, 1], [2, 8, 0, 0, 0, 3, 0, 2, 2, 0, 2], [4, 5, 0, 3, 0, 1, 2, 0, 0, 0, 0], [8, 25, 0, 1, 0, 5, 2, 0, 1, 1, 6]], "bakanosidad": [26.923076923076923, 51.219512195121951, 0.0, 9.5238095238095237, 0.0, 7.3170731707317067, 8.0, 4.3478260869565215, 10.526315789473683, 0.0, 12.244897959183673]}, "Params": {"n_estimators": 10, "bootstrap": "True"}, "algorithm": "BaggingClassifier", "errorExec": {"exec_algorithm": "OK", "confusionMatrix": "ok", "curveLearning": "ok"}, "Performance": {"f1": 0.20811056136366141, "recall": 0.23198478389818486, "precision": 0.19229427663414975, "accuracy": 0.24440258681754745}, "Validation": "Cross Validation: 10"}