{"errorExec": {"Process": "OK"}, "Performance": {"spearman": {"spearmanr": 0.99992671237743669, "pvalue": 6.7917183865277944e-161}, "pearson": {"pvalue": 7.0515768404665535e-139, "pearsonr": 0.9997513546543314}, "kendalltau": {"kendalltau": 0.99789710599279535, "pvalue": 1.1690791067486167e-41}, "r_score": 0.99940117264540163, "predict_values": [0.287775, 0.28412, 0.57555, 0.7250449999999999, 1.50045, 1.65795, 1.98555, 2.1515, 2.8428, 2.8428, 3.3878500000000003, 3.5729, 3.9587000000000003, 4.54575, 4.747, 5.3742, 5.806649999999999, 6.026, 6.25195, 7.183199999999999, 7.422999999999999, 8.17215, 8.427, 8.9527, 9.774999999999999, 10.055, 10.931000000000001, 11.5375, 11.5375, 13.142000000000001, 13.142000000000001, 14.1755, 14.527999999999999, 15.634999999999998, 15.634999999999998, 16.4315, 18.4625, 19.319000000000003, 19.319000000000003, 20.692999999999998, 21.163, 22.138, 22.645, 23.172, 25.872500000000002, 26.443, 27.037, 28.869, 29.514499999999998, 32.208, 32.208, 35.144, 35.144, 36.712500000000006, 36.712500000000006, 41.8685, 41.8685, 44.718999999999994, 44.718999999999994, 46.796, 52.2855, 53.461999999999996, 54.70099999999999, 59.928, 61.305, 64.214, 65.751, 68.9145, 73.986, 75.813, 81.51899999999999, 83.5805, 90.03, 92.368, 99.697, 99.697, 110.74, 113.8, 120.14500000000001, 130.775, 138.12, 146.34, 155.24, 164.89, 175.37], "real_values": [0.0, 0.28411999999999998, 0.57555000000000001, 0.87453999999999998, 1.1813, 1.4963, 1.8196000000000001, 2.1515, 2.4925000000000002, 2.8428, 3.2027999999999999, 3.5729000000000002, 3.9533, 4.3445, 4.7469999999999999, 5.1611000000000002, 5.5872999999999999, 6.0259999999999998, 6.4779, 6.9433999999999996, 7.4229999999999992, 7.9173, 8.4269999999999996, 8.9527000000000001, 9.4949999999999992, 10.055, 10.632999999999999, 11.229000000000001, 11.845999999999998, 12.482999999999999, 13.142000000000001, 13.823, 14.527999999999999, 15.257, 16.012999999999998, 16.795000000000002, 17.605999999999998, 18.446999999999999, 19.319000000000003, 20.222999999999999, 21.163, 22.138000000000002, 23.151999999999997, 24.206, 25.302, 26.443000000000001, 27.631, 28.869, 30.16, 31.506, 32.909999999999997, 34.376999999999995, 35.911000000000001, 37.514000000000003, 39.191000000000003, 40.948, 42.788999999999994, 44.718999999999994, 46.744999999999997, 48.873000000000005, 51.108999999999995, 53.461999999999996, 55.939999999999998, 58.551000000000002, 61.305, 64.213999999999999, 67.287999999999997, 70.540999999999997, 73.986000000000004, 77.640000000000001, 81.518999999999991, 85.64200000000001, 90.030000000000001, 94.706000000000003, 99.697000000000003, 105.03, 110.73999999999999, 116.86, 123.43000000000001, 130.5, 138.12, 146.34, 155.24000000000001, 164.88999999999999, 175.37]}, "Params": {"n_estimators": "2", "min_samples_split": "2", "bootstrap": "True", "criterion": "mse", "min_samples_leaf": "1"}, "algorithm": "RandomForestRegressor"}