{"errorExec": {"Process": "OK"}, "Performance": {"spearman": {"spearmanr": 0.9642424660428025, "pvalue": 1.2270768172199203e-49}, "pearson": {"pvalue": 6.3640596214378356e-101, "pearsonr": 0.99795571606853639}, "kendalltau": {"kendalltau": 0.90779382893603189, "pvalue": 8.9990334188762547e-35}, "r_score": 0.99560616949662084, "predict_values": [7.966497894736841, 7.966497894736841, 7.966497894736841, 7.966497894736841, 7.966497894736841, 7.966497894736841, 7.966497894736841, 7.966497894736841, 7.966497894736841, 7.966497894736841, 7.966497894736841, 7.966497894736841, 7.966497894736841, 7.966497894736841, 7.966497894736841, 7.966497894736841, 7.966497894736841, 7.966497894736841, 7.966497894736841, 7.966497894736841, 7.966497894736841, 7.966497894736841, 7.966497894736841, 7.966497894736841, 7.966497894736841, 7.966497894736841, 7.966497894736841, 7.966497894736841, 7.966497894736841, 7.966497894736841, 7.966497894736841, 7.966497894736841, 7.966497894736841, 7.966497894736841, 7.966497894736841, 9.544982000000001, 9.544982000000001, 9.544982000000001, 9.544982000000001, 15.077800000000002, 15.077800000000002, 16.263355999999998, 16.263355999999998, 31.933299999999996, 31.933299999999996, 31.933299999999996, 31.933299999999996, 34.072272727272725, 34.072272727272725, 34.072272727272725, 34.072272727272725, 36.346428571428575, 36.346428571428575, 36.346428571428575, 37.98172727272728, 37.98172727272728, 37.98172727272728, 49.60177777777776, 49.60177777777776, 64.06162499999999, 64.08046666666668, 74.85857142857142, 74.85857142857142, 77.23971428571429, 77.23971428571429, 77.23971428571429, 91.14946666666665, 97.083125, 97.083125, 117.22999999999998, 117.22999999999998, 122.64, 141.055, 170.71571428571428, 171.50333333333333, 172.585, 182.31333333333336, 227.84, 264.69, 265.28833333333336, 309.5, 346.19, 389.55, 432.6666666666667, 503.7099999999999], "real_values": [0.0, 0.24279999999999999, 0.49313999999999997, 0.75134999999999996, 1.0178, 1.2927, 1.5766, 1.8696999999999999, 2.1726000000000001, 2.4857, 2.8092999999999999, 3.1440999999999999, 3.4904999999999999, 3.8489999999999998, 4.2202000000000002, 4.6048, 5.0034000000000001, 5.4165999999999999, 5.8452000000000002, 6.29, 6.7518000000000002, 7.2314999999999996, 7.7300000000000004, 8.2483000000000004, 8.7874999999999996, 9.3485999999999994, 9.9329999999999998, 10.542, 11.177, 11.839, 12.529999999999999, 13.252000000000001, 14.007, 14.795999999999999, 15.620999999999999, 16.486000000000001, 17.391999999999999, 18.343, 19.340999999999998, 20.387999999999998, 21.489999999999998, 22.649000000000001, 23.870000000000001, 25.155999999999999, 26.513999999999999, 27.946999999999999, 29.463000000000001, 31.065999999999999, 32.765000000000001, 34.567, 36.479999999999997, 38.515000000000001, 40.68, 42.988, 45.451999999999998, 48.085000000000001, 50.905000000000001, 53.928000000000004, 57.174999999999997, 60.668999999999997, 64.433999999999997, 68.501000000000005, 72.903000000000006, 77.676000000000002, 82.863, 88.516000000000005, 94.689999999999998, 101.45, 108.88, 117.06, 126.09999999999999, 136.13, 147.28999999999999, 159.77000000000001, 173.77000000000001, 189.56, 207.44999999999999, 227.84, 251.21000000000001, 278.17000000000002, 309.5, 346.19, 389.55000000000001, 441.29000000000002, 503.70999999999998]}, "Params": {"n_estimators": "10", "loss": "linear"}, "algorithm": "AdaBoostRegressor"}