{"errorExec": {"Process": "OK"}, "Performance": {"spearman": {"spearmanr": 0.99813860723829972, "pvalue": 0.0}, "pearson": {"pvalue": 0.0, "pearsonr": 0.99707743303870267}, "kendalltau": {"kendalltau": 0.99512195186914876, "pvalue": 5.0814972783652719e-198}, "r_score": 0.99416340747504872, "predict_values": [0.9338700000000001, 1.0873, 1.5434, 1.1078, 1.75, 0.047522, 0.07288, 1.2302, 0.7407100000000001, 0.33444, 1.6353, 0.19255999999999998, 0.038197, 0.0449, 0.16401, 0.9343100000000001, 0.407435, 0.007172800000000001, 0.48977, 0.025775, 0.13819, 0.016522, 1.2990000000000002, 0.16396, 0.25051, 0.10672000000000001, 0.2144, 0.44823999999999997, 0.19505999999999998, 0.41326999999999997, 0.5687399999999999, 0.0228065, 0.057348, 1.2707, 0.63025, 7.14315e-05, 0.82111, 1.5656, 1.6234, 0.0072714, 0.37442, 0.66469, 1.6159999999999999, 0.074739, 1.7404, 1.2734, 1.7047, 0.61588, 0.028526, 0.38604, 1.4098, 1.4553, 0.9398, 1.1006, 0.011022, 1.6117, 0.5149, 0.96567, 0.042578, 1.7286, 1.1851, 0.0075373, 0.58797, 1.4171, 0.055784, 0.017387, 0.066687, 0.082764, 0.41451000000000005, 0.37496, 0.17934, 1.629, 1.2862, 0.040972, 0.60246, 0.5039399999999999, 1.4375, 0.2629, 1.7447, 0.045783, 0.2723, 1.7485, 0.86946, 4.6131e-05, 0.14279, 0.16133, 0.11880999999999999, 1.5485, 0.022237, 1.0273, 0.5383899999999999, 1.0036, 0.092026, 1.4166, 1.7013, 1.4498, 0.18081, 0.33336, 0.097049, 0.11068, 0.01678, 0.0088014, 1.0889, 1.013, 0.05146799999999999, 0.11872, 0.027346, 0.033887, 0.064807, 0.5625899999999999, 0.025251, 0.6570600000000001, 1.2165, 1.1731, 0.015641, 0.010511, 0.52433, 0.20609, 1.1732, 1.5106, 0.21696999999999997, 1.6926, 0.023025, 0.13722, 1.5546, 1.6705, 0.026226, 0.13359000000000001, 0.00075302, 0.015541999999999999, 0.9508200000000001, 0.51747, 0.16652999999999998, 1.2830000000000001, 0.77369, 1.1531, 0.008218600000000001, 0.9658100000000001, 0.014381999999999999, 0.89387, 1.4102, 1.192, 1.7497, 1.2147, 1.2774, 0.029531, 1.3808, 0.23559000000000002, 0.065679, 0.8352299999999999, 0.9662799999999999, 0.65645, 1.5539, 0.29236999999999996, 0.62292, 1.5631, 0.61468, 0.16635, 1.6768, 0.06473200000000001, 1.0188, 0.27178, 1.0408, 0.021572, 1.0647, 0.6907, 0.0228065, 0.07989299999999999, 1.1519, 0.046389, 1.2851, 0.017747, 0.51327, 0.28121999999999997, 0.28404, 0.79633, 0.013281999999999999, 0.076834, 0.23658, 0.82893, 0.10119, 0.0052423, 0.7941, 0.8095, 7.14315e-05, 1.4211, 0.11389, 0.014244, 0.029138, 0.40071, 0.053979, 0.407435, 0.06908500000000001, 1.1244, 0.15795, 0.064807, 0.31740999999999997, 1.3648, 1.743, 1.7034, 1.7306, 0.060425, 0.0049222, 0.35058, 0.025553, 0.14587, 0.57726, 0.044324, 1.7168999999999999, 0.41591000000000006, 0.33225, 1.74, 0.079203, 0.15334, 0.005299100000000001, 0.40671, 1.3701, 4.1963000000000005e-05, 0.82458, 0.034933, 0.034566, 0.24189000000000002, 1.7079, 0.25001999999999996, 0.068405, 0.41279, 1.1829, 0.31779, 1.1873, 0.046042, 0.6515, 0.012151, 0.0054287, 0.17519, 0.6201399999999999, 1.1159999999999999, 1.3984, 0.20544, 0.99345, 0.8554799999999999, 0.91996, 0.21175, 0.034776999999999995, 0.12021, 0.16107, 1.5892, 0.034748, 0.21906, 0.66371, 0.57685, 0.9472299999999999, 0.78075, 0.96929, 0.058965, 0.23465, 0.39837, 0.033714, 0.06390900000000001, 0.27229000000000003, 1.3099, 1.3058, 0.016854, 1.4421, 0.9222600000000001, 0.055308, 1.5219, 0.17056, 0.68635, 0.19194, 1.505, 0.042502, 0.14252, 1.101, 0.14253, 1.7380000000000002, 0.034099000000000004, 1.7435, 0.33031, 1.7148, 0.48825, 0.6287, 1.7192, 0.7517699999999999, 0.1059, 0.013716999999999998, 0.73588, 0.032329000000000004, 1.3342, 0.017822, 0.14827, 0.0032288000000000004, 0.023775, 1.0151, 1.7168999999999999, 1.7105, 0.041535, 0.22651999999999997, 0.12725999999999998, 0.024607, 1.6995, 0.9265200000000001, 0.20165, 1.6056, 0.068727, 0.092087, 0.019746, 1.0811, 0.087516, 1.2255, 1.4818, 1.5267, 0.82995, 1.6247, 1.7493, 0.05085, 0.088621, 0.43586, 0.11792000000000001, 0.012159999999999999, 0.021838999999999997, 0.022983, 0.031463, 0.29554, 1.5413, 0.13957, 1.5918, 0.08832999999999999, 0.0025794, 0.11979000000000001, 0.038117000000000005, 0.68252, 0.038825, 0.11135, 0.56687, 0.089056, 0.020761, 0.036443, 0.081609, 0.89033, 0.28996, 0.38299, 0.11542000000000001, 0.25592, 0.031246, 1.33, 0.65295, 0.16403, 1.087, 1.4184, 0.19946, 0.05795499999999999, 0.47651000000000004, 0.056733000000000006, 0.13845, 0.043065, 0.67706, 0.75905, 1.7489, 0.043453, 0.23256, 0.4672, 0.92514, 0.71332, 0.024095, 1.1441, 0.050355000000000004, 0.017265, 0.12353, 0.038379, 0.0021443, 0.035166, 1.5037, 1.4867, 0.041099000000000004, 0.041795, 0.022206, 0.9802200000000001, 0.35155, 1.6619, 0.50864, 0.001364, 0.026885000000000003, 0.050501, 0.072782, 0.73487, 0.32873, 1.5312, 0.45361999999999997, 0.37635, 0.10758, 0.032008999999999996, 0.012468, 0.034434, 1.0642, 1.521, 0.7409899999999999, 0.2339, 1.1408, 0.019017, 0.77369, 1.526, 0.065589, 0.043011, 0.067558, 0.5939300000000001, 0.64457, 0.004208600000000001, 1.7463],