{"errorExec": {"Process": "OK"}, "Performance": {"spearman": {"spearmanr": 0.79679116230631986, "pvalue": 7.4270196318780279e-91}, "pearson": {"pvalue": 2.6630030636620129e-92, "pearsonr": 0.80050329154608002}, "kendalltau": {"kendalltau": 0.64891618948625585, "pvalue": 2.4196363417363162e-85}, "r_score": 0.62963370522075235, "predict_values": [419.15, 412.1, 416.13, 424.9, 413.08, 414.62, 416.70500000000004, 407.06, 423.08, 420.12, 415.125, 415.68, 420.5, 413.91, 414.235, 409.98, 419.25, 408.19, 412.77, 420.595, 423.89, 415.35, 417.71500000000003, 417.97, 413.88, 416.44, 410.25, 411.12, 412.66, 414.035, 411.92499999999995, 420.05, 422.71500000000003, 421.15, 416.2, 421.04999999999995, 415.0, 425.0, 424.54, 416.57, 410.3, 411.31, 413.84, 420.79, 409.875, 411.72, 416.35, 420.095, 417.49, 419.645, 415.61, 419.015, 412.58500000000004, 406.82, 424.16999999999996, 410.63, 419.085, 416.92, 413.08, 421.38, 420.47, 416.44, 416.29, 419.99, 411.105, 418.235, 416.53, 417.82500000000005, 414.34000000000003, 423.685, 425.0, 424.08, 420.485, 417.1, 422.71, 414.475, 417.06, 410.245, 415.58000000000004, 412.91499999999996, 417.375, 408.12, 418.64, 411.33500000000004, 419.895, 424.06, 417.7, 414.37, 415.03999999999996, 419.505, 416.16, 419.28499999999997, 421.39, 405.29, 421.485, 417.67, 421.69, 412.66, 414.87, 422.88, 419.46, 417.33, 419.7, 417.14, 424.73, 420.40999999999997, 423.64, 413.56, 412.895, 422.925, 405.605, 412.42499999999995, 416.615, 414.075, 425.0, 424.8, 410.69, 409.675, 411.61, 421.92499999999995, 417.125, 409.51, 415.14, 425.0, 423.125, 419.17499999999995, 421.695, 417.26, 416.145, 416.58, 423.36, 411.13, 424.83000000000004, 416.335, 421.44, 418.43, 422.87, 417.355, 418.90999999999997, 415.25, 415.21, 424.89, 423.61, 416.11, 417.985, 420.84000000000003, 424.82, 425.0, 413.95, 415.68, 406.03, 419.20500000000004, 415.875, 419.56, 416.41, 418.04, 418.86, 413.15, 421.78, 414.91, 419.08500000000004, 414.69, 422.05, 422.65, 418.04, 419.74, 422.04, 417.6, 417.72, 407.51, 423.66, 414.03499999999997, 417.6, 418.70500000000004, 419.925, 417.575, 424.08, 419.435, 407.8, 418.82500000000005, 414.125, 422.01, 420.63, 420.8, 418.83, 416.94, 413.95500000000004, 411.175, 413.11, 414.785, 419.06, 411.36, 414.96, 415.67, 416.69500000000005, 417.605, 416.885, 416.91999999999996, 419.73, 415.74, 413.51, 413.29, 417.25, 417.02, 421.11, 421.78, 413.99, 418.75, 411.1, 421.495, 421.25, 416.19, 408.03, 415.245, 419.52, 413.865, 410.685, 422.18, 417.225, 423.3, 415.94, 422.78, 408.75, 412.70000000000005, 413.03, 415.74, 416.29, 411.33000000000004, 409.5, 414.93, 419.25, 415.97, 425.0, 410.235, 409.34000000000003, 413.03, 407.74, 416.015, 415.87, 416.47, 414.82, 413.44, 418.40999999999997, 416.67, 417.13, 424.39, 419.32500000000005, 408.27, 421.82, 416.335, 422.89, 413.11, 423.32, 409.20000000000005, 419.64, 422.815, 414.195, 418.935, 407.985, 423.24, 420.6, 414.32, 406.09, 420.28, 413.19, 421.485, 417.135, 420.655, 405.56, 424.72, 414.64, 411.1, 420.17, 407.64, 413.05, 423.09000000000003, 417.99, 413.325, 413.76, 419.03, 415.855, 420.55, 408.77, 421.44, 406.58, 420.485, 415.855, 405.56, 421.905, 413.255, 418.575, 424.69, 415.54, 425.0, 415.24, 424.11, 420.69, 414.525, 416.43, 420.295, 410.77, 411.8, 419.18, 415.94, 414.11, 421.56500000000005, 419.26, 409.51, 417.43, 414.985, 419.845, 422.2, 421.0, 405.93, 424.48, 421.265, 420.35, 424.49, 420.595, 417.09, 417.125, 418.125, 405.495, 412.33, 408.38, 422.745, 420.15999999999997, 417.63, 423.27, 413.91, 419.97, 419.86, 417.34000000000003, 416.07, 414.35, 410.15, 421.97, 415.24, 418.175, 408.94, 412.24, 415.8, 419.89, 414.895, 416.105, 417.99, 421.96500000000003, 416.88, 411.44, 422.165, 417.04499999999996, 420.445, 412.49, 420.22, 417.7, 420.12, 414.6, 405.36, 405.69500000000005, 414.06, 417.79, 419.46, 405.3, 424.48, 419.14, 421.97, 414.4, 410.85, 414.51, 414.3, 417.45, 405.3, 407.64, 415.865, 405.76, 416.02, 409.11, 419.51, 411.925, 413.45500000000004, 419.745, 423.06, 423.34, 409.83000000000004, 414.685, 415.32, 409.17, 421.75, 421.59, 415.52, 414.99, 414.99, 418.265, 405.41, 423.05, 409.845, 415.21, 412.03499999999997, 414.27, 415.11, 414.765, 416.11, 413.895, 419.885, 410.23, 417.95, 415.18, 415.57000000000005],