{"errorExec": {"Process": "OK"}, "Performance": {"spearman": {"spearmanr": 0.70620704606595142, "pvalue": 7.2820706443383576e-63}, "pearson": {"pvalue": 9.9795630775085184e-67, "pearsonr": 0.72122808422887974}, "kendalltau": {"kendalltau": 0.58904027802382408, "pvalue": 1.1898472751828331e-70}, "r_score": 0.49917240292106813, "predict_values": [0.050332999999999996, 0.222387, 0.04725800000000001, 0.027989, 0.017381, 0.028589000000000003, 0.039533, 0.04697, 0.15404, 0.039021, 0.028151999999999996, 0.047662750000000004, 0.038188, 0.048754, 0.8342529, 0.0426777, 0.090339, 0.049887999999999995, 0.014906, 0.026703550000000003, 0.0320255, 0.032888, 0.243125, 0.016655, 0.04929425, 0.4676, 0.10638399999999999, 0.013221899999999998, 0.041573, 0.06970200000000001, 0.010263, 0.02619425, 0.017825, 0.1178695, 0.0563805, 0.1277835, 0.017774, 0.031459, 0.07679, 0.03420516666666667, 0.0225005, 0.038229, 0.025306, 0.078859, 0.8412205, 0.032375, 0.019041, 0.0067794, 0.82948, 0.0358695, 0.023154, 0.030171999999999997, 0.2045015, 0.053194500000000006, 0.033241, 0.054774, 0.037419999999999995, 0.03493, 0.314818, 0.006457600000000001, 0.0275227, 0.035646, 0.055532, 0.040654, 0.010277, 0.025821, 0.21727, 0.09774, 0.020227000000000002, 0.039224999999999996, 0.083677, 0.06970200000000001, 0.02197, 0.050525, 0.00857325, 0.12982, 0.0317845, 0.02446575, 0.021508000000000003, 0.024042, 0.11639449999999998, 0.01802975, 0.033523000000000004, 0.04027, 0.018174, 0.59507, 0.145784, 0.036104750000000005, 0.048081, 0.223149, 0.0751545, 0.044794, 0.093598, 0.041589999999999995, 0.105214, 0.01916, 0.024910500000000002, 0.032882999999999996, 0.1204925, 0.061025499999999996, 0.752389, 0.054421000000000004, 0.02109, 0.807425, 0.13066, 0.0500195, 0.016544999999999997, 0.038011500000000004, 0.01535, 0.9621645, 0.024113, 0.017953049999999998, 0.028748000000000003, 0.092556, 0.22179400000000002, 0.044137499999999996, 0.040522, 0.3395545, 0.013531, 0.01980985, 0.021569916666666668, 0.09613100000000001, 0.21294000000000002, 0.25290799999999997, 0.1277835, 0.0510815, 0.023629999999999998, 0.052339, 0.024644, 0.15660000000000002, 0.038967, 0.0221025, 0.017667949999999998, 0.069037, 0.021366, 0.31692, 0.024849, 0.03099066666666667, 0.055796000000000005, 0.021569916666666668, 0.01802975, 0.019997, 0.14773, 0.016826, 0.042602999999999995, 0.084486, 0.09671350000000001, 0.16926, 0.00938755, 0.61358, 0.088172, 0.022821, 0.11177999999999999, 0.035551, 0.00640845, 0.023375, 0.010309, 0.0378665, 0.09559, 0.09311, 0.11357700000000001, 0.032134499999999996, 0.05119755, 0.052564, 0.080591, 0.004123600000000001, 0.057848333333333335, 0.93277595, 0.05645599999999999, 0.20167000000000002, 0.0412357, 0.06118, 0.00841325, 0.04797833333333333, 0.9458415, 0.019686, 0.109298, 0.022054499999999998, 0.10768549999999999, 0.059642, 0.061025499999999996, 0.042751, 0.24727500000000002, 0.027160499999999997, 0.041857000000000005, 0.03512725, 0.044794, 0.078877, 0.0219185, 0.24432500000000001, 0.1606185, 0.090775, 0.13645, 0.035271, 0.07195575000000001, 0.0977475, 0.0145424, 0.030166000000000002, 0.023714, 0.030976999999999998, 0.0245755, 0.46516, 0.0501825, 0.0172495, 0.24785500000000002, 0.05282100000000001, 0.017375, 0.05622999999999999, 0.028781499999999998, 0.043327500000000005, 0.037594833333333334, 0.027218000000000003, 0.053717, 0.024482, 0.07826799999999999, 0.10945, 0.057848333333333335, 0.05399400000000001, 0.021655, 0.057428999999999994, 0.028466500000000002, 0.098772, 0.027575299999999997, 0.022268, 0.0204395, 0.025070500000000003, 0.017601, 0.23739200000000002, 0.010888250000000002, 0.028748000000000003, 0.035135, 0.023425750000000002, 0.0486442, 0.095469, 0.007551899999999999, 0.043287, 0.058772000000000005, 0.0072821, 0.017486, 0.035451500000000004, 0.17435, 0.958824, 0.1278305, 0.12387000000000001, 0.034944750000000004, 0.11229050000000002, 0.13598500000000002, 0.025902, 0.0061987, 1.026947, 0.0246485, 0.0216286, 0.096339, 0.035993, 0.057848333333333335, 0.0377247, 0.09311, 0.060278, 0.02619425, 0.048001999999999996, 0.0574205, 0.0254025, 0.017508, 1.6634, 0.0645135, 0.06705549999999999, 0.4007055, 0.04676941666666667, 1.9999, 0.026922500000000002, 0.37127, 0.014654, 0.014654, 0.023128, 0.047564999999999996, 0.070431, 0.078944, 0.120055, 0.08398299999999999, 0.029354, 0.0230775, 0.3100188, 0.06863925, 0.0070047500000000006, 0.035228833333333334, 0.029436999999999998, 0.01008265, 0.049574999999999994, 0.028406300000000002, 0.07446900000000001, 0.077237, 0.0988545, 0.0076253, 0.258802, 0.019519, 0.0486442, 0.10530500000000001, 0.387547, 0.05299816666666667, 0.032837, 0.11368850000000001, 0.04396, 0.030061, 0.07549900000000001, 0.0343275, 0.13643, 0.041229999999999996, 0.1951775, 0.0293215, 0.013546066666666667, 0.060207000000000004, 0.017468, 0.0819505, 0.052171499999999996, 0.45002, 0.058394, 0.0291995, 0.00463805, 0.05350925, 0.42545, 0.045057, 0.03506166666666667, 0.3446985, 0.025671, 0.01097, 0.025098, 0.038011500000000004, 0.04765333333333333, 0.057462, 0.016654, 0.021831, 0.12380999999999999, 0.023788, 0.23739200000000002, 0.42182449999999994, 0.030976999999999998, 0.023396, 0.08321100000000001, 0.2234455, 0.0091477, 0.010851399999999999, 0.066926, 0.017637, 0.02303625, 0.02443, 0.3849, 0.08898, 0.036311500000000003, 0.0066746999999999996, 0.0412125, 0.038302, 0.41721, 0.3857085, 0.004973600000000001, 0.74742, 0.026976999999999998, 0.10947425000000001, 0.034410500000000004, 0.017958, 0.2244335, 0.1180365, 0.019426, 0.13291, 0.034753, 0.055805, 1.04381, 0.044959, 0.012028, 0.011095, 0.032778, 0.083326, 0.045042, 0.045057, 0.23739200000000002, 0.106266, 0.055532, 0.024863999999999997, 0.0107, 0.015565666666666669, 0.01478705, 0.035082, 0.035135, 0.969442, 0.039174, 0.0143075, 0.13554000000000002, 0.041308, 0.102073, 0.02108, 0.090921, 0.047674, 0.032229, 0.0288195, 0.255414, 0.050639, 0.0084764, 0.23739200000000002, 0.016544999999999997, 0.0458055, 0.021366, 0.044246, 0.035068, 0.057462, 0.0337833, 0.25906250000000003, 0.026782, 0.037495, 0.03645375000000001],