{"errorExec": {"Process": "OK"}, "Performance": {"spearman": {"spearmanr": 0.75022943873583703, "pvalue": 5.8958737779135228e-75}, "pearson": {"pvalue": 1.9579530095030162e-88, "pearsonr": 0.79039574340302754}, "kendalltau": {"kendalltau": 0.62236570533036106, "pvalue": 1.1825513786343318e-78}, "r_score": 0.59333566433251894, "predict_values": [0.9597405, 0.13701549999999998, 0.038906500000000004, 0.02389, 0.074772, 0.87319, 0.028966000000000002, 0.089652, 1.9998875, 0.058633000000000005, 0.19045, 0.018435, 1.9730499999999997, 0.028056, 0.021366999999999997, 0.04359875, 0.0491625, 0.0297845, 0.067446, 0.041964999999999995, 0.63571, 0.052561500000000004, 0.05368099999999999, 1.26002, 0.076739375, 0.02986275, 0.015737, 0.0636535, 0.037689, 0.037009, 0.17571055, 0.83226, 0.144515, 1.8909, 0.12838, 0.4028295, 1.1233, 0.039293, 0.9672126999999999, 0.958184375, 0.084346, 0.0282455, 0.044954, 0.0463215, 0.030246, 0.459525, 0.34676, 0.9454035, 0.043119, 1.8937, 0.020015, 0.034008, 0.43958899999999995, 0.1503655, 1.0320255, 0.0355595, 0.034720999999999995, 0.47778999999999994, 1.026656, 0.0086171, 1.26002, 0.038898499999999996, 0.1384555, 0.022885, 0.11137250000000001, 0.069684, 0.0914425, 0.04978250000000001, 0.70828, 0.055002999999999996, 0.032404, 0.0654575, 0.094486, 0.03003, 1.9696, 0.112512625, 0.015294, 0.013578, 0.19488, 0.007296750000000001, 1.98732, 0.28077365000000004, 0.2298, 0.016776, 0.032253, 0.989651, 0.051257000000000004, 0.024929, 0.033510125, 0.9470609999999999, 0.054674, 0.26371999999999995, 1.019796, 0.0907265, 0.004887300000000001, 0.23383499999999996, 0.6317465, 0.032225485000000005, 0.20153100000000002, 0.8042699999999999, 0.02324825, 0.030384949999999994, 0.0568475, 0.0570285, 0.09004200000000001, 0.070883, 0.058717, 0.076462, 0.058062, 0.045125, 0.021638, 0.1213535, 0.479255, 0.03791, 0.996395, 0.013132, 0.058062, 0.080801, 0.018102, 0.0041494999999999995, 0.5878, 0.12208499999999999, 0.77989, 0.11288, 0.04512, 0.039080000000000004, 0.051578, 0.031152, 0.00096197, 0.017715500000000002, 0.031197000000000003, 1.8991, 0.0412385, 0.023472, 1.0073465, 1.98747, 0.063779, 1.9415624999999999, 0.12337000000000001, 0.10515300000000002, 0.05191949999999999, 0.969605, 0.9004375, 0.0475265, 0.040839999999999994, 0.006327, 0.104959, 2.0, 1.326295, 0.035978, 0.1503655, 1.58955, 0.09276799999999999, 0.1629, 0.19518249999999998, 0.0589345, 0.025338, 0.05964900000000001, 0.03670657142857143, 0.005829699999999999, 0.027483999999999998, 0.03752825, 0.05191949999999999, 0.077155, 0.03152, 0.8888050000000001, 0.0183604, 0.0639185, 0.023666999999999997, 0.996729, 0.0099515, 0.10207000000000001, 0.392042, 0.022712000000000003, 0.0219935, 1.7848, 0.031898, 0.9741715, 0.082346, 1.07526, 0.0252655, 0.046114999999999996, 0.0239165, 0.034852999999999995, 0.065203, 0.040310000000000006, 0.029980625, 0.031276, 0.54806, 1.9027, 0.033638999999999995, 0.0492405, 0.0408535, 1.7379, 0.0384555, 0.630687, 1.9975, 0.052478, 0.080073, 0.017636000000000002, 0.67713, 0.1605185, 0.0299975, 0.039305, 0.024209, 0.030162500000000002, 1.3445449999999999, 0.41098, 0.9331145, 0.056843, 0.9782525, 0.0337545, 0.7802100000000001, 0.95945, 0.055997000000000005, 0.133224, 0.070403, 0.026277, 0.4283, 0.021245, 0.0312155, 0.0300355, 0.066352, 0.041753500000000006, 0.34829, 0.030606500000000002, 0.37031, 0.02564475, 1.031736, 0.030204071428571427, 1.97305, 0.9864445000000001, 0.13080999999999998, 0.02551557142857143, 0.0037599000000000005, 1.1285, 0.0220995, 0.1605185, 0.0438735, 0.0370095, 0.041061, 0.07040099999999999, 0.068722, 0.040576, 0.019513500000000003, 0.1611465, 0.062149, 1.98747, 1.9777, 0.028978999999999998, 0.0312155, 0.019553, 0.022192, 0.152575, 0.025834999999999997, 0.022581875, 0.0099206, 0.0225394, 0.8713704999999999, 0.36605, 0.0054868, 0.033436, 0.0407672, 0.00030597, 0.0221275, 0.8472799999999999, 0.033466, 0.08758200000000001, 0.016157985, 0.198175, 0.0319145, 1.19855, 1.3495949999999999, 0.067444, 0.6317465, 0.02243, 0.012821, 0.04579, 0.0768675, 1.031898, 1.8835, 0.9454035, 0.052478, 1.0950375, 0.029998999999999998, 1.012273, 0.09883549999999999, 0.028915499999999997, 0.021797499999999997, 0.018202, 0.043269749999999996, 0.076291, 0.045536, 0.41711000000000004, 0.10385649999999999, 0.08421899999999999, 0.039592, 0.028298, 0.0097157, 0.0274067, 0.0690755, 0.35834, 0.68682, 0.4401900000000001, 0.014135, 0.146833, 0.066959, 0.011885, 0.29515, 0.062283000000000005, 0.0063002, 0.0031311, 1.0026309, 0.09276799999999999, 0.11756749999999999, 0.13576, 1.9998125, 0.0218405, 0.033975, 0.0637535, 0.041763999999999996, 0.07122049999999999, 0.065823, 0.108805, 1.0027490000000001, 0.09926749999999998, 1.2591, 0.0805835, 0.071293, 1.995, 0.02876515, 1.005839, 0.051334500000000005, 1.10247, 0.042419, 0.034865125000000004, 0.060332000000000004, 0.11185450000000002, 0.016075, 0.14022400000000002, 0.150486, 0.24067, 0.063952, 0.10138749999999999, 0.771355, 1.98732, 0.043146500000000004, 0.0756805, 1.38271, 0.12322150000000001, 0.076739375, 0.1059285, 0.0474485, 0.2291, 0.058444, 0.5152845, 1.1196, 0.127751, 0.050874499999999996, 1.024366, 0.02840875, 0.9565299999999999, 0.038866000000000005, 0.044132375, 0.038337350000000006, 0.020932, 0.027483999999999998, 1.19855, 0.06858099999999999, 0.10189, 0.1503655, 0.02022305, 0.26371999999999995, 0.043477999999999996, 0.62667, 0.0026893, 0.400063, 1.429275, 0.034075499999999995, 0.021638, 0.9913745, 0.030200125, 0.055678000000000005, 0.967424, 0.03841, 0.054315, 0.13058, 0.0428335, 0.54678, 0.045218499999999995, 0.057405, 0.0172606, 0.14435, 0.02034, 0.5832769999999999, 0.025885000000000002, 0.05562149999999999, 0.056502625, 0.06479800000000001, 1.9958, 0.023974000000000002, 0.031454499999999996, 0.021882, 0.035298625, 0.5152845, 0.0232865, 0.055471849999999996, 0.21339],