{"errorExec": {"Process": "OK"}, "Performance": {"spearman": {"spearmanr": 0.8543174317431742, "pvalue": 1.3182523071756683e-29}, "pearson": {"pvalue": 2.330681333889336e-26, "pearsonr": 0.8279597013605261}, "kendalltau": {"kendalltau": 0.686464646464647, "pvalue": 4.520726629763473e-24}, "r_score": 0.6855172670770112, "predict_values": [-0.07891715941156985, 0.019249866569563956, 0.11741689255070042, 0.21558391853183512, 0.3137509445129707, 0.4119179704941054, 0.510084996475241, 0.6082520224563757, 0.7064190484375104, 0.8045860744186455, 0.9027531003997811, 1.000910407835625, 1.0990677152714698, 1.1972250227073142, 1.2953823301431586, 1.39363682303191, 1.4917941304677549, 1.5899514379035988, 1.6881087453394432, 1.7862660527752876, 1.884423360211132, 1.9825806676469764, 2.0807379750828208, 2.178895282518665, 2.2770525899545095, 2.375307082843261, 2.473464390279106, 2.57162169771495, 2.6697790051507946, 2.767936312586639, 2.8660936200224834, 2.9642509274583277, 3.062408234894172, 3.1605655423300165, 3.258722849765861, 3.3569773426546123, 3.4551346500904567, 3.553291957526301, 3.651449264962146, 3.7496065723979903, 3.8477638798338343, 3.945921187269679, 4.0440784947055235, 4.142235802141368, 4.240393109577212, 4.338647602465963, 4.436804909901808, 4.534962217337652, 4.633119524773496, 4.731276832209341, 4.829434139645186, 4.9275914470810305, 5.025748754516875, 5.123906061952719, 5.222063369388564, 5.320317862277315, 5.418475169713159, 5.516632477149003, 5.614789784584848, 5.712947092020692, 5.811104399456537, 5.909261706892381, 6.007419014328225, 6.105576321764071, 6.203733629199914, 6.301988122088666, 6.40014542952451, 6.498302736960354, 6.596460044396199, 6.6946173518320435, 6.792774659267888, 6.890931966703732, 6.989089274139578, 7.087246581575421, 7.1854038890112655, 7.2836583819000165, 7.381815689335862, 7.479972996771706, 7.57813030420755, 7.676287611643394, 7.774444919079239, 7.872602226515085, 7.970759533950927, 8.068916841386773, 8.167074148822616, 8.265328641711369, 8.363485949147213, 8.461643256583057, 8.5598005640189, 8.657957871454746, 8.756115178890589, 8.854272486326435, 8.952429793762278, 9.050587101198124, 9.148744408633966, 9.24699890152272, 9.345156208958564, 9.443313516394408, 9.541470823830252, 9.639628131266097], "real_values": [0.24588, 0.017287999999999998, -3.9819, 0.27636, 0.49764, 0.6574800000000001, 3.2487, -3.7056, 0.66468, -1.8536, 1.0294, 1.1816, 2.7095, 1.5168, 1.52, 3.8023, 1.4257, 2.2328, 4.3237, 0.44591, 0.077122, 2.1829, 6.4808, 5.1504, 6.4351, 5.0447, 2.1154, 2.9046, 1.1404, 3.3131, 5.1738, 3.2116, 3.2029, 3.2825, 3.5811, 3.3001, 2.5647, -1.7944, 4.0126, 3.8032, 3.9482, -0.30966, 4.2, 4.7241, 4.6312, 2.5209, 1.9313, 4.3728, 5.1942, 4.8686, 5.1435, 5.0124, 5.3259, 5.7999, 1.398, 0.589, 5.4619, 5.7172, 5.9119, 3.2260000000000004, 6.3674, 6.4843, 6.4965, 4.0136, 3.6647, 6.9278, 6.4721, 9.6753, 11.079, 7.2233, 7.189, 5.8247, 3.6729, 7.6185, 8.7574, 6.0283, 7.4897, 7.4866, 7.8669, 7.801, 7.4811, 8.0907, 7.8932, 8.3062, 12.863, 9.009, 6.8295, 8.7488, 9.2294, 9.9374, 6.9288, 9.1911, 7.1183, 9.2576, 9.7728, 14.153, 10.063, 8.2097, 9.8101, 5.8992]}, "Params": "Default", "algorithm": "Linear Regression"}