,petal.length,petal.width,sepal.length,sepal.width
petal.length,1.0,0.5968080913926361,0.6094534005193785,0.4949231892191675
petal.width,0.5968080913926361,1.0,0.5070468649125953,0.41520737683711295
sepal.length,0.6094534005193784,0.5070468649125953,1.0,0.47447647295640755
sepal.width,0.4949231892191679,0.415207376837113,0.4744764729564073,1.0
