{"errorExec": {"Process": "OK"}, "Performance": {"spearman": {"spearmanr": 0.7425141813176882, "pvalue": 1.1683124022307193e-72}, "pearson": {"pvalue": 1.6570054830521955e-72, "pearsonr": 0.74199448715901706}, "kendalltau": {"kendalltau": 0.60496295854536797, "pvalue": 2.0252090120573964e-74}, "r_score": 0.54069718601107053, "predict_values": [51.468999999999994, 54.135999999999996, 29.092, 41.9495, 22.613, 27.2195, 62.394000000000005, 18.226, 51.3, 45.444, 20.113500000000002, 37.016999999999996, 32.481, 31.219500000000004, 17.313, 21.316000000000003, 27.276999999999997, 14.001, 24.865000000000002, 40.782, 19.525, 47.472, 41.416, 37.25, 40.2555, 40.598, 33.150999999999996, 45.1495, 17.698, 51.547, 20.201, 24.305999999999997, 37.501, 33.931, 27.008, 42.779, 56.570499999999996, 25.128, 55.898999999999994, 61.181000000000004, 21.7115, 40.9805, 25.094, 34.3025, 14.4685, 56.63399999999999, 76.639, 32.4745, 34.585, 24.3665, 20.167, 28.5495, 35.1295, 32.9895, 49.314499999999995, 36.965999999999994, 13.965499999999999, 30.293499999999998, 15.498999999999999, 31.839000000000002, 48.617999999999995, 30.4235, 13.962, 42.3095, 22.6625, 36.294000000000004, 40.233, 28.180999999999997, 50.274499999999996, 23.099, 28.3445, 62.698, 52.463499999999996, 38.965, 50.777, 77.747, 20.1, 29.951499999999996, 29.227, 20.179, 39.224000000000004, 26.518499999999996, 52.8515, 28.149, 52.0055, 52.5645, 36.640499999999996, 78.885, 30.9785, 48.830499999999994, 36.711, 13.958, 43.6505, 45.247, 41.516, 13.958, 28.121, 14.156500000000001, 31.411, 20.735, 33.139, 31.1495, 20.359, 30.837, 46.25899999999999, 51.931999999999995, 14.7, 26.9915, 42.251999999999995, 18.7105, 39.574, 39.007, 37.098, 23.259, 23.412999999999997, 19.017, 34.711999999999996, 34.597, 23.819000000000003, 21.809, 28.5995, 43.4495, 34.147, 26.25, 36.270999999999994, 43.587500000000006, 22.000999999999998, 38.178, 14.242999999999999, 19.787, 48.141999999999996, 29.706, 13.3, 50.533, 75.26400000000001, 52.085499999999996, 24.1685, 23.811, 40.025, 35.657, 26.927, 41.460499999999996, 77.04899999999999, 21.09, 50.784000000000006, 35.292, 29.144, 14.290999999999999, 38.6395, 52.251999999999995, 39.3015, 46.645, 31.939999999999998, 38.883, 16.452, 22.048000000000002, 15.772499999999999, 17.889, 47.258, 18.125999999999998, 55.2305, 51.244, 33.3345, 13.591, 47.91, 49.948499999999996, 20.0475, 25.152, 14.129000000000001, 23.957, 58.519, 64.95250000000001, 43.951, 14.616, 14.677999999999999, 14.7, 14.562999999999999, 51.45, 18.0035, 49.674, 24.502499999999998, 29.927999999999997, 24.412, 34.426, 24.583, 40.2555, 36.333, 88.0, 62.993, 34.626999999999995, 14.463, 34.122, 68.3935, 27.6535, 39.917, 34.622, 34.996, 25.372, 45.437999999999995, 29.3765, 61.42100000000001, 29.311, 39.108000000000004, 43.2115, 41.088, 47.442499999999995, 34.628, 29.195, 13.892, 69.359, 38.2185, 44.8485, 28.626999999999995, 30.571000000000005, 24.016, 61.3935, 13.353, 32.153999999999996, 31.006, 25.693, 15.311, 28.945999999999998, 27.3955, 14.235999999999999, 34.8525, 23.048000000000002, 19.956, 51.851, 14.156500000000001, 31.741, 44.545, 41.906, 28.503, 51.979, 22.599, 22.049, 26.899, 14.3515, 14.097999999999999, 45.267, 49.827, 15.009, 13.32, 29.496, 41.095, 41.84, 43.998000000000005, 39.455999999999996, 25.292, 52.870999999999995, 43.3495, 37.617000000000004, 52.085, 48.097, 14.1675, 22.7015, 18.040999999999997, 60.889, 22.169, 57.098, 45.9785, 45.82899999999999, 13.917, 19.795, 17.394, 38.995, 42.557, 23.966, 40.214999999999996, 32.539, 67.74, 52.7825, 16.766, 29.311, 76.277, 25.886, 29.3545, 48.498, 20.627, 48.278, 44.2775, 31.264, 33.934, 43.5, 27.618499999999997, 23.1, 47.6315, 19.512, 13.892, 30.444000000000003, 38.747, 18.955, 43.356500000000004, 54.7445, 32.6645, 35.067, 69.41300000000001, 27.206, 29.3485, 36.9725, 14.217, 33.3425, 39.361, 35.004999999999995, 72.308, 38.056, 64.73499999999999, 61.906499999999994, 33.458, 21.029, 13.703, 43.6025, 77.14, 53.22449999999999, 61.3935, 43.049, 39.714, 23.725, 29.811, 66.518, 19.6095, 23.869, 32.9935, 20.9995, 14.062000000000001, 34.8915, 13.98, 21.969, 57.149499999999996, 46.708999999999996, 21.695, 19.285, 51.9455, 17.4635, 33.564, 23.7765, 26.013, 62.031000000000006, 41.876000000000005, 42.595, 23.245, 13.795, 14.115, 54.0085, 21.695, 25.292, 23.563000000000002, 14.005, 13.765, 23.701999999999998, 36.244, 19.154, 13.808, 38.732, 31.407, 52.2, 50.09, 30.027, 14.0, 47.2625, 42.7085, 35.549499999999995, 24.2515, 50.86450000000001, 33.923, 93.01700000000001, 84.681, 33.086, 14.254, 32.251999999999995, 54.711499999999994, 35.2215, 23.495, 16.211, 20.665, 19.289499999999997, 51.644999999999996, 22.08, 52.45, 15.384, 27.003, 49.001000000000005, 13.302999999999999, 13.64, 19.522000000000002, 27.2195, 32.879999999999995, 23.5135, 20.844, 31.741999999999997, 14.431, 37.0205, 38.8985, 41.0505, 16.872, 34.996, 37.658500000000004, 13.762, 13.96, 75.26400000000001, 19.712, 59.479, 42.6145, 14.2475, 46.766999999999996, 14.699000000000002, 14.683, 58.621],