{"errorExec": {"Process": "OK"}, "Performance": {"spearman": {"spearmanr": 0.72899005526909022, "pvalue": 7.9731918758891192e-69}, "pearson": {"pvalue": 3.632282689589364e-66, "pearsonr": 0.71910602950082891}, "kendalltau": {"kendalltau": 0.58136019242143733, "pvalue": 7.2062675317930401e-69}, "r_score": 0.50216573865010639, "predict_values": [4.540749999999999, 4.892916666666667, 4.68875, 4.6150625000000005, 4.86385, 5.1302, 4.3421, 4.31095, 4.8167, 4.7713, 4.8063, 4.5725, 4.8143, 4.37025, 4.6247, 4.43825, 4.53825, 5.0353, 4.909, 4.3062, 4.8161000000000005, 4.78265, 4.5103, 4.9539, 4.6482, 4.9917, 4.5999, 5.1994, 4.51525, 5.214700000000001, 4.5407, 4.23485, 4.4442, 4.8034, 4.745825, 4.3778500000000005, 4.352399999999999, 4.3870000000000005, 4.3612, 4.804, 4.712149999999999, 4.3943, 4.5039, 4.75, 5.2979, 4.5801, 5.02675, 4.798, 4.79955, 4.5069, 4.465, 4.46265, 4.886699999999999, 4.7324, 5.0211, 4.6813, 4.391349999999999, 5.055949999999999, 4.3223, 5.2638, 4.5626, 5.0203, 4.5197, 4.3103, 5.0845, 5.106, 4.0927, 4.924799999999999, 5.1408, 4.68755, 4.654, 5.28765, 4.0453624999999995, 5.0775500000000005, 5.1224, 4.914300000000001, 5.1827000000000005, 4.55715, 4.8445, 4.36055, 4.780749999999999, 4.212400000000001, 4.1579, 4.6084, 4.9414, 4.8241, 4.2633, 4.5327, 5.0817, 5.0014, 4.78495, 4.5536, 4.74065, 4.6762, 5.00095, 4.6346, 5.07665, 4.19, 4.8687, 4.8792, 5.0579, 4.347049999999999, 4.4984, 4.6317, 4.9993, 4.7021, 4.2752, 4.7858, 4.8744, 4.39985, 4.6971, 4.7001, 4.2271, 4.83925, 4.5939, 4.96345, 4.5396, 4.90075, 5.10135, 5.11935, 5.0412, 4.7221, 4.340199999999999, 4.5941, 4.7449, 5.100899999999999, 4.09275, 4.7712, 4.9874, 4.5985, 4.715, 5.2799, 4.3500499999999995, 4.6975999999999996, 4.761950000000001, 4.7128, 4.8109, 4.0855, 4.89205, 4.82395, 4.36135, 4.1579, 5.202350000000001, 5.0011, 4.61065, 5.1873000000000005, 4.658250000000001, 4.32045, 4.5999, 4.6898, 4.9738, 4.3467, 5.1151, 4.85605, 4.79375, 3.7715, 4.306, 4.5817, 4.92495, 4.0999, 5.1102, 4.6815999999999995, 4.6814, 4.4145, 4.9816, 4.9, 4.47825, 5.3138, 4.1753, 5.2178, 4.82995, 5.0684, 4.3262, 4.4633, 4.83495, 4.4746, 4.8416, 4.6234, 4.79, 4.792949999999999, 4.70475, 5.2937, 4.6503499999999995, 4.1922, 4.6560500000000005, 4.8977, 4.5581, 4.2964, 5.172750000000001, 4.62125, 4.3006, 4.1814, 5.0067, 4.31245, 4.785550000000001, 4.5453, 4.8001249999999995, 4.7736, 4.6836, 4.2438, 4.81405, 4.7046, 4.6511499999999995, 4.38915, 4.783250000000001, 4.64555, 4.6005, 4.1473, 5.3001, 4.899, 4.99935, 4.4289000000000005, 4.7958, 5.0352, 5.20855, 5.1097, 4.60895, 5.0674, 4.52835, 4.5707, 4.7728, 4.4123, 4.1758, 5.0355, 4.3489, 4.29085, 5.0245, 4.6995, 4.2675, 4.80105, 4.6908, 4.5539000000000005, 4.587249999999999, 4.97605, 5.2624, 5.0484, 4.94985, 4.7822, 4.2993, 5.0227, 4.4753, 4.87375, 4.8195, 4.6705, 5.2237, 4.69585, 4.4739, 4.77635, 4.80595, 4.7762, 4.9942, 4.768000000000001, 4.53315, 4.7378, 4.6637, 4.5206, 4.0440000000000005, 5.0343, 4.3444, 4.8451, 4.9392499999999995, 4.9672, 4.0440000000000005, 4.918799999999999, 4.516500000000001, 4.6551, 4.7991, 4.649150000000001, 5.09605, 5.2698, 4.6813, 4.9496, 4.6193, 4.16955, 4.6742, 4.54415, 4.5029, 4.6556, 4.6348, 4.0399, 4.61975, 5.03235, 4.9704, 5.2383500000000005, 4.9243, 4.085, 4.9653, 5.141349999999999, 4.51865, 4.800549999999999, 4.3888, 4.75235, 4.998216666666667, 4.5361, 4.9097, 4.345, 5.1996, 4.6777, 4.5596, 4.3390625, 4.2849, 4.7148, 4.434150000000001, 4.718, 5.0051, 4.56755, 4.6699, 4.8633500000000005, 5.0997, 4.940799999999999, 4.9327, 4.55445, 4.9636, 4.566050000000001, 5.1982, 4.56025, 4.50315, 4.37945, 4.54905, 5.1306, 4.7294, 4.9132, 5.3818, 4.4723500000000005, 4.8247, 4.0454, 4.6001, 4.21175, 4.8725, 4.729, 4.662100000000001, 4.7989, 5.3412, 4.800375000000001, 4.51675, 4.5898125, 5.1001, 4.6326, 4.78495, 4.5892, 4.6128, 4.4352, 4.679449999999999, 4.903549999999999, 5.013450000000001, 4.9901, 4.92545, 4.1530000000000005, 5.2979, 4.59495, 4.9403500000000005, 5.4726, 4.789, 4.9265, 4.0999625, 4.722799999999999, 4.85985, 4.3658, 4.9193, 5.5892, 4.4696, 4.6082, 4.27895, 4.5602, 4.78655, 4.60285, 4.86005, 4.9593, 4.5662, 4.7768999999999995, 4.6817, 4.47265, 4.26325, 4.7017, 4.4723500000000005, 5.1247, 4.746650000000001, 4.9266, 5.1072, 4.8579, 4.5287, 4.5809, 4.6998, 4.395250000000001, 4.775, 4.6433, 4.42765, 4.1828, 4.8579, 4.90785, 4.91445, 4.7524, 4.4755, 4.6761, 3.9032, 4.8003, 4.497, 4.9912, 4.49465, 4.761950000000001, 4.5723, 4.3595500000000005, 4.605700000000001, 4.513675, 5.0999, 4.0021, 4.7007, 5.22685],