{"errorExec": {"Process": "OK"}, "Performance": {"spearman": {"spearmanr": 0.67110228362407953, "pvalue": 1.0053128748732759e-54}, "pearson": {"pvalue": 3.9486436584903752e-74, "pearsonr": 0.74748751298703686}, "kendalltau": {"kendalltau": 0.53965892300584517, "pvalue": 1.3463077256396081e-59}, "r_score": 0.5564758181552043, "predict_values": [0.030130999999999998, 0.0143775, 0.1321035, 0.62344, 0.3825115, 0.032294500000000004, 0.034865999999999994, 0.029963, 0.0188375, 0.040524000000000004, 0.012634000000000001, 0.5976300000000001, 0.0621785, 0.081593, 0.096092, 0.040431999999999996, 0.063792, 0.534638, 0.307211, 0.024531499999999998, 0.34296, 0.0515805, 0.024137, 0.23579699999999998, 0.08514999999999999, 0.1029465, 0.0953465, 0.046311000000000005, 0.028349, 0.6888650000000001, 0.5934785, 0.26926, 0.833235, 0.057461500000000006, 0.48266600000000004, 0.0118837, 0.022379999999999997, 0.0452385, 0.110131, 0.23105699999999998, 0.23579699999999998, 0.53488, 0.042585, 0.08514999999999999, 0.20125815, 0.0499405, 0.033785, 0.502535, 0.070096, 0.1134035, 0.5589005, 0.1696915, 0.670718, 0.585133, 0.349985, 0.147067, 0.0232122, 0.027706500000000002, 0.23638, 0.2535105, 0.494213, 0.065431, 0.09446, 0.021508, 1.4400899999999999, 0.282432, 0.050424, 0.609305, 0.065431, 0.038954, 0.0746735, 0.6888650000000001, 0.018376999999999998, 0.025120499999999997, 0.0251065, 0.3825115, 0.015237500000000001, 0.561045, 0.045059999999999996, 0.034105, 0.6083635, 0.07524850000000001, 0.026945, 0.034307000000000004, 0.2883675, 0.121852, 0.057054999999999995, 0.030830500000000004, 0.035728499999999996, 0.021142, 0.0953465, 0.021508, 0.2255335, 0.0681735, 0.29897999999999997, 0.1347575, 0.023889, 0.039826, 0.063792, 0.247559, 0.034246, 0.024351499999999998, 0.0199772, 0.091746, 0.41949050000000004, 0.120739, 0.040369, 0.169555, 0.2177, 0.021956999999999997, 1.0142425, 0.020638, 0.025083499999999998, 0.1338755, 0.023115, 0.329247, 0.13642900000000002, 0.07596974999999999, 0.6516299999999999, 0.670718, 0.2746305, 0.44089500000000004, 0.1091341, 0.1022995, 0.0118837, 0.080914, 0.0173482, 1.09244, 0.0448085, 0.585133, 0.036601, 0.1471775, 0.027077, 0.0551745, 0.13578, 0.297978, 0.024137, 0.015237500000000001, 0.38545900000000005, 0.14581099999999997, 0.5934785, 0.026945, 0.216775, 0.104855, 0.062969, 0.833235, 0.0218445, 0.5519273, 0.023479499999999997, 0.256175, 0.5382184999999999, 0.012251999999999999, 0.1835135, 0.030830500000000004, 0.5456055000000001, 0.0493935, 0.0151305, 0.0621785, 0.6083635, 0.506421, 0.08398950000000001, 0.623505, 0.1384235, 0.04571, 0.22919899999999999, 0.44537, 0.27492950000000005, 0.0626085, 0.039771, 0.06664400000000001, 0.0232305, 0.48092900000000005, 0.684267, 0.077378, 0.03054465, 0.5296725, 0.019291000000000003, 0.010272, 0.1338755, 0.610543, 0.5528730000000001, 0.1022995, 0.1854105, 0.0207085, 0.07596974999999999, 0.034307000000000004, 0.344918, 0.0424605, 0.022809, 0.027934, 0.0448085, 0.593168, 0.179958, 0.07334, 0.120739, 0.2177, 0.28222149999999996, 0.026162499999999998, 0.9496850000000001, 0.0217365, 0.7063349999999999, 0.306864, 0.01751465, 0.0375845, 0.302806, 0.042585, 0.7448085, 0.028740500000000002, 0.033785, 0.028957999999999998, 0.135419, 0.07334, 0.38545900000000005, 0.016046499999999998, 0.546023, 0.2056825, 0.054519, 0.121563, 0.0207085, 0.25688500000000003, 0.0411735, 0.62344, 0.0287725, 0.320737, 0.7479750000000001, 0.249562, 0.0895685, 0.0242205, 0.049392200000000004, 0.026601999999999997, 0.015494, 0.173254, 0.023889, 1.09765, 0.627536, 0.5528730000000001, 0.52619, 0.0643565, 0.034105, 0.025028500000000002, 0.0452385, 0.09016350000000001, 0.054814999999999996, 0.11808500000000001, 0.3063985, 0.01978265, 0.417162, 0.282432, 0.060672000000000004, 0.049353, 0.087697, 0.041703000000000004, 0.902785, 0.417162, 0.35289, 0.043048, 0.09446, 0.085531, 0.546023, 0.6113995, 0.040524000000000004, 0.033495, 0.0843845, 0.033572500000000005, 0.096111, 0.0354045, 0.039826, 0.2263092, 0.049353, 0.060672000000000004, 0.29092850000000003, 0.097133, 0.110205, 0.320737, 0.07505500000000001, 0.025994000000000003, 0.697985, 0.2056825, 0.031765, 0.1471775, 0.024011499999999998, 0.6516299999999999, 0.012941699999999999, 0.2535105, 0.135419, 0.022873, 0.0866675, 0.13642900000000002, 0.032356499999999996, 0.44717, 0.081593, 0.054491000000000005, 0.012941699999999999, 0.1257255, 0.28222149999999996, 0.019430999999999997, 0.028271499999999998, 0.03867, 0.077378, 0.046311000000000005, 0.0315365, 0.0695325, 0.0226845, 0.040051, 0.040394, 0.5279855, 0.040431999999999996, 0.022809, 0.345239, 0.39210249999999996, 0.027707999999999997, 0.39210249999999996, 0.088118, 0.3850675, 0.1257255, 0.036601, 0.020638, 0.568711, 0.820465, 0.07435665, 0.25688500000000003, 0.0493235, 0.0314555, 0.019291000000000003, 0.479181, 0.024903, 0.0159446, 0.0144211, 0.0159446, 0.1688895, 0.8093195000000001, 0.050424, 0.07505500000000001, 0.0242205, 0.057054999999999995, 0.0244795, 0.249562, 0.29092850000000003, 0.1244915, 0.1091341, 0.10904749999999999, 0.08957100000000001, 0.0232122, 0.3141575, 0.0330965, 1.364335, 0.60762, 0.013994, 0.169555, 0.0451565, 0.0244795, 0.5296725, 0.18124, 0.3141575, 0.0336195, 0.0232305, 0.0747731, 0.31991200000000003, 0.42774, 0.034865999999999994, 0.53488, 0.0203535, 0.21006049999999998, 0.025506, 0.024903, 0.8067865000000001, 0.84509, 0.41993500000000006, 0.342955, 0.022026, 0.0643565, 0.096092, 0.038954, 0.0151305, 0.722712, 0.027707999999999997, 0.29897999999999997, 0.329247, 0.056273500000000004, 0.0425065, 0.032660999999999996, 0.015494, 0.0206635, 0.079086, 0.6158505000000001, 0.081094, 0.0268965, 0.018601, 0.0425065, 0.52619, 0.1438502, 0.23105699999999998, 0.024011499999999998, 0.0851, 0.01421665, 0.502535, 0.017176499999999997, 0.040369, 0.0226845, 0.13578, 0.0493935, 0.3063985, 0.35289, 0.0330965, 0.025506, 0.1347575, 0.013538, 0.06086],