{"errorExec": {"Process": "OK"}, "Performance": {"spearman": {"spearmanr": 0.78379085124374925, "pvalue": 5.0675439979581729e-86}, "pearson": {"pvalue": 1.9425513818821475e-233, "pearsonr": 0.96305687665970441}, "kendalltau": {"kendalltau": 0.62629474394180262, "pvalue": 1.2602763355072237e-79}, "r_score": 0.87632213241367241, "predict_values": [0.013864963345642127, 0.11783449395354056, 0.048485091735460416, 0.19828282391283056, 0.23319135647012493, 0.025882166327827978, 0.026945041525850883, 0.02192376047687627, 0.03137776184871545, 0.04078407680884092, 0.005962577774499456, 0.1594368129604554, 0.21396045600524483, 0.04116019251546239, 0.033412704483670015, 0.03504342949563352, 0.07053350802490412, 0.07192303896519585, 0.4505806092626796, 0.021059636423843616, 0.6099371837716661, 0.02561721164476882, 0.012185009821306854, 0.8853955466778387, 0.015901753495618672, 0.019398129167134372, 0.045619730273202125, 0.04462048672713844, 0.010244869176916437, 0.3363259755288325, 1.2343623953614902, 0.17334021515558914, 0.475502669101085, 0.00798621854577712, 0.03124423390559545, 0.146381319647781, 0.017003023015355924, 0.03502669127382876, 0.08034870309964777, 0.06194210380604949, 0.32316777813633246, 0.06986336110928217, 0.02839534940245083, 0.12927944570934263, 0.4893955766410083, 0.49378401859167753, 0.0458531670979528, 0.03848060729497062, 0.11281617249506926, 0.026128976783977003, 0.41306689158139814, 0.09622730043525983, 0.07778650660850213, 0.5966310176466143, 0.2362179349081169, 0.11944377853559814, 0.008382144907336679, 0.03126680253162583, 0.23490548073888695, 0.4858111638244037, 0.015547932103443367, 0.042051621468379485, 0.09378321090148682, 0.0228039706909796, 1.048731988520993, 0.542897526900831, 0.20894740832230502, 0.1138235137794252, 0.04239702480785882, 0.043493308055001824, 0.12958154282520487, 0.13650550967250466, 0.03572627033570035, 0.02782007391203643, 0.01085557577340142, 0.050427146645584967, 0.032743762968055604, 0.2399077209331026, 0.023749555841371367, 0.10283832495239825, 0.04003066581792508, 0.13610682789411999, 0.033413229950419523, 0.08716669491661214, 0.2424701994596143, 0.08587266584033745, 0.040255498640869296, 0.047198848425725845, 0.04756422383208019, 0.02088955166665983, 0.02409876639518725, 0.014711135612794253, 0.21856160701538896, 0.04479546568415704, 0.17443359899461355, 0.016998836344408696, 0.018917430848663434, 0.04148514541442617, 0.09819812742876327, 0.04254810914013281, 0.11843006057699745, 0.05390006257499023, 0.007112761036627296, 0.04348392286537246, 0.07809251113125469, 0.04745549684212074, 0.013041531678944104, 0.16073512749612207, 0.17154253685183257, 0.08110844344638488, 0.5635841858990226, 0.015466225180538334, 0.03939501864591477, 0.12785179359296245, 0.006129197070944783, 0.019688834213017026, 0.03821694289539381, 0.15206200926413738, 0.5077652449473196, 0.2558702447138842, 0.44014038389365906, 0.2890986028149374, 0.03269998129374433, 0.11839763610583523, 0.010751228596940911, 0.02301496130280031, 0.011776029441719542, 0.7892818212133108, 0.07222314765248972, 0.10026681890417749, 0.006842579821702356, 0.08178178324583844, 0.1703386146527435, 0.03277077348666947, 0.054388596222436546, 0.030305408327897673, 0.006349555141496154, 0.07836135365133236, 0.2133212167791, 0.09073498811209545, 0.2534404227799643, 0.021899437108167677, 0.19448069658785297, 0.05892758663319826, 0.1506975140322869, 0.9624380065451056, 0.03141447322613245, 0.05361756591273653, 0.07589411045107292, 0.0880286523577876, 0.3434297802152465, 0.01071629921028898, 0.11008656887461622, 0.06397485377133479, 0.6758880826479091, 0.03203185354555284, 0.043439139929427835, 0.21078571384143555, 0.27053404242750473, 0.4645778418384711, 0.06130493788704953, 0.10602463614610269, 0.1451158645770231, 0.14546566937555672, 0.16837915046454568, 0.1484428777777029, 0.5865427818848926, 0.8218396964751289, 0.020042231056594247, 0.1815030019642703, 0.08035804393907073, 0.4146665866433334, 1.2733968947037013, 0.0718788695857941, 0.02584112409682096, 0.042951456962079124, 0.034430222846094594, 0.018071119253414775, 0.06000480558685882, 0.04568099377950433, 0.5707799948813347, 0.26643462411132857, 0.01718642647953974, 0.035489622493508455, 0.14883203211607757, 0.01795897582340999, 0.1179677067836134, 0.10399117943136713, 0.07097309020265503, 0.021653272137348332, 0.04519968822727391, 0.5845390400869475, 0.14027633996808686, 0.04512788510536473, 0.07930309914383316, 0.356072048895122, 0.3616966437104658, 0.01730074130171851, 0.21833927647399515, 0.03637297653307312, 0.04629651250909047, 0.025205882208675697, 0.07728065340386045, 0.04838198849848087, 0.43941959463093794, 0.04549087947300691, 0.31692387646661774, 0.08335523573792143, 0.05401298972163229, 0.055082684768082875, 0.10836560986541759, 0.08798603306873941, 0.04028173951899413, 0.023224308581871266, 0.07036695818927047, 0.1680513966976169, 0.08387183291086531, 0.09150714364575453, 0.03309013522292037, 0.31490278837080415, 0.07296517291873661, 0.29255399825053735, 0.05570915394563623, 0.009306406813950025, 1.1569963805194543, 0.13495019055283286, 0.023103673191583768, 0.04194835005508799, 0.08358890609025178, 0.089282707343893, 0.011661325670772705, 0.04219782395385427, 0.040383781001414105, 0.3280772312013235, 0.44487667223781086, 0.044954527925508574, 0.19820393485902882, 0.029702195218482507, 0.021435792735539878, 0.015551190828695594, 0.08932597599851433, 0.09964905672192038, 0.08588195561524119, 0.0920935345956631, 0.13864343815877886, 0.02600094043547046, 0.19766943750007504, 0.05718989698114351, 0.048468265895405975, 0.02433191480752661, 0.043520589697940426, 0.017929946988592464, 0.39312252817099486, 0.08382693751804725, 0.17355489930995574, 0.032215996685498245, 0.06359712352918646, 0.09914824790214388, 0.19618429638433132, 0.04241712234187765, 0.07153362718906596, 0.17473734298949853, 0.06247414073846629, 0.009398703625444448, 0.11538822683002478, 0.023740928641735264, 0.028091653135353403, 0.03394123129477828, 0.026319842253883893, 0.06748188594832365, 0.04825223194363234, 0.031709126489747594, 0.05720675885095975, 1.447972177765299, 0.031055739962181226, 0.12720250637362115, 0.3310942132420139, 0.08816904727142759, 0.02042616009632704, 0.0538865712954892, 0.022539758679333298, 0.6218303566534802, 0.0237002068984026, 0.17833104332648972, 0.17786812190636375, 0.011807269502748076, 0.009694837727446797, 0.014094877856059054, 0.007507129038409804, 0.08795591315469817, 0.041164880443064884, 0.07819148544704728, 0.024530501587877077, 0.051830660518388263, 0.0332034766341704, 0.024153332386057408, 0.09293554525612592, 0.04463813865396305, 0.0933849881684842, 0.008094049221793735, 0.021581533663394162, 0.1360746656464309, 0.03151434307073544, 0.052655840797762365, 0.06028000199240945, 0.17837324681166467, 0.019577060842399716, 0.08843336654923979, 0.06134008978336283, 0.03660776198275811, 0.019808890464340815, 0.16258696083255736, 0.19035082368865222, 0.22969535659908366, 0.28528872097473607, 0.10743300159480651, 0.037540163245402165, 1.147158397438311, 0.4421778210076733, 0.4152599647226048, 0.33522544347916267, 0.02940377054885414, 0.22549591500020183, 0.27855423111554073, 0.08887934308726234, 0.010198741588162962, 0.24674098173272638, 0.089121906197092, 0.09028318431291163, 0.011995610941881403, 0.04352731992609852, 0.11782259985495118, 0.06839373535141907, 0.05401090900469007, 0.046933404029381745, 0.03038927886078628, 0.2939867686985252, 0.23077604611899696, 0.019376307914127235, 0.06818455616249543, 0.01174320204468643, 0.06172353695249023, 0.017302808845575144, 0.4791448473271835, 0.03740059754580179, 0.24297681166899854, 0.09941108478166462, 0.038701914234698355, 0.32257708783907424, 0.034619778190661955, 0.06013218914934101, 0.11524465597530703, 0.0848758753123305, 0.02137844860797001, 0.015250005170440685, 0.03628971567531273, 0.11215149038516502, 0.19189849614719956, 0.5182147004624129, 0.050196108118684475, 0.03403801399653569, 0.012597680714708062, 0.2779840103857949, 