Component,Relevance
1.0,42.770471111262125
2.0,17.149859721735215
3.0,16.347822642806772
4.0,11.462557919519604
5.0,7.735450067355304
6.0,4.53383853732097
