{"errorExec": {"Process": "OK"}, "Performance": {"spearman": {"spearmanr": 0.98228716708722008, "pvalue": 2.1498852537980695e-297}, "pearson": {"pvalue": 8.0988679958626664e-277, "pearsonr": 0.97757820640693649}, "kendalltau": {"kendalltau": 0.88246353262366473, "pvalue": 3.66714260339798e-156}, "r_score": 0.9022920751079635, "predict_values": [101.1003719999981, 110.21105600000064, 49.88548999999843, 96.81754000000284, 58.945258999999865, 90.98630050000061, 80.19411899999929, 58.69013599999864, 56.36341349999977, 91.16586799999952, 98.14454800000316, 80.32444450000091, 74.90883349999913, 82.8005170000004, 98.89330099999839, 101.89601199999824, 64.6266970000008, 83.50541550000041, 61.671738499998774, 93.48560299999829, 53.80715649999865, 87.14200050000008, 92.56886200000012, 56.2374270000012, 93.60071299999727, 86.85336699999885, 75.99908450000005, 82.17032700000057, 89.07597449999945, 73.10225000000185, 47.76250100000053, 76.63772500000078, 83.16230949999908, 75.63074099999822, 90.6428105000012, 103.76941450000332, 95.67767499999844, 98.85402650000276, 61.0377655000009, 77.08057350000118, 46.86239000000035, 87.11710800000104, 93.14577900000087, 53.93742799999879, 53.87727849999901, 75.14032750000003, 59.792761499999074, 84.31569400000181, 77.0088509999991, 65.1418534999993, 87.80176299999987, 98.98848150000276, 59.20861299999886, 79.95655699999735, 61.22778099999882, 60.192599999999175, 102.8814305000018, 69.93338200000181, 59.06574550000205, 64.54158150000119, 98.80942049999857, 74.20008550000017, 72.38652349999984, 101.6851409999979, 72.71121350000014, 81.78649150000031, 75.35713100000063, 72.03056200000024, 61.625903999998364, 105.80553800000257, 49.86643699999869, 63.876850499999065, 102.63367400000013, 83.96563050000134, 99.77543199999694, 62.73762500000074, 94.40636549999867, 79.03246349999935, 84.74063800000194, 83.30918600000089, 99.21405150000164, 60.99651199999976, 97.19226899999863, 75.69271000000181, 91.13982049999818, 49.711265499998994, 64.90193999999835, 74.58890800000029, 78.88973050000097, 77.40315649999984, 92.57781649999983, 100.84328350000048, 82.94194549999978, 95.10316300000069, 69.58967500000024, 99.9937264999979, 99.22009050000283, 51.46872349999961, 71.05228200000015, 71.38348800000136, 86.75699050000168, 82.1957679999987, 93.12911249999779, 78.668451499999, 71.41805199999948, 53.158844499999766, 105.01729349999883, 78.45221350000008, 55.003053000000854, 57.218459000000536, 84.26903400000145, 95.55302149999905, 98.89575799999835, 72.02774049999917, 108.45833000000079, 110.2136235000006, 56.27528999999924, 50.27869650000056, 56.20578100000144, 93.5511125000026, 56.65923850000072, 80.74379050000168, 50.65544499999969, 94.7043469999991, 79.19533549999984, 85.11563099999958, 99.82168849999871, 90.59053549999803, 99.13128750000223, 86.30424999999889, 111.82112149999739, 70.86442650000133, 45.60204300000021, 100.80215600000021, 94.65432399999887, 85.38673900000171, 82.25897699999982, 94.6897200000004, 72.8277714999991, 75.30622649999947, 83.96739649999878, 79.25654149999865, 57.500809500001715, 82.94648300000136, 91.28682750000178, 86.25521000000053, 110.83725750000032, 82.76062499999847, 80.84727950000051, 67.46207100000146, 74.07059100000012, 99.06350349999882, 64.74732149999865, 95.26043149999994, 68.01196400000069, 96.67397350000017, 93.30554400000099, 75.61229349999853, 87.46449149999987, 77.93713050000007, 79.61967900000079, 67.6911030000014, 93.54038899999918, 86.74413549999929, 89.05985499999879, 98.8007619999985, 82.19693300000121, 53.272139499999234, 105.12998900000119, 54.419115500000636, 88.35477650000102, 70.35197499999913, 56.59011799999961, 76.38568649999769, 53.69276599999876, 74.15831150000106, 86.76701149999829, 77.44644050000159, 59.8961294999994, 100.5886494999978, 82.9430344999995, 78.37285299999833, 98.12576549999727, 94.8871019999981, 97.28576250000194, 92.22674550000038, 98.96967699999753, 82.43050699999857, 76.8691380000013, 92.03495150000157, 74.79400849999959, 71.50939999999949, 71.05664149999917, 55.804227000000886, 44.71996199999916, 56.11742850000054, 58.75111800000105, 101.50923449999708, 96.77397549999844, 49.12698999999844, 48.57696450000136, 67.67691799999885, 85.93700949999827, 81.20861550000055, 88.06678600000114, 84.7987645000002, 55.47701549999967, 44.10326650000017, 73.41611249999937, 50.7317979999992, 78.10503050000017, 57.409783499998724, 79.70182049999839, 100.98200050000167, 76.24577900000104, 73.96682899999941, 103.40498249999737, 77.09983250000032, 102.61907699999792, 90.89531949999926, 73.9422729999998, 90.83891949999978, 64.67417600000121, 112.04904550000181, 57.76435699999931, 86.05790099999837, 69.50223249999992, 69.15459749999906, 54.915904500001425, 80.61329899999971, 100.30813050000125, 77.0928215000014, 84.82698750000127, 81.91519549999848, 102.24244200000194, 96.62422200000012, 67.81702499999872, 70.17307999999949, 64.5053714999989, 99.74991650000152, 65.84034899999855, 53.69390550000058, 54.64337750000065, 48.86961800000096, 83.60657050000069, 59.73677300000092, 72.2213864999991, 80.57405000000139, 99.07422300000287, 104.93287350000179, 68.9316040000018, 46.99289900000071, 86.26548450000013, 62.5498395000015, 79.40194349999997, 101.65543399999918, 68.86967350000127, 74.12380849999947, 84.14166549999854, 96.67866300000122, 81.54386000000059, 76.78238449999995, 59.88587049999923, 53.58900050000147, 65.64877249999802, 70.90561999999969, 50.49005100000037, 64.3233715000015, 107.71423049999889, 61.85688850000137, 77.68297449999945, 95.94441949999887, 82.27791499999965, 53.15469250000021, 97.66630599999795, 96.62277850000093, 57.17758149999958, 75.19867200000057, 59.34661899999803, 64.61169200000126, 97.25700249999745, 56.464880999999636, 84.15198800000191, 91.05094050000133, 85.87874650000158, 102.93796799999876, 73.16017250000182, 109.13801000000313, 112.76824099999827, 75.74922800000074, 71.4927984999986, 90.07765700000223, 89.51979300000156, 93.58566550000249, 60.39568549999854, 90.04597450000077, 75.84457150000055, 48.22830949999929, 87.74799799999883, 102.40680950000204, 95.09172650000248, 65.75828750000004, 100.644117999998, 73.8351054999993, 78.83592250000002, 88.62929399999844, 94.41930650000002, 91.3885809999993, 96.99033599999942, 58.58565399999909, 87.15382000000075, 103.45611100000279, 82.83524999999912, 70.492184499999, 62.76331749999859, 55.05188349999895, 97.28403850000177, 76.49561900000093, 61.70828299999862, 60.04917700000203, 90.76036150000125, 76.47791850000091, 50.83650050000021, 96.44695900000205, 85.95359300000045, 93.260698500002, 73.572138999998, 75.60019700000043, 58.10543450000024, 79.5078844999996, 79.54187900000052, 74.65928899999943, 83.43619749999894, 95.13333000000092, 76.55949300000002, 89.18808449999752, 61.55554099999943, 77.54447250000015, 86.48376399999867, 54.34997849999893, 68.35755550000208, 74.70171949999869, 104.83466350000198, 74.03366100000225, 66.57388399999958, 106.47720549999943, 73.16095900000089, 81.69466149999899, 52.60563549999917, 45.27866450000059, 86.10575149999832, 72.64511600000009, 75.84483799999917, 78.71516049999875, 88.51274849999825, 98.55172200000153, 76.6755125000002, 70.29170849999923, 72.63834399999823, 61.14864549999871, 76.12553999999841, 102.66263250000182, 52.90938900000059, 86.99206250000036, 98.47588599999835, 89.68543799999915, 77.81479099999932, 49.9388755000009, 82.60539750000011, 56.30336150000127, 66.14338950000177, 52.46025199999896, 55.69036749999892, 83.79516600000134, 49.91912450000023, 88.40460899999904, 79.96142000000067, 55.319062000000464, 97.36248450000089, 72.65613550000195, 104.46091200000282, 91.44559449999838, 45.43751999999931, 76.31804999999915, 53.46674750000158, 75.25483550000027, 99.26564349999792, 102.19897850000253, 104.97636450000228, 64.7703464999988, 77.05042500000118, 85.7256130000018, 76.72351950000001, 89.48263199999887, 60.235385499998806, 56.90580100000175, 89.15112899999886, 59.900000999999236, 83.9600624999992, 88.5593980000008, 53.14892800000091, 75.37459249999992, 