{"errorExec": {"Process": "OK"}, "Performance": {"spearman": {"spearmanr": 0.99740011692075359, "pvalue": 0.0}, "pearson": {"pvalue": 0.0, "pearsonr": 0.99999999299137254}, "kendalltau": {"kendalltau": 0.98349260351953549, "pvalue": 1.8147501859728972e-193}, "r_score": 0.99999998598274509, "predict_values": [0.11882999999999999, 0.27776999999999996, 2.3593299999999997e-05, 0.008686200000000002, 0.053402, 1.3291, 0.23885, 0.7721399999999999, 0.32755, 0.37914000000000003, 0.18997, 0.019438, 1.3727, 0.00012943324, 0.18307, 2.4772075e-05, 0.03974, 1.5614425e-05, 1.0701, 1.8322000000000002e-05, 0.01015, 2.32895e-07, 0.046131, 1.2648, 0.00012943324, 0.00012943324, 0.015375, 1.6245, 0.024218, 0.00012943324, 0.95449, 0.00012943324, 0.076682, 1.0628, 0.36709, 0.029138999999999998, 0.83765, 0.37803000000000003, 0.1845, 0.00012943324, 0.74384, 7.024862000000001e-05, 0.7386199999999999, 0.027177999999999997, 0.027056, 0.0034138000000000007, 0.29774, 0.00011921, 1.6702e-05, 0.5220600000000001, 0.0011493, 0.044344, 1.0224, 0.00012943324, 0.05475599999999999, 2.054e-06, 0.14132999999999998, 1.1774, 0.11795, 0.9344899999999999, 0.26055, 0.0054957999999999995, 0.19749, 1.239425e-05, 1.3769999999999998, 1.2495999999999998e-07, 0.00018246699999999999, 0.0087712, 0.37301, 0.70811, 0.016668000000000002, 0.017945, 1.0994, 0.016895, 0.57175, 1.5805, 1.5614425e-05, 0.6086600000000001, 0.68862, 0.15428, 0.24625, 0.26982, 0.77437, 7.024862000000001e-05, 0.38405, 0.0015772, 0.25031, 0.32089, 0.00012943324, 0.064446, 0.9275, 0.44006999999999996, 0.03327, 0.032756999999999994, 4.1453999999999995e-07, 1.4567, 0.077959, 0.027065, 0.078824, 0.51549, 0.001491, 2.3593299999999997e-05, 0.46608999999999995, 1.0294000000000002e-05, 0.0130545, 0.019825, 1.4409999999999998, 0.096617, 0.029685000000000003, 0.030721, 7.024862000000001e-05, 0.032119999999999996, 0.56386, 0.0054583999999999995, 0.44491, 0.0050626, 0.021143000000000002, 0.006479, 0.019593, 0.1354, 0.58619, 1.0031, 1.5994, 0.53575, 0.37331, 0.00012943324, 0.089767, 1.6702e-05, 1.755559e-05, 0.004507, 1.2628, 1.1064, 0.012152, 4.717383333333333e-06, 0.51583, 1.1593, 0.11525, 0.062914, 0.023836000000000003, 0.31121, 1.3857, 8.379600000000001e-05, 0.023969, 0.58226, 0.55703, 0.015657, 0.34601, 0.94876, 0.30418, 0.0130545, 2.3793999999999996e-05, 0.14742, 0.073401, 0.15187, 0.071176, 0.089651, 0.1725, 0.043746, 0.00012943324, 0.010581, 0.009337, 0.0084292, 1.6542, 0.0035470999999999996, 0.010685, 0.37796, 0.047644, 0.0059922, 2.4772075e-05, 0.019427, 0.6883600000000001, 0.014912, 1.0569, 0.015375, 0.024762, 0.27712, 0.0488575, 0.030849, 0.9474, 0.1003, 1.239425e-05, 0.075692, 0.13194, 7.1448e-05, 0.042379, 0.00012943324, 0.0069122, 0.0032275, 0.06948, 0.27374, 0.023584, 0.014072, 8.1965885e-05, 0.020848, 2.3593299999999997e-05, 0.13860999999999998, 0.14768, 0.12922999999999998, 0.011634, 2.4772075e-05, 0.013438, 0.0082235, 1.5614425e-05, 0.091018, 0.08915, 0.00012943324, 0.36341, 0.38719000000000003, 0.087614, 0.00084772, 0.38966, 0.019559, 0.027558, 0.088075, 0.00012943324, 0.0012483, 0.011462, 7.024862000000001e-05, 0.099566, 1.5614425e-05, 0.54092, 8.5062e-06, 0.19283, 1.6030000000000002, 0.91512, 0.7058300000000001, 0.28689000000000003, 0.0037358000000000005, 0.62917, 0.00012943324, 0.29928, 0.047795, 2.4772075e-05, 0.00012943324, 0.0039073, 0.26353000000000004, 0.041223, 0.48433000000000004, 0.9623299999999999, 1.4175, 0.029338, 0.020541999999999998, 6.8871e-05, 1.755559e-05, 0.025509999999999998, 0.54057, 0.011201000000000001, 0.21406, 0.25204, 0.00012943324, 0.15963, 0.021217, 0.00012943324, 0.091571, 0.034348000000000004, 0.034005, 4.6142e-05, 0.034843, 0.28073000000000004, 0.12485, 0.023847, 0.45988, 0.52775, 0.0072598, 0.011314, 0.0488575, 0.29251, 0.39665, 2.32895e-07, 0.76818, 0.0051775, 0.25955, 0.0012450999999999999, 0.42858999999999997, 0.028879000000000002, 0.027207, 0.00010224999999999999, 8.1965885e-05, 0.02797, 0.5774, 0.23775, 0.025981, 1.442, 0.00010224999999999999, 0.28438, 0.16194, 0.9343100000000001, 4.717383333333333e-06, 0.40691, 0.014547999999999998, 0.0027228, 0.004964100000000001, 0.021901, 0.24318, 1.5187, 0.04365, 1.3557e-05, 0.038342, 1.6702e-05, 0.014379, 1.0066, 0.10604000000000001, 0.073023, 0.13433, 0.025404, 0.0050237, 0.022545, 0.35493, 0.7548699999999999, 0.75434, 0.49743999999999994, 0.01029, 0.16014, 0.00018246699999999999, 9.251899999999999e-07, 0.012622, 0.19222, 0.2504, 0.0012720000000000001, 0.48667, 0.0019984, 1.1712e-05, 0.01239, 0.060413, 0.7470899999999999, 0.4959, 0.24618, 0.49394, 0.57216, 0.52485, 0.41700000000000004, 2.3793999999999996e-05, 0.00010794, 0.2154, 0.015386000000000002, 0.039593, 0.01998, 0.0089573, 4.717383333333333e-06, 0.17547000000000001, 0.008933400000000001, 0.33613000000000004, 1.3621, 0.37383, 0.48421000000000003, 0.0037860999999999997, 0.014044999999999998, 0.5838, 0.20023, 0.027005, 0.00012943324, 0.015593000000000001, 0.6993, 0.23549, 0.013434, 0.23746, 0.67081, 0.053402, 0.081731, 0.68582, 0.017863999999999998, 0.098692, 3.1186e-06, 0.023953, 0.26293, 0.075362, 0.072264, 0.32556, 0.13438, 0.46458, 0.0024406999999999996, 0.82676, 1.9895e-05, 0.035584, 0.060711, 0.006481300000000001, 0.49968999999999997, 3.2934e-05, 0.015647, 7.024862000000001e-05, 1.755559e-05, 1.8321e-05, 0.080475, 0.006626999999999999, 0.9551700000000001, 0.010209000000000001, 0.032756999999999994, 0.07582, 0.6705, 0.0032670000000000004, 0.01739, 0.011264, 0.0093626, 0.024435, 0.11323, 0.06704500000000001, 0.89126, 1.2690000000000001, 0.63956, 0.6620199999999999, 1.3734, 0.01339, 0.00097356, 0.22751999999999997, 0.071335, 0.034331, 0.022882, 1.0991],