Component,Relevance
1.0,71.33272225851454
2.0,18.180332400391038
3.0,7.420924252021626
4.0,2.525090317281612
5.0,0.5409307717911921
6.0,0.0
