Component,Variance
PCA 1,96.49100713696954
PCA 2,1.4124661576656827
PCA 3,1.350088837721875
PCA 4,0.21366487398139894
PCA 5,0.005564911846680969
PCA 6,8.357117679304143e-30
