{"errorExec": {"Process": "OK"}, "Performance": {"spearman": {"spearmanr": 0.9999999999999999, "pvalue": 0.0}, "pearson": {"pvalue": 0.0, "pearsonr": 1.0}, "kendalltau": {"kendalltau": 1.0000000000000007, "pvalue": 3.48030140723109e-49}, "r_score": 1.0, "predict_values": [0.24588, 0.017287999999999998, 0.38705, 0.27636, 0.49764, 0.6574800000000001, 0.41087, 0.7429, 0.66468, 1.1409, 1.0294, 1.1816, 1.4058, 1.5168, 1.52, 1.7023, 1.4257, 2.2328, 2.2481, 4.9181, 1.6178, 2.1829, 2.1415, 2.1336, 2.7862, 5.9637, 2.1154, 2.9046, 2.5707, 3.3131, 2.7066, 3.2116, 3.2029, 3.2825, 3.5811, 3.3001, 3.6559, 4.2324, 4.0126, 3.8032, 3.9482, -2.3882, 4.2, 4.7241, 4.6312, 4.4713, 4.8896, 4.3728, 5.1942, 4.8686, 5.1435, 5.0124, 5.3259, 5.7999, 5.3439, 5.6183, 5.4619, 5.7172, 5.9119, 5.9839, 6.3674, 6.4843, 6.4965, 6.3481, 6.4228, 6.9278, 6.4721, 6.8652, 6.7556, 7.2233, 7.189, 7.1414, 7.5624, 7.6185, 7.5405, 6.0283, 7.4897, 7.4866, 7.8669, 7.801, 7.4811, 8.0907, 7.8932, 8.3062, 8.52, 9.009, 8.3515, 8.7488, 9.2294, 9.9374, 17.006, 9.1911, 9.0407, 9.2576, 9.7728, 9.4849, 10.063, 9.6447, 9.8101, 10.039], "real_values": [0.24588, 0.017287999999999998, 0.38705, 0.27636, 0.49764, 0.6574800000000001, 0.41087, 0.7429, 0.66468, 1.1409, 1.0294, 1.1816, 1.4058, 1.5168, 1.52, 1.7023, 1.4257, 2.2328, 2.2481, 4.9181, 1.6178, 2.1829, 2.1415, 2.1336, 2.7862, 5.9637, 2.1154, 2.9046, 2.5707, 3.3131, 2.7066, 3.2116, 3.2029, 3.2825, 3.5811, 3.3001, 3.6559, 4.2324, 4.0126, 3.8032, 3.9482, -2.3882, 4.2, 4.7241, 4.6312, 4.4713, 4.8896, 4.3728, 5.1942, 4.8686, 5.1435, 5.0124, 5.3259, 5.7999, 5.3439, 5.6183, 5.4619, 5.7172, 5.9119, 5.9839, 6.3674, 6.4843, 6.4965, 6.3481, 6.4228, 6.9278, 6.4721, 6.8652, 6.7556, 7.2233, 7.189, 7.1414, 7.5624, 7.6185, 7.5405, 6.0283, 7.4897, 7.4866, 7.8669, 7.801, 7.4811, 8.0907, 7.8932, 8.3062, 8.52, 9.009, 8.3515, 8.7488, 9.2294, 9.9374, 17.006, 9.1911, 9.0407, 9.2576, 9.7728, 9.4849, 10.063, 9.6447, 9.8101, 10.039]}, "Params": {"splitter": "best", "criterion": "mse"}, "algorithm": "DecisionTreeRegressor"}