{"errorExec": {"Process": "OK"}, "Performance": {"spearman": {"spearmanr": 0.96713131186983192, "pvalue": 3.9428245701092571e-51}, "pearson": {"pvalue": 4.2829281457942447e-93, "pearsonr": 0.99684209831699178}, "kendalltau": {"kendalltau": 0.91164271344358883, "pvalue": 4.7118619419141401e-35}, "r_score": 0.99306932337724874, "predict_values": [8.2987375, 8.2987375, 8.2987375, 8.2987375, 8.2987375, 8.2987375, 8.2987375, 8.2987375, 8.2987375, 8.2987375, 8.2987375, 8.2987375, 8.2987375, 8.2987375, 8.2987375, 8.2987375, 8.2987375, 8.2987375, 8.2987375, 8.2987375, 8.2987375, 8.2987375, 8.2987375, 8.2987375, 8.2987375, 8.2987375, 8.2987375, 8.2987375, 8.2987375, 8.2987375, 8.2987375, 8.2987375, 8.2987375, 8.2987375, 8.870497368421054, 8.870497368421054, 8.870497368421054, 8.870497368421054, 8.870497368421054, 12.003276206896551, 12.003276206896551, 24.482521739130426, 24.482521739130426, 24.482521739130426, 29.387599999999996, 29.387599999999996, 29.387599999999996, 29.387599999999996, 30.472611111111107, 30.472611111111107, 30.472611111111107, 31.732687499999994, 31.732687499999994, 31.732687499999994, 31.732687499999994, 31.732687499999994, 36.66568181818181, 40.61036363636363, 48.5102380952381, 58.477230769230786, 58.477230769230786, 58.477230769230786, 58.477230769230786, 59.518083333333344, 61.112750000000005, 61.112750000000005, 68.5075, 72.7271, 91.97666666666667, 91.97666666666667, 95.62925, 95.83680000000001, 103.37920000000001, 103.37920000000001, 121.72125, 141.4277777777778, 144.7825, 154.96750000000003, 160.60666666666665, 186.44, 194.8825, 217.72666666666666, 232.265, 256.83000000000004, 274.105], "real_values": [0.0, 0.22905999999999999, 0.46481999999999996, 0.70757000000000003, 0.95757000000000003, 1.2151000000000001, 1.4804999999999999, 1.7541, 2.0362, 2.3271999999999999, 2.6274000000000002, 2.9373, 3.2572999999999999, 3.5876999999999999, 3.9291999999999998, 4.282, 4.6468999999999996, 5.0243000000000002, 5.4147999999999996, 5.8190999999999997, 6.2377000000000002, 6.6714000000000002, 7.1208, 7.5869, 8.0703999999999994, 8.5721000000000007, 9.093, 9.6341999999999999, 10.197000000000001, 10.780999999999999, 11.390000000000001, 12.023, 12.683, 13.369999999999999, 14.085999999999999, 14.834000000000001, 15.614000000000001, 16.429000000000002, 17.280999999999999, 18.172999999999998, 19.105, 20.082000000000001, 21.105999999999998, 22.18, 23.306999999999999, 24.491, 25.736000000000001, 27.045999999999999, 28.425999999999998, 29.881, 31.416, 33.036999999999999, 34.750999999999998, 36.566000000000003, 38.488, 40.527000000000001, 42.693000000000005, 44.996000000000002, 47.448, 50.061999999999998, 52.853000000000002, 55.838000000000001, 59.033000000000001, 62.460000000000001, 66.141999999999996, 70.105000000000004, 74.378, 78.992999999999995, 83.989999999999995, 89.409999999999997, 95.304000000000002, 101.73, 108.75, 116.44, 124.89, 134.19999999999999, 144.5, 155.93000000000001, 168.66, 182.88999999999999, 198.88, 216.91999999999999, 237.38, 260.72000000000003, 287.49000000000001]}, "Params": {"n_estimators": "10", "loss": "linear"}, "algorithm": "AdaBoostRegressor"}