{"errorExec": {"Process": "OK"}, "Performance": {"spearman": {"spearmanr": 0.95315254239085312, "pvalue": 6.1213142374518132e-213}, "pearson": {"pvalue": 1.0727278835985037e-281, "pearsonr": 0.9787980422550413}, "kendalltau": {"kendalltau": 0.82748985275853915, "pvalue": 1.4823921199151099e-137}, "r_score": 0.87582098163274136, "predict_values": [3.7546785166667886, 3.773449599999954, 4.045693810833321, 6.021640200000102, 3.4911534000000457, 3.4839604133333815, 2.0189621374999684, 3.2280269500000816, 5.30240879333329, 2.8770435299999466, 4.060393525000045, 3.0716539333332635, 2.340151799999983, 8.52024752408731, 3.9020048708333293, 2.9042087499999694, 1.857513400000029, 8.375006599999882, 2.3918440000000234, 2.7193125000000236, 6.0535229000000506, 4.447417850000004, 2.3068917625000416, 2.9918988083333815, 5.544860583333188, 2.9007167999999717, 1.9899852350000165, 2.6897792499999924, 2.4270423124999643, 2.229482421785752, 2.736338500000017, 3.837677299999972, 2.6355466750000502, 1.9718955375000407, 3.8836160625000407, 8.00434695000011, 2.3759347499999808, 2.692727246428617, 2.2422078999999644, 3.0336214000000834, 3.6989973583332496, 2.492180565000057, 2.7624400999999983, 2.3552194999999583, 2.8013205000000037, 4.537720398333305, 2.2877824999999476, 4.618125183333315, 2.799955037500065, 2.7770956583333675, 8.104156150000245, 1.9443929499999755, 3.3451581250000464, 2.690561950000003, 2.850776350000059, 2.8713113333333724, 3.988880100000086, 2.3446617000000063, 3.4538473499999287, 4.176634749999962, 3.1104600000000104, 7.017359883333384, 2.6618322124999687, 3.282075776309582, 2.8385234000000543, 5.22639760000001, 2.445750500000051, 3.409776600000095, 3.344996150000056, 2.558975386666658, 2.8668311499999395, 2.5086024914285896, 4.785064899999915, 2.8407610500000313, 3.510735950000065, 2.172412545000039, 7.6895938246427695, 3.6460522999998997, 2.75487544666668, 3.802303249999917, 2.890128529999953, 3.5679664500000707, 3.584454949999937, 5.948100549999902, 5.927080599999968, 4.305115166666558, 3.693489178333256, 3.7476437250000405, 4.869551750000035, 2.0177929000000283, 3.4598219999998814, 4.4165224000000896, 5.617506699999887, 4.019963050000083, 2.3912843666666665, 4.3939192091665955, 2.414359299999932, 5.028513100000079, 1.8685347500000247, 3.3292158499999327, 5.509674866666623, 4.214532812499874, 2.9984359133332896, 2.2823865800000096, 2.5646344914285657, 5.519336604166593, 3.8427047458331987, 4.405024400000142, 2.128011400000004, 2.94844185000005, 3.7159868000000484, 3.428191075000043, 2.769111900000043, 2.5687732166666004, 3.3004907750000605, 3.6281235249998867, 5.607170283333408, 4.4546863499999745, 4.16787855000009, 7.336624050000222, 2.165563433333353, 3.0205104250000367, 2.237145599999987, 3.0905579999999273, 2.5950645345238184, 2.391574949999981, 3.5665832704762623, 5.015097749999969, 5.068261600000055, 3.79157431666676, 2.750566854166629, 2.914201450833276, 3.6415901928572234, 5.2375998816666005, 2.4279954000000075, 2.8473686000000216, 2.809107574999938, 3.6561400999999125, 3.5283788699999312, 4.051904274999971, 7.288013649999877, 3.4932610833333966, 4.984535624999985, 3.497661550000068, 2.870206858333388, 2.619429450000002, 6.7040050449999145, 3.3453158000000283, 2.3037977999999755, 2.0483913071428916, 3.2652647000000945, 3.5328214499999513, 2.157836500000049, 2.6912567999999806, 4.5300312666666755, 2.750450549999949, 5.943580087499894, 2.385769660000074, 4.1723614642858395, 2.862739899999956, 1.939597557499934, 2.503103133333353, 6.087922312499905, 5.493055199999874, 4.037227983333434, 2.6589355999999422, 3.0520742500000044, 4.037679100000069, 4.700867375000034, 2.9731190499999873, 2.785291199999969, 3.460015467499944, 4.376452649999918, 6.532960750000007, 3.1469254750000184, 3.5385758499999462, 4.969662899999911, 2.534154799999959, 2.508100124999984, 3.149666799999909, 3.2573771750000624, 4.680073212500003, 3.245667199999933, 3.603340855357246, 3.6531382999999273, 2.749648075000029, 3.8948004000000487, 2.9930594899999825, 2.3664572499999594, 3.6626296666667213, 7.132051249999926, 2.208553753333326, 1.7528474274999795, 5.425141916666777, 2.911447468095269, 5.349908649999967, 2.6374135250000297, 4.039642889999915, 2.483500499999941, 5.3319123174999525, 2.9730869000000553, 2.383614650000016, 7.905117816666822, 2.7471531500000275, 2.4566499233333476, 2.5230715499999685, 2.892665746428626, 2.9312699083333125, 3.703183599999982, 1.8059941916666404, 3.4820945500000917, 2.57358023333341, 2.8525492999999953, 4.119317467500039, 4.587535650000068, 2.4408202550000024, 3.7592214000000603, 8.142083183333538, 6.349810245833479, 8.583283250000191, 3.831502449999959, 4.56136070000014, 1.984618299999966, 3.7527993500000854, 3.182775112500066, 3.2105082499999504, 2.924544599999958, 4.668128999999931, 3.086620199999937, 2.5869430675000133, 3.5613532999998907, 2.5392639999999873, 5.772597633333189, 4.637110997619071, 3.977311150000055, 3.548825600000083, 2.01946294750004, 3.0088032499999646, 3.5033451999999805, 4.45889845000004, 2.289230450000014, 2.6081450499999805, 2.7429268500000052, 2.7226567333333063, 2.3830462166666946, 2.0043493499999525, 2.71711874999993, 3.84040680000005, 2.182973849999958, 4.481066816666646, 2.595923160238079, 2.51553998333334, 3.47694942499991, 5.394092449999988, 3.304960199999984, 4.5251177336904025, 2.990636140000039, 3.03197148500005, 3.1569313999999653, 3.3039544499999467, 6.023086500000184, 3.014661899999935, 5.393286550000076, 3.7170643000000303, 3.1406101499999313, 2.5116063499999943, 2.5831725125000418, 3.4559913000000453, 3.727836424999895, 3.4401791166666205, 3.0852721666667198, 3.093020399999954, 4.074813850000048, 3.3573876646428817, 1.9627703999999622, 6.320430387142689, 3.0453927000000824, 1.940195579999949, 4.121618799999904, 2.762435449999957, 2.958889970000055, 2.8513411083333544, 2.0880260000000423, 3.451962899999981, 3.2973760095238482, 3.236983087500026, 1.7529566000000336, 2.658583058333274, 3.2175483916666727, 3.517653969642941, 4.766713991666734, 5.848867762499876, 2.020062400000001, 2.3372442500000297, 3.3319482499999666, 3.5638067500001034, 2.9314502500000796, 2.7947545345238844, 4.370141049999874, 2.0035817500000133, 2.891635799999941, 1.816644499999961, 4.364971686666532, 2.6130435166666595, 4.858245287499963, 3.0375845499999357, 1.6652365500000093, 3.5315036999999343, 5.125631286666787, 2.702994949999966, 3.314048499999939, 3.0930776625000527, 2.8492902500000152, 7.202353274999919, 3.5886988841667327, 2.349586891666636, 2.696421650000054, 4.807341450000081, 2.960088800000055, 3.0120480874999873, 7.746210000000218, 2.7971769500000176, 2.4231762499999965, 4.230587399999946, 2.634516599999966, 2.5452032499999797, 5.418603216666761, 4.2391644499999375, 2.954443100000051, 2.055396199999969, 2.753913422499927, 2.3866195999999653, 7.511379316666552, 2.752074849999952, 5.606699020000078, 2.6803238499999438, 4.956179766666694, 5.276832332500111, 2.7550305750000357, 2.2144097999999435, 2.5481472250000157, 2.5383060861905378, 4.025755029166726, 3.289728675000088, 3.103856416666624, 2.963515049999978, 2.3283099833333982, 3.5489239500001046, 3.3279051999999436, 2.6052577716667047, 7.102982249999943, 3.751240433333261, 3.7706437333332454, 2.3570758499999553, 4.4238361999999976, 3.3371390666666105, 3.8735041999999824, 3.1971655000000476, 6.204297999999921, 3.3120736999999045, 4.847340983333439, 5.945207539999939, 8.109417091408575, 2.93797989999997, 3.2865106191666005, 3.047434133333284, 3.0245818000000506, 2.6528407000000755, 1.8027167999999405, 2.7247238333333854, 7.637683741666855, 5.581030405476109, 4.032923290000073, 5.737084250000002, 5.33737591166669, 4.204387866666616, 3.5130704500000327, 2.851714533333285, 7.418201933333249, 4.868994178333332, 2.5515983999999783, 2.7820168000000276, 3.472251224999971, 2.538368299999975, 2.578550649999995, 2.177961075000009, 4.177381180000082, 4.078667099999923, 3.6019510999998876, 2.4761909749999678, 1.9206947000000525, 4.949395579999999, 2.7848916571428983, 3.3331994999999006, 