{"errorExec": {"Process": "OK"}, "Performance": {"spearman": {"spearmanr": 0.45521941343184208, "pvalue": 2.9018723259141794e-22}, "pearson": {"pvalue": 0.0, "pearsonr": 0.99649990990811466}, "kendalltau": {"kendalltau": 0.34740774720265305, "pvalue": 1.0565516689387243e-25}, "r_score": 0.99301207044688367, "predict_values": [0.00011480689342774997, 4.5924e-10, 7.56009758772727e-05, 7.56009758772727e-05, 0.00011480689342774997, 0.00091111, 7.56009758772727e-05, 0.005417100000000001, 0.0001707156018859, 0.0012749000000000003, 0.00011480689342774997, 0.00011480689342774997, 0.00014059407733, 7.56009758772727e-05, 0.00011480689342774997, 0.00010120140000000001, 8.2259e-05, 7.56009758772727e-05, 0.0047757500000000005, 8.858607082025745e-05, 0.00011480689342774997, 7.594605517486875e-05, 8.858607082025745e-05, 1.5314650181200003e-05, 7.56009758772727e-05, 7.56009758772727e-05, 8.858607082025745e-05, 0.00012786981851599998, 8.858607082025745e-05, 7.56009758772727e-05, 0.0027379, 7.56009758772727e-05, 5.2763e-05, 8.858607082025745e-05, 0.0036146, 0.00014059407733, 0.004523699999999999, 7.594605517486875e-05, 8.858607082025745e-05, 7.56009758772727e-05, 8.858607082025745e-05, 0.00016221118181818184, 8.858607082025745e-05, 4.417736649999999e-05, 0.00012786981851599998, 0.001098525, 0.0013413000000000001, 0.00011480689342774997, 7.56009758772727e-05, 0.0016704, 8.858607082025745e-05, 8.858607082025745e-05, 7.594605517486875e-05, 8.858607082025745e-05, 3.450766666666667e-07, 3.0316999999999998e-05, 0.00011480689342774997, 0.007172499999999999, 0.00011480689342774997, 0.00012786981851599998, 7.594605517486875e-05, 7.56009758772727e-05, 0.007012000000000001, 7.56009758772727e-05, 7.27415305857143e-05, 1.9487235102666666e-05, 0.0001437694, 0.00014410015891666667, 0.0068718, 7.594605517486875e-05, 7.594605517486875e-05, 7.56009758772727e-05, 3.5379e-06, 1.9487235102666666e-05, 1.9487235102666666e-05, 0.0018329000000000002, 7.56009758772727e-05, 0.0018367000000000001, 7.594605517486875e-05, 0.00010120140000000001, 0.00011480689342774997, 0.0020578, 0.0034235999999999997, 0.00016221118181818184, 1.9487235102666666e-05, 0.00011480689342774997, 8.858607082025745e-05, 8.858607082025745e-05, 7.56009758772727e-05, 7.27415305857143e-05, 0.00011480689342774997, 1.314486e-06, 0.0001707156018859, 1.4539e-08, 7.594605517486875e-05, 0.0011097, 0.00011480689342774997, 8.858607082025745e-05, 7.27415305857143e-05, 8.858607082025745e-05, 8.858607082025745e-05, 8.858607082025745e-05, 7.594605517486875e-05, 0.00014410015891666667, 0.00014410015891666667, 4.417736649999999e-05, 8.858607082025745e-05, 0.0011097, 8.858607082025745e-05, 8.858607082025745e-05, 0.0001087028, 0.00011480689342774997, 0.0001087028, 8.858607082025745e-05, 7.594605517486875e-05, 7.594605517486875e-05, 8.858607082025745e-05, 7.594605517486875e-05, 0.00011480689342774997, 1.314486e-06, 0.00014410015891666667, 0.00014059407733, 0.0035414, 0.00011480689342774997, 7.594605517486875e-05, 7.56009758772727e-05, 8.858607082025745e-05, 0.00011480689342774997, 4.417736649999999e-05, 8.858607082025745e-05, 0.0020578, 7.27415305857143e-05, 8.858607082025745e-05, 7.56009758772727e-05, 0.00011480689342774997, 0.00011480689342774997, 7.594605517486875e-05, 1.5314650181200003e-05, 0.0001087028, 0.00014410015891666667, 0.00014059407733, 0.0001087028, 8.858607082025745e-05, 7.27415305857143e-05, 0.0012397999999999999, 8.028166666666667e-05, 7.594605517486875e-05, 0.00011480689342774997, 0.00011480689342774997, 8.858607082025745e-05, 0.00016221118181818184, 0.00011480689342774997, 8.858607082025745e-05, 3.450766666666667e-07, 0.00011480689342774997, 1.6391e-07, 8.858607082025745e-05, 0.00014410015891666667, 7.56009758772727e-05, 8.6192e-09, 0.00014410015891666667, 8.858607082025745e-05, 0.00014059407733, 0.00011480689342774997, 1.9487235102666666e-05, 0.00011480689342774997, 8.028166666666667e-05, 1.5314650181200003e-05, 8.858607082025745e-05, 7.27415305857143e-05, 0.00016221118181818184, 7.56009758772727e-05, 0.004520000000000001, 8.858607082025745e-05, 0.00011480689342774997, 8.858607082025745e-05, 7.594605517486875e-05, 0.00011480689342774997, 0.0047757500000000005, 1.9487235102666666e-05, 7.56009758772727e-05, 0.00014059407733, 7.56009758772727e-05, 0.00016221118181818184, 1.5314650181200003e-05, 7.56009758772727e-05, 8.858607082025745e-05, 7.56009758772727e-05, 7.27415305857143e-05, 7.27415305857143e-05, 8.858607082025745e-05, 0.0001087028, 7.56009758772727e-05, 8.858607082025745e-05, 8.858607082025745e-05, 0.00014059407733, 0.00011480689342774997, 8.858607082025745e-05, 8.858607082025745e-05, 8.858607082025745e-05, 7.27415305857143e-05, 0.00011480689342774997, 7.56009758772727e-05, 0.00011480689342774997, 0.00016221118181818184, 7.56009758772727e-05, 0.00011480689342774997, 8.858607082025745e-05, 0.0012725999999999998, 7.594605517486875e-05, 0.001551, 0.00011480689342774997, 1.9487235102666666e-05, 0.00012786981851599998, 7.56009758772727e-05, 7.27415305857143e-05, 1.934e-07, 0.00016221118181818184, 0.00011480689342774997, 7.56009758772727e-05, 0.009307600000000001, 8.858607082025745e-05, 8.858607082025745e-05, 7.594605517486875e-05, 0.00071213, 0.0076223, 0.0047653, 8.858607082025745e-05, 0.00011480689342774997, 7.56009758772727e-05, 0.00011480689342774997, 8.858607082025745e-05, 8.858607082025745e-05, 7.56009758772727e-05, 7.594605517486875e-05, 1.9487235102666666e-05, 0.00014410015891666667, 0.00011480689342774997, 0.00011480689342774997, 0.0035299, 0.0001087028, 7.594605517486875e-05, 0.00011480689342774997, 7.594605517486875e-05, 7.56009758772727e-05, 8.858607082025745e-05, 8.858607082025745e-05, 0.00011480689342774997, 0.00011480689342774997, 7.56009758772727e-05, 0.0001087028, 7.56009758772727e-05, 8.858607082025745e-05, 0.0001877936732913333, 0.00011480689342774997, 8.858607082025745e-05, 8.858607082025745e-05, 1.9487235102666666e-05, 0.0031864000000000003, 7.56009758772727e-05, 1.9487235102666666e-05, 0.00119876, 0.00011480689342774997, 0.00011480689342774997, 0.00010120140000000001, 7.594605517486875e-05, 7.594605517486875e-05, 7.27415305857143e-05, 3.8575e-05, 7.594605517486875e-05, 0.0001877936732913333, 0.00014059407733, 0.0010803000000000002, 0.001098525, 0.00011480689342774997, 0.0007439066666666667, 0.00011480689342774997, 8.858607082025745e-05, 7.594605517486875e-05, 8.858607082025745e-05, 0.00011480689342774997, 0.00011480689342774997, 0.0027533999999999996, 0.00011480689342774997, 0.0001707156018859, 8.858607082025745e-05, 0.00011480689342774997, 7.56009758772727e-05, 0.00014410015891666667, 8.858607082025745e-05, 8.858607082025745e-05, 0.0001087028, 0.0001707156018859, 0.00011480689342774997, 4.417736649999999e-05, 0.00011480689342774997, 1.9487235102666666e-05, 1.84e-05, 7.9175e-05, 8.858607082025745e-05, 0.0012749000000000003, 0.00011480689342774997, 0.00011480689342774997, 0.00011480689342774997, 0.0001437694, 0.00016221118181818184, 8.858607082025745e-05, 0.0007439066666666667, 0.00012786981851599998, 0.0058763, 7.56009758772727e-05, 8.858607082025745e-05, 1.9487235102666666e-05, 0.00014410015891666667, 1.468e-05, 0.00014059407733, 0.00011480689342774997, 0.0005485, 8.858607082025745e-05, 0.0029064, 7.56009758772727e-05, 0.0001087028, 7.594605517486875e-05, 1.5314650181200003e-05, 0.0001707156018859, 8.858607082025745e-05, 0.0092883, 0.00119876, 0.018318, 0.00011480689342774997, 0.00011480689342774997, 0.00014059407733, 6.73256e-06, 0.00011480689342774997, 0.00014410015891666667, 8.858607082025745e-05, 7.27415305857143e-05, 8.858607082025745e-05, 7.56009758772727e-05, 0.00011480689342774997, 7.27415305857143e-05, 0.01281, 8.858607082025745e-05, 3.450766666666667e-07, 0.007027600000000001, 0.00011480689342774997, 6.73256e-06, 7.594605517486875e-05, 7.27415305857143e-05, 7.594605517486875e-05, 7.56009758772727e-05, 1.2431e-12, 0.0027533999999999996, 0.00011480689342774997, 8.858607082025745e-05, 1.9487235102666666e-05, 0.003956800000000001, 0.00011480689342774997, 0.0007439066666666667, 0.0029951, 