{"errorExec": {"Process": "OK"}, "Performance": {"spearman": {"spearmanr": 0.99587285916038137, "pvalue": 2.8041828606813153e-88}, "pearson": {"pvalue": 1.053462751092848e-102, "pearsonr": 0.99814824765821064}, "kendalltau": {"kendalltau": 0.97100831245522368, "pvalue": 1.5497461192198984e-39}, "r_score": 0.99549024418820742, "predict_values": [1.309656923076923, 1.309656923076923, 1.309656923076923, 1.309656923076923, 1.309656923076923, 1.309656923076923, 1.309656923076923, 1.309656923076923, 1.309656923076923, 1.309656923076923, 1.309656923076923, 1.309656923076923, 1.309656923076923, 1.309656923076923, 1.309656923076923, 1.309656923076923, 1.9860615789473683, 2.6934478947368423, 2.6934478947368423, 2.6934478947368423, 2.6934478947368423, 2.6934478947368423, 2.6934478947368423, 3.354538666666667, 3.354538666666667, 3.5799555555555562, 3.5799555555555562, 3.5799555555555562, 3.5799555555555562, 3.5799555555555562, 3.5799555555555562, 5.4338750000000005, 5.4338750000000005, 5.4338750000000005, 5.4338750000000005, 5.4338750000000005, 6.600700000000001, 6.600700000000001, 6.600700000000001, 8.172990476190476, 8.172990476190476, 10.03241111111111, 10.03241111111111, 10.03241111111111, 10.03241111111111, 10.263178571428572, 10.263178571428572, 10.4355, 10.4355, 10.4355, 10.4355, 10.4355, 13.915272727272729, 14.989444444444441, 14.989444444444441, 14.989444444444441, 14.989444444444441, 14.989444444444441, 16.6584, 19.335199999999997, 19.335199999999997, 19.335199999999997, 19.335199999999997, 20.17866666666667, 23.12966666666666, 23.12966666666666, 24.033499999999997, 24.033499999999997, 26.575888888888883, 29.613363636363644, 29.613363636363644, 31.9116, 31.9116, 32.02485714285714, 32.844750000000005, 35.6254, 37.271428571428565, 39.89592307692307, 43.572, 43.572, 47.292249999999996, 47.292249999999996, 50.355000000000004, 55.002750000000006, 57.1548], "real_values": [0.0, 0.11399000000000001, 0.23076999999999998, 0.35043000000000002, 0.47306999999999999, 0.59878999999999993, 0.72768999999999995, 0.85987999999999998, 0.99547999999999992, 1.1346000000000001, 1.2774000000000001, 1.4238999999999999, 1.5743, 1.7287999999999999, 1.8875, 2.0506000000000002, 2.2181000000000002, 2.3902999999999999, 2.5674000000000001, 2.7494999999999998, 2.9367999999999999, 3.1295999999999999, 3.3280000000000003, 3.5323000000000002, 3.7425999999999999, 3.9592999999999998, 4.1825999999999999, 4.4127999999999998, 4.6501000000000001, 4.8948999999999998, 5.1475, 5.4081000000000001, 5.6772999999999998, 5.9551999999999996, 6.2423999999999999, 6.5391000000000004, 6.8460000000000001, 7.1632999999999996, 7.4916999999999998, 7.8315999999999999, 8.1835000000000004, 8.5480999999999998, 8.9259000000000004, 9.3177000000000003, 9.7241, 10.146000000000001, 10.584000000000001, 11.038, 11.510999999999999, 12.002000000000001, 12.513, 13.045, 13.599, 14.177, 14.777999999999999, 15.405999999999999, 16.062000000000001, 16.745999999999999, 17.460999999999999, 18.209, 18.992000000000001, 19.812000000000001, 20.670999999999999, 21.571999999999999, 22.518000000000001, 23.510999999999999, 24.555999999999997, 25.655000000000001, 26.811999999999998, 28.031999999999996, 29.318000000000001, 30.677, 32.114000000000004, 33.634, 35.244999999999997, 36.953000000000003, 38.766999999999996, 40.695999999999998, 42.748000000000005, 44.936999999999998, 47.271999999999998, 49.768999999999998, 52.442, 55.308, 58.386000000000003]}, "Params": {"n_estimators": "10", "loss": "linear"}, "algorithm": "AdaBoostRegressor"}