Feature,Average,Standar Deviation,Variance,Max Value,Min Value
validation,10.0,0.0,0.0,10.0,10.0
Accuracy,0.5167684448373515,0.022970386592473264,0.0005276386602076755,0.605874643875,0.45289458689499995
Recall,0.2962785372600021,0.19234325735166624,0.036995928648649305,0.9,0.0
Precision,0.32380017961786095,0.17812374795545005,0.0317280695856967,0.6537878787879999,0.0
neg_log_loss,-1.3339303634184743,2.3271304595842084,5.415536175924609,-0.678667709414,-16.6189571092
f1,0.4056924557684305,2.6275425452505474,6.903979827101725,65.0,0.0
ftwo_scorer,0.28458919889320416,0.17640265117157794,0.031117895340361405,0.657668092327,0.0
tn,96.82581786030062,24.345884499413465,592.7220920587808,135.0,0.0
fp,38.17418213969938,24.345884499413465,592.7220920587808,135.0,0.0
fn,85.51016799292661,23.1136169071901,534.239286532344,121.0,0.0
tp,35.48983200707339,23.1136169071901,534.239286532344,121.0,0.0
