{"classTransform": {"G7": 0, "G6": 1, "G5": 2, "G4": 3, "G3": 4, "G2": 5, "G1": 6, "G9": 7, "G8": 8, "G11": 9, "G10": 10}, "matrixConfusionResponse": {"header": ["G7", "G6", "G5", "G4", "G3", "G2", "G1", "G9", "G8", "G11", "G10"], "fiabilidad": [64.705882352941174, 83.620689655172413, 46.153846153846153, 56.756756756756758, 42.857142857142854, 65.909090909090907, 60.869565217391312, 85.714285714285708, 63.157894736842103, 23.809523809523807, 55.357142857142861], "matrix": [[33, 11, 3, 0, 1, 0, 4, 0, 0, 0, 0], [13, 97, 1, 0, 0, 0, 1, 0, 4, 0, 7], [2, 0, 6, 0, 3, 0, 0, 0, 0, 0, 0], [0, 1, 0, 21, 0, 4, 2, 0, 1, 6, 7], [1, 1, 3, 0, 3, 0, 0, 0, 0, 0, 0], [0, 0, 0, 3, 0, 29, 0, 2, 0, 5, 2], [2, 2, 0, 2, 0, 0, 14, 0, 0, 1, 4], [0, 0, 0, 0, 0, 3, 0, 18, 0, 2, 0], [0, 2, 0, 1, 0, 0, 0, 0, 12, 1, 3], [0, 0, 0, 1, 0, 6, 0, 1, 0, 5, 2], [0, 2, 0, 9, 0, 2, 2, 0, 2, 1, 31]], "bakanosidad": [63.46153846153846, 78.861788617886177, 54.54545454545454, 50.0, 37.5, 70.731707317073173, 56.000000000000007, 78.260869565217391, 63.157894736842103, 33.333333333333329, 63.265306122448983]}, "Params": {"splitter": "best", "criterion": "gini"}, "algorithm": "DecisionTree", "errorExec": {"exec_algorithm": "OK", "confusionMatrix": "ok", "curveLearning": "ok"}, "Performance": {"f1": 0.65476550253293753, "recall": 0.66970814120996514, "precision": 0.69675078353354869, "accuracy": 0.64468790719835123}, "Validation": "Cross Validation: 10"}