{"errorExec": {"Process": "OK"}, "Performance": {"spearman": {"spearmanr": 0.9999998674850934, "pvalue": 0.0}, "pearson": {"pvalue": 0.0, "pearsonr": 0.9999999999868503}, "kendalltau": {"kendalltau": 0.99998193320706408, "pvalue": 6.1307700171843516e-200}, "r_score": 0.99999999997370026, "predict_values": [0.3169, 0.76337, 0.04431, 0.029310000000000003, 0.13418, 2.6045, 0.2052, 2.6923, 0.72831, 1.8767, 1.1603, 0.010558, 2.6312, 0.020437999999999998, 0.33413000000000004, 0.041351, 0.048969, 0.054227, 4.1456, 0.041957, 0.017292, 0.045242000000000004, 0.099521, 1.6273, 0.014275, 0.013241999999999999, 0.017963, 3.8236, 0.036955, 0.033766000000000004, 2.648, 0.042055, 0.067522, 2.7061, 1.7724, 0.10228999999999999, 6.4277, 1.0372, 0.74326, 0.048298, 1.8688, 0.0075416, 1.6497, 0.043845, 0.087023, 0.5332, 1.3382, 0.15604, 0.039064999999999996, 1.6714, 0.018097, 0.19574, 2.7863, 0.038671, 0.047162, 0.011045000000000001, 0.9381700000000001, 6.0051, 0.60955, 2.4761, 0.6198199999999999, 0.027112, 5.398, 0.02866, 4.4015, 0.066045, 0.091677, 0.037112, 3.8725, 1.4680000000000002, 0.043812000000000004, 0.029932, 1.4497, 0.03778, 1.535, 4.5473, 0.037822, 0.62343, 1.7109999999999999, 0.28226, 0.73241, 1.101, 6.3443, 0.050388999999999996, 1.4085, 0.010517, 0.46863, 0.33116999999999996, 0.032995, 0.15292, 1.1264, 0.76273, 0.020465999999999998, 0.091489, 0.01052, 3.9417, 0.27116, 0.076407, 0.20169, 0.97283, 0.064849, 0.07085, 1.0784, 0.079948, 0.03455, 0.03477, 2.6219, 0.34922, 0.053780999999999995, 0.11345999999999999, 0.021136000000000002, 0.081483, 1.1843, 0.03238, 0.98055, 0.057142, 0.034651999999999995, 0.029131, 0.067025, 0.22821999999999998, 1.2841, 0.68169, 6.426, 1.2356, 1.0117, 0.021787, 0.21589, 0.026327999999999997, 0.027792, 0.030262, 2.041, 1.5142, 0.046444, 0.015394, 1.2048, 2.5132, 0.28588, 0.29491, 0.025348, 0.2315, 1.8582, 0.061397, 0.035525, 1.3662, 1.3883, 0.014776, 0.8446299999999999, 2.4354, 1.4086, 0.0226, 0.01466, 0.54327, 0.034204000000000005, 0.48988000000000004, 1.7148, 0.25793, 0.99518, 0.061943, 0.01962, 0.017846, 0.015244999999999998, 0.028767, 3.5389999999999997, 0.044478, 0.022805000000000002, 2.2452, 0.063598, 0.020256, 0.022479, 0.05708200000000001, 1.3226, 0.048429, 4.5052, 0.026244, 0.060392999999999995, 0.5101100000000001, 0.14076, 0.11329000000000002, 2.2976, 0.26409, 0.016734, 0.1252, 0.30065, 0.037819, 0.2343, 0.023084, 0.016393, 0.041717000000000004, 0.069451, 0.91956, 0.021787, 0.030352999999999998, 0.0176215, 0.046479, 0.046012, 0.056102, 0.59015, 0.39746, 0.08365399999999999, 0.16632, 0.036045, 0.019587, 0.15727, 0.29518, 0.06957, 0.039263, 1.3811, 0.46798, 1.0013, 0.07183300000000001, 1.7994, 0.17682, 0.044012, 0.39002, 0.049705, 0.032588, 0.0050434, 0.030833999999999997, 0.24297, 0.032912000000000004, 6.5321, 0.022475, 0.28367, 3.2069, 2.0436, 2.3217, 5.2982, 0.015788, 2.4132, 0.14524, 0.9223100000000001, 0.15058, 0.07085, 0.022848, 0.062284000000000006, 0.75536, 0.056727, 1.8230000000000002, 2.8825, 4.5388, 0.04043, 0.10677, 0.17927, 0.047596, 0.011254, 1.2209, 0.026534, 0.70545, 1.0699, 0.0176215, 0.22508000000000003, 0.019559, 0.025103999999999998, 0.041687, 0.016863, 0.072323, 0.014328, 0.082537, 0.50137, 0.20604, 0.0453, 0.54204, 0.73866, 0.015261000000000002, 0.018933000000000002, 0.10672000000000001, 0.48638000000000003, 1.2268, 0.023393, 2.1839, 0.0061725, 0.23543000000000003, 0.82863, 0.6611600000000001, 0.090259, 0.29756, 0.022831, 0.019603, 0.048438999999999996, 0.59041, 0.76293, 0.08987, 3.4756, 0.1231, 1.3222, 0.5818399999999999, 3.3494, 0.023859, 0.75373, 0.019624000000000003, 0.01123, 0.064785, 0.062004, 1.1065, 3.9108, 0.14045, 0.026070999999999997, 0.06793300000000001, 0.037132, 0.021759999999999998, 3.6968, 0.078889, 0.26124, 0.53882, 0.043393, 0.0345, 0.045402, 0.13412000000000002, 2.6973, 7.3906, 0.30759000000000003, 0.028361, 0.3933, 0.019066, 0.020841, 0.016966, 0.8377100000000001, 3.383, 0.017075999999999997, 2.1399, 0.042631999999999996, 0.0185, 0.084597, 0.16623, 2.0629, 1.1373, 4.6685, 2.271, 3.7287, 1.8128, 0.9508200000000001, 0.040066000000000004, 0.014830000000000001, 0.8777799999999999, 0.017639, 0.11756, 0.099971, 0.017588, 0.010701, 0.74554, 0.028924000000000002, 7.9341, 2.7404, 0.81047, 5.0081, 0.010879999999999999, 0.026019, 1.6032, 0.65341, 0.073545, 0.026264, 0.017694, 1.9024, 1.2197, 0.021667, 0.8209200000000001, 7.3766, 0.067675, 0.043467, 2.4761, 0.015163999999999999, 0.28156, 0.013506, 0.060958000000000005, 0.60185, 0.064331, 0.10622000000000001, 2.9774, 0.46061, 1.2866, 0.058162, 1.6279, 0.039861, 0.21695, 0.0788, 0.06475399999999999, 1.22, 0.63821, 0.064015, 0.026218, 0.027689, 0.041734, 0.19819, 5.8413, 1.8315, 0.017333, 0.09789500000000001, 0.17636, 1.2086, 0.0018835000000000002, 0.029924, 0.030392000000000002, 0.06615599999999999, 0.0050434, 1.0427, 0.26527, 1.2008, 4.6767, 1.3174, 1.2949, 0.88823, 0.041076, 0.03199, 0.15961, 0.18369000000000002, 0.024339, 0.090519, 5.5878],