Component,Variance
PCA 1,96.80582867701385
PCA 2,0.010794751912114594
PCA 3,1.7927269165610419e-09
PCA 4,1.2093631661462453e-09
