{"errorExec": {"Process": "OK"}, "Performance": {"spearman": {"spearmanr": 0.75593615011928672, "pvalue": 1.0389672388005427e-76}, "pearson": {"pvalue": 7.3318448704257951e-79, "pearsonr": 0.7627271273864844}, "kendalltau": {"kendalltau": 0.57433051051780504, "pvalue": 2.9418917757528379e-67}, "r_score": 0.57988773345262312, "predict_values": [93.983, 117.735, 39.196, 96.63999999999999, 57.570499999999996, 85.0475, 63.054, 54.603, 80.291, 84.96100000000001, 103.41, 73.6875, 75.95, 77.995, 75.321, 101.939, 68.7125, 88.735, 55.104, 95.536, 53.075, 81.793, 86.48599999999999, 48.3745, 65.5865, 91.0355, 85.9665, 101.31700000000001, 90.0415, 66.8885, 66.74199999999999, 66.913, 84.2895, 72.47900000000001, 90.2535, 103.859, 85.166, 92.0195, 54.157, 84.6125, 48.3745, 84.82900000000001, 86.73400000000001, 65.5865, 54.236000000000004, 68.6465, 64.776, 70.791, 77.87899999999999, 46.4785, 62.452000000000005, 99.041, 79.2455, 84.528, 64.0175, 87.122, 119.78999999999999, 59.7465, 65.3985, 77.5665, 101.59649999999999, 66.2985, 67.57050000000001, 103.015, 79.727, 81.59400000000001, 74.562, 79.949, 66.2985, 84.64500000000001, 45.433499999999995, 66.8885, 95.142, 92.9135, 96.346, 57.570499999999996, 98.457, 78.568, 88.7675, 70.785, 96.54499999999999, 75.7285, 94.5175, 86.358, 69.50550000000001, 42.089, 67.138, 87.77250000000001, 68.85849999999999, 82.873, 85.9665, 103.015, 78.25099999999999, 85.80799999999999, 73.7955, 92.2875, 90.63050000000001, 48.2675, 68.7125, 75.57900000000001, 89.265, 87.17, 104.9515, 82.4125, 68.708, 40.313, 83.08949999999999, 60.763, 46.6845, 48.4685, 72.434, 101.72, 113.79499999999999, 61.1465, 119.535, 85.1995, 81.721, 84.00150000000001, 52.0595, 79.2455, 54.3895, 81.156, 46.894999999999996, 86.30499999999999, 103.859, 85.021, 111.595, 88.9685, 95.95949999999999, 84.528, 76.7145, 64.35300000000001, 75.3575, 104.72749999999999, 93.2365, 86.613, 86.48599999999999, 98.457, 71.66650000000001, 91.237, 66.74199999999999, 94.5175, 57.756, 88.8775, 89.378, 84.2895, 111.925, 84.1515, 91.16999999999999, 65.39, 94.051, 67.048, 57.1245, 87.77250000000001, 94.201, 68.1125, 92.4535, 75.95, 96.54499999999999, 83.2595, 79.221, 66.284, 92.02250000000001, 87.549, 87.0635, 94.30949999999999, 66.284, 49.998000000000005, 104.4655, 57.8455, 95.50649999999999, 71.66650000000001, 56.687, 81.778, 44.713499999999996, 75.2795, 103.554, 90.81450000000001, 61.1465, 96.78999999999999, 93.851, 86.30499999999999, 101.84, 99.83500000000001, 84.00150000000001, 86.358, 102.72999999999999, 91.157, 83.97800000000001, 93.5575, 95.95949999999999, 74.4475, 85.08850000000001, 52.650999999999996, 40.313, 46.6845, 54.4545, 93.1495, 97.28999999999999, 53.152, 65.798, 69.07600000000001, 92.0185, 64.893, 83.935, 86.73400000000001, 50.275, 42.85549999999999, 64.776, 64.8475, 84.161, 52.650999999999996, 71.66650000000001, 104.235, 80.1445, 75.6585, 75.5035, 73.59, 99.83500000000001, 91.6525, 74.1325, 96.63999999999999, 64.694, 81.729, 43.210499999999996, 72.389, 90.74000000000001, 82.58500000000001, 58.9785, 81.868, 96.696, 75.65199999999999, 90.63050000000001, 85.535, 85.5375, 93.851, 59.724, 69.741, 70.785, 93.024, 92.0195, 49.885999999999996, 60.339, 42.426500000000004, 79.86500000000001, 63.19350000000001, 62.322500000000005, 81.59400000000001, 78.221, 119.985, 69.369, 58.473, 87.4795, 62.322500000000005, 76.791, 101.181, 67.57050000000001, 71.4335, 80.1445, 95.54499999999999, 84.96100000000001, 78.498, 66.4185, 67.3235, 78.156, 77.10050000000001, 48.2675, 78.51599999999999, 119.985, 78.221, 74.281, 101.465, 79.501, 81.729, 90.3785, 91.018, 82.356, 75.6585, 48.444, 64.35300000000001, 88.93, 52.0595, 86.68299999999999, 77.5665, 84.161, 100.268, 85.21600000000001, 81.721, 119.97999999999999, 72.2595, 77.995, 82.1845, 86.68299999999999, 79.894, 54.4545, 83.06450000000001, 74.2775, 74.56, 81.778, 101.31700000000001, 95.67949999999999, 70.265, 89.96000000000001, 62.5375, 90.131, 96.06700000000001, 101.939, 83.97800000000001, 99.376, 83.306, 87.74700000000001, 83.306, 93.5695, 61.2985, 79.894, 76.7145, 101.72, 76.12, 83.7005, 75.9255, 91.6525, 89.8065, 55.02850000000001, 103.554, 69.31049999999999, 98.058, 63.0295, 87.6135, 63.0295, 92.055, 82.9185, 74.562, 90.3785, 82.58500000000001, 67.138, 86.36049999999999, 72.389, 74.281, 91.0355, 46.894999999999996, 88.15, 69.6895, 119.78999999999999, 75.6865, 73.56450000000001, 117.94, 80.052, 81.3075, 60.763, 75.3185, 86.36049999999999, 75.2795, 69.65549999999999, 75.6865, 91.447, 95.50649999999999, 86.88050000000001, 66.7785, 63.056, 63.054, 84.82900000000001, 99.465, 60.4915, 88.9005, 98.058, 87.5215, 77.924, 44.516000000000005, 83.2975, 60.4955, 69.741, 75.321, 84.64500000000001, 92.4535, 46.825, 87.74700000000001, 73.7955, 85.1995, 78.519, 96.8595, 97.669, 96.696, 44.8105, 76.713, 35.778999999999996, 89.439, 101.4545, 117.92, 96.8595, 59.724, 81.54050000000001, 84.6125, 88.93, 93.53900000000002, 61.583, 70.791, 97.3765, 83.08949999999999, 89.96000000000001, 93.2365, 68.1125, 79.86500000000001, 76.791, 73.56450000000001, 88.9005, 92.2875, 81.40650000000001, 54.179],