,eval,petal.length,petal.width,sepal.length,sepal.width,variety
eval,1.0,0.047864409483245204,0.10125326041805119,0.022551084821438253,0.002931265733163325,-6.87116753265589e-17
petal.length,0.047864409483245204,1.0,0.5481776262392112,0.2709026908373856,-0.05825030037363744,5.827922060737365e-16
petal.width,0.10125326041805119,0.5481776262392112,1.0,0.12889070939523342,-0.08313922091701324,7.170592465709484e-17
sepal.length,0.022551084821438253,0.2709026908373856,0.12889070939523342,1.0,-0.03912398487763277,1.7491096577817735e-16
sepal.width,0.002931265733163325,-0.05825030037363744,-0.08313922091701324,-0.03912398487763277,1.0,2.959098418060586e-17
variety,-6.87116753265589e-17,5.827922060737365e-16,7.170592465709484e-17,1.7491096577817735e-16,2.959098418060586e-17,1.0
