{"errorExec": {"Process": "OK"}, "Performance": {"spearman": {"spearmanr": 0.99999995582836643, "pvalue": 0.0}, "pearson": {"pvalue": 0.0, "pearsonr": 0.99999999998634692}, "kendalltau": {"kendalltau": 0.99999397777195564, "pvalue": 6.0638555889391679e-200}, "r_score": 0.99999999997269384, "predict_values": [3.9683, 4.1681, 2.8588, 7.3461, 3.6665, 3.2766, 1.685, 2.5573, 6.3613, 2.8528, 4.5567, 2.5069999999999997, 1.9916, 10.0, 3.8723, 2.2994, 1.5012, 9.3895, 1.7565, 2.5721, 6.92, 4.629, 1.8559999999999999, 1.8746, 6.6421, 2.5827, 1.6372, 2.6415, 1.8574, 1.7775, 1.143, 3.3255, 2.6889, 1.5830000000000002, 3.6503, 9.9925, 2.0704, 2.2574, 1.8219, 2.5218, 3.9643, 2.0347, 2.3479, 1.3511, 2.4709, 4.503, 1.9968, 5.601, 2.1305, 2.4116, 9.7185, 1.5663, 3.6219, 2.3188, 2.5573, 2.1093, 4.3644, 1.9396, 4.0767, 4.2504, 3.3939999999999997, 8.6345, 2.3937, 2.4362, 2.6579, 6.432, 2.0338, 3.5065, 2.6138, 2.3056, 2.7435, 1.9703499999999998, 5.5754, 2.1971, 3.8473, 1.2818, 8.042, 3.0695, 2.1430000000000002, 3.2063, 2.9261, 3.4124, 3.7858, 7.2724, 7.0013, 5.0543, 3.8785, 3.8584, 4.6717, 1.5519999999999998, 3.9728, 4.7569, 7.0086, 4.0294, 2.1788, 4.1141, 1.999, 6.1458, 1.6109, 3.0251, 6.2862, 4.0479, 2.8092, 2.0574, 1.9703499999999998, 6.8612, 3.7880000000000003, 4.1432, 1.3986, 2.1481, 3.1192, 3.8629, 2.5837, 2.0687, 3.3472, 3.6774, 7.099, 5.2837, 4.7812, 8.8417, 1.5738, 2.8792, 1.7383, 2.0696, 2.2794, 1.979, 3.3527, 4.2435, 5.394, 3.7609, 2.7341, 3.065, 3.9489, 5.662999999999999, 1.9126, 3.0024, 2.6113, 3.3659, 3.8973, 4.5881, 9.0412, 3.4008, 6.4879999999999995, 3.8194, 2.8752, 2.4156, 7.4779, 3.3494, 1.9102, 1.9164, 2.1958, 3.5754, 1.4711, 2.1614, 4.8247, 2.1879, 6.4538, 2.0073, 4.5753, 2.6046, 1.6440000000000001, 1.6337, 7.0487, 5.8429, 4.5231, 2.6474, 2.5851, 4.1062, 4.9795, 2.3452, 2.3934, 3.9010000000000002, 5.2471, 8.0715, 2.8967, 3.5665, 5.9329, 2.2252, 2.1133, 2.7345, 2.2686, 4.745, 2.7903, 3.0743, 3.2903, 2.1454, 4.112, 2.3516, 2.1467, 3.7443, 9.2917, 1.6832, 1.2347, 6.9613, 1.5405, 6.1202, 2.4699, 4.0947, 1.959, 5.6197, 2.9398, 2.1448, 9.9981, 2.1057, 2.0787, 1.7675, 2.2568, 2.549, 4.1713, 1.3653, 3.4313, 2.126, 2.4583, 3.8013, 4.2403, 2.0991, 2.2613, 9.8983, 7.3127, 9.9958, 4.0337, 5.0182, 1.5613, 3.6072, 2.7079, 2.1271, 2.5728, 5.2279, 2.6972, 1.6992, 3.8532, 1.9865, 6.7833, 4.8984, 4.3575, 3.4875, 1.6545, 2.8092, 3.5907, 3.8521, 1.5178, 2.0229, 2.4411, 1.5845, 1.9104, 1.4995, 2.9746, 4.5801, 1.8183, 4.3834, 2.4084, 1.7545, 3.8115, 6.6203, 2.4784, 4.7683, 2.8310000000000004, 3.0946, 2.9914, 2.5529, 7.3741, 2.6402, 6.4686, 3.9101, 2.8114, 2.3137, 2.2003, 3.4835, 3.5632, 3.7611, 2.2866, 3.1762, 4.5594, 1.9509999999999998, 1.4444, 7.2797, 2.7183, 1.7072, 4.6698, 2.4289, 2.8734, 2.0622, 1.6424, 3.4113, 3.1058, 3.2779, 1.3625, 1.9509, 2.5117, 2.9902, 3.9398, 6.6878, 1.4692, 1.8530000000000002, 3.3336, 3.194, 2.0861, 2.2799, 3.7408, 1.5814, 2.7462, 1.3781, 4.3586, 2.1244, 6.1497, 2.0448, 1.0805, 3.4396, 6.3886, 2.3354, 2.6797, 3.2277, 2.7635, 9.7953, 3.0657, 1.47, 2.688, 5.0923, 2.2965, 2.2103, 9.27, 2.2626, 1.9261, 4.7094, 2.3345, 2.0731, 6.4354, 4.312, 2.3203, 1.7641, 2.4067, 1.6663, 9.9988, 2.6281, 7.0797, 1.9307, 5.2722, 6.5729999999999995, 2.6153, 1.8839, 2.2662, 1.9803, 3.7123, 3.1922, 3.2013, 3.1632, 1.6840000000000002, 3.3271, 2.7787, 2.4888, 8.6423, 3.9482, 3.8776, 2.0683, 5.1987, 3.3502, 3.9819, 3.1255, 6.568, 2.6954, 6.0658, 7.1281, 9.9998, 2.3916, 2.8591, 1.6236, 2.9098, 1.3009, 1.4538, 2.1089, 9.7057, 6.2784, 4.1318, 6.5866, 5.5642, 4.0763, 4.2352, 2.4472, 9.8527, 4.9412, 2.4721, 2.5982, 3.4451, 1.8811, 1.2308, 1.5245, 4.1355, 4.4198, 3.5416, 2.2681, 1.4394, 5.994, 2.6454, 3.1639, 2.3944, 2.3719, 2.7863, 4.6848, 2.306, 3.3438, 1.9807, 2.4086, 2.0583, 2.8014, 2.6552, 9.9999, 3.9168, 2.8694], "real_values": [3.9683000000000002, 4.1680999999999999, 2.8588, 7.3460999999999999, 3.6665000000000001, 3.2766000000000002, 1.6850000000000001, 2.5573000000000001, 6.3613, 2.8527999999999998, 4.5567000000000002, 2.5069999999999997, 1.9916, 10.0, 3.8723000000000001, 2.2993999999999999, 1.5012000000000001, 9.3895, 1.7565, 2.5720999999999998, 6.9199999999999999, 4.6289999999999996, 1.8559999999999999, 1.8746, 6.6421000000000001, 2.5827, 1.6372, 2.6415000000000002, 1.8573999999999999, 1.7775000000000001, 1.143, 3.3254999999999999, 2.6888999999999998, 1.5830000000000002, 3.6503000000000001, 9.9924999999999997, 2.0703999999999998, 2.2574000000000001, 1.8219000000000001, 2.5217999999999998, 3.9643000000000002, 2.0347, 2.3479000000000001, 1.3511, 2.4708999999999999, 4.5030000000000001, 1.9967999999999999, 5.601, 2.1305000000000001, 2.4116, 9.7185000000000006, 1.5663, 3.6219000000000001, 2.3188, 2.5573000000000001, 2.1093000000000002, 4.3643999999999998, 1.9396, 4.0766999999999998, 4.2504, 3.3939999999999997, 8.6344999999999992, 2.3936999999999999, 2.4361999999999999, 2.6579000000000002, 6.4320000000000004, 2.0337999999999998, 3.5065, 2.6137999999999999, 2.3056000000000001, 2.7435, 1.9702, 5.5754000000000001, 2.1970999999999998, 3.8473000000000002, 1.2818000000000001, 8.0419999999999998, 3.0695000000000001, 2.1430000000000002, 3.2063000000000001, 2.9260999999999999, 3.4123999999999999, 3.7858000000000001, 7.2724000000000002, 7.0012999999999996, 5.0542999999999996, 3.8784999999999998, 3.8584000000000001, 4.6717000000000004, 1.5519999999999998, 3.9727999999999999, 4.7568999999999999, 7.0086000000000004, 4.0293999999999999, 2.1787999999999998, 4.1140999999999996, 1.9990000000000001, 6.1458000000000004, 1.6109, 3.0251000000000001, 6.2862, 4.0479000000000003, 2.8092000000000001, 2.0573999999999999, 1.9704999999999999, 6.8612000000000002, 3.7880000000000003, 4.1432000000000002, 1.3986000000000001, 2.1480999999999999, 3.1192000000000002, 3.8628999999999998, 2.5836999999999999, 2.0687000000000002, 3.3472, 3.6774, 7.0990000000000002, 5.2836999999999996, 4.7812000000000001, 8.8416999999999994, 1.5738000000000001, 2.8792, 1.7383, 2.0695999999999999, 2.2793999999999999, 1.9790000000000001, 3.3527, 4.2435, 5.3940000000000001, 3.7608999999999999, 2.7341000000000002, 3.0649999999999999, 3.9489000000000001, 5.6629999999999994, 1.9126000000000001, 3.0024000000000002, 2.6113, 3.3658999999999999, 3.8973, 4.5880999999999998, 9.0411999999999999, 3.4007999999999998, 6.4879999999999995, 3.8193999999999999, 2.8752, 2.4156, 7.4779, 3.3494000000000002, 1.9101999999999999, 1.9164000000000001, 2.1958000000000002, 3.5754000000000001, 1.4711000000000001, 2.1614, 4.8247, 2.1879, 6.4538000000000002, 2.0072999999999999, 4.5753000000000004, 2.6046, 1.6440000000000001, 1.6336999999999999, 7.0487000000000002, 5.8429000000000002, 4.5231000000000003, 2.6474000000000002, 2.5851000000000002, 4.1062000000000003, 4.9794999999999998, 2.3452000000000002, 2.3934000000000002, 3.9010000000000002, 5.2470999999999997, 8.0715000000000003, 2.8967000000000001, 3.5665, 5.9329000000000001, 2.2252000000000001, 2.1133000000000002, 2.7345000000000002, 2.2686000000000002, 4.7450000000000001, 2.7902999999999998, 3.0743, 3.2902999999999998, 2.1454, 4.1120000000000001, 2.3515999999999999, 2.1467000000000001, 3.7443, 9.2917000000000005, 1.6832, 1.2346999999999999, 6.9612999999999996, 1.5405, 6.1201999999999996, 2.4699, 4.0946999999999996, 1.9590000000000001, 5.6196999999999999, 2.9398, 2.1448, 9.9981000000000009, 2.1057000000000001, 2.0787, 1.7675000000000001, 2.2568000000000001, 2.5489999999999999, 4.1712999999999996, 1.3653, 3.4312999999999998, 2.1259999999999999, 2.4582999999999999, 3.8012999999999999, 4.2403000000000004, 2.0991, 2.2612999999999999, 9.8983000000000008, 7.3127000000000004, 9.9957999999999991, 4.0336999999999996, 5.0182000000000002, 1.5612999999999999, 3.6072000000000002, 2.7079, 2.1271, 2.5728, 5.2279, 2.6972, 1.6992, 3.8532000000000002, 1.9864999999999999, 6.7832999999999997, 4.8983999999999996, 4.3574999999999999, 3.4874999999999998, 1.6545000000000001, 2.8092000000000001, 3.5907, 3.8521000000000001, 1.5178, 2.0228999999999999, 2.4411, 1.5845, 1.9104000000000001, 1.4995000000000001, 2.9746000000000001, 