Component,Relevance
1.0,99.88699294840822
2.0,0.11300704714151302
3.0,1.4084600600841331e-09
4.0,1.2682731705536573e-09
5.0,9.712997809561286e-10
6.0,8.022466554046969e-10
