{"errorExec": {"Process": "OK"}, "Performance": {"spearman": {"spearmanr": 0.97834720603861702, "pvalue": 7.3385426990750711e-280}, "pearson": {"pvalue": 7.1534705837891412e-298, "pearsonr": 0.98238377328895843}, "kendalltau": {"kendalltau": 0.8730101208467167, "pvalue": 7.0614825822015508e-153}, "r_score": 0.86661111954843872, "predict_values": [419.543175000009, 418.7034999999937, 408.8917199999906, 423.43497500000916, 413.5905349999881, 422.45491000000663, 416.2998499999903, 410.1036450000115, 422.1212749999893, 419.99595999998974, 418.8844049999969, 417.0474149999966, 421.4642249999899, 415.1741300000022, 415.02746999999783, 412.0256199999936, 414.68885499999317, 412.0014099999897, 415.2646400000059, 419.97773999999345, 420.6919500000081, 416.6207099999903, 415.3631449999928, 417.32791999998847, 415.4274500000025, 416.1976000000113, 415.41574499999, 412.9082449999976, 414.46060000000205, 415.69374999998644, 412.69560499998994, 418.45524500000806, 421.414610000003, 421.8179399999907, 416.2802599999914, 421.791444999993, 416.09730500000063, 421.1370599999993, 422.5485250000059, 416.97703999998913, 412.90777500000667, 412.56964500000964, 415.5020699999958, 419.1343050000048, 413.76792999998924, 413.12300499998776, 410.8162199999922, 416.48660000000353, 417.27118499999455, 420.5286800000027, 416.010834999992, 420.9598549999867, 415.3547899999976, 409.4147949999926, 420.457054999998, 414.88869499999066, 421.6214699999924, 416.48969000000756, 413.7622099999928, 419.9303850000042, 418.2654949999948, 414.4168699999976, 414.97843000000614, 419.0443849999964, 411.88743000000267, 415.56880999999066, 416.4563500000114, 416.5533449999895, 413.9602049999964, 420.33517500000846, 420.88193999999976, 421.27993499998956, 421.3058200000022, 416.9433749999922, 420.5289799999947, 416.9586799999895, 417.3919550000117, 414.5414349999951, 418.9902600000083, 416.50788999999673, 419.09728499999767, 411.0425149999972, 418.4708100000072, 414.2484050000082, 421.55946000000785, 421.3619850000114, 417.9473249999907, 413.8346199999943, 414.5223900000049, 419.85828499999616, 416.80064000000266, 419.71211500000896, 419.9564499999948, 409.7923900000046, 413.1362500000041, 418.17615000000865, 420.57583500000476, 408.9786699999918, 412.7378500000117, 421.0535300000032, 418.70263999999395, 416.9031199999929, 420.75755499999235, 419.41640000000683, 421.66749999999143, 416.39844499998975, 421.9898499999936, 413.5251600000073, 417.4404300000001, 419.39825999998675, 408.4128350000087, 409.7401350000037, 414.61377999999166, 418.1575799999951, 422.1036400000003, 422.32478000000776, 415.66769999998985, 409.1535800000071, 414.1003949999926, 420.4949650000058, 416.96948499998956, 409.674075000007, 417.0333200000082, 423.03392999999926, 422.08322000000015, 421.68302999999173, 419.4417000000119, 422.19640000000777, 414.84321999999514, 417.6867549999903, 420.15246500000654, 412.4583250000037, 421.37976499999536, 415.2690099999974, 419.13503999998414, 417.7089400000082, 420.53622500000716, 420.8519549999882, 415.79290500000906, 416.23381499999954, 417.26786499999224, 422.5186650000126, 420.9843749999918, 416.2185799999923, 413.1661450000105, 418.29765500000747, 421.7476149999901, 421.9979800000003, 414.85904999999127, 416.80485500000776, 407.80533500001275, 418.71066999999283, 418.9855550000042, 418.7671600000115, 416.40250500000366, 418.1867350000052, 418.1024449999922, 414.7597650000088, 420.73594500001167, 415.110055000003, 421.1704099999913, 415.06183999998893, 420.5847950000093, 421.44651000000925, 417.41023000000445, 418.1526799999945, 419.63116000000554, 413.85656499999413, 417.43893499999797, 409.30764500000424, 422.0593200000018, 415.9722400000062, 419.4729399999951, 416.02592999998683, 417.6654950000083, 421.0257749999991, 421.5194799999915, 417.94094000000877, 411.1110800000068, 417.7939050000036, 418.555254999998, 421.6351400000053, 420.69817500000306, 417.9835349999875, 419.0276199999933, 417.83185999998864, 411.13270500000834, 417.36208000000545, 414.94572000001165, 418.3924900000029, 412.83820000000674, 411.5021999999977, 415.3486349999931, 416.60508000000743, 412.86616000000816, 416.6825099999874, 416.8493050000118, 418.254740000008, 420.11179499999224, 416.18088500000715, 414.9387050000039, 414.5994850000043, 417.431774999998, 417.3452100000065, 420.08812999999236, 417.00045499999317, 414.2089299999962, 418.75320500000066, 415.3107000000041, 418.94582000000753, 418.3072199999994, 413.96787499999004, 414.99009999999674, 418.59987500000693, 415.6922800000089, 415.28884000000994, 414.01953499999144, 419.2245550000104, 421.51999499999545, 420.36031500000934, 413.8656749999899, 421.0800500000107, 410.8292650000001, 417.44241499999066, 415.3808000000112, 413.35337500001197, 416.5567500000057, 415.3134200000009, 410.74965000000594, 414.9270900000097, 418.9252399999991, 416.22375999998786, 422.6336100000002, 408.6672750000132, 412.2226899999945, 417.92517499999263, 411.49013999999494, 416.65001500000676, 415.449149999997, 417.69637499999726, 414.5936800000085, 409.75634499998785, 417.67681000000925, 418.230664999992, 416.46134000000245, 421.5743750000068, 415.01785499999545, 409.5512349999869, 421.51799499999936, 412.68129999999246, 420.7661450000072, 414.17819499999325, 422.77352999999204, 411.7358750000036, 418.88281000000745, 410.29852999998815, 414.18483000000174, 417.38806000000676, 410.7705400000135, 421.98528999999553, 419.17135499999046, 415.6790499999907, 409.1341299999965, 419.1692300000114, 411.34073499999425, 417.0449899999969, 418.59152499998817, 419.41530499999647, 409.2632850000031, 421.5132899999885, 415.41050000000587, 413.3589899999896, 419.404940000007, 421.27552500001246, 414.50988500000597, 422.6903100000068, 412.66017499999225, 416.42875500000974, 415.5097399999882, 413.9850450000059, 418.14066499999296, 418.9779250000068, 412.0062350000063, 418.9356249999871, 410.36594999999227, 422.2855200000005, 415.19429499999205, 408.6920900000117, 419.04857999999166, 419.2028249999915, 417.292139999993, 422.6135349999863, 414.8475449999921, 422.29880999999983, 411.60466499999154, 422.57676499999303, 416.55846000001026, 420.8799900000003, 417.30759999999117, 422.1280750000034, 413.2974550000069, 412.577055000009, 418.178870000009, 415.39153499998736, 415.1265499999904, 418.6077049999881, 414.8735100000039, 416.28307999999157, 416.2091949999909, 416.17032499999516, 418.6184200000067, 422.60228500000085, 421.50074499999187, 408.68800000001005, 420.93269999999274, 419.30217499999185, 418.45608999999064, 421.54279999999477, 420.22761000000503, 416.2155949999963, 413.063425000009, 417.1698350000043, 407.86859500000674, 415.404529999991, 411.44013000000274, 420.4513700000033, 416.57407500001005, 414.8250350000113, 419.7860050000081, 414.839815000002, 418.45812499998794, 418.77921499999326, 418.5401050000069, 418.48365499999863, 415.35290999998875, 413.1152500000098, 416.7940850000087, 416.1441749999946, 416.7699400000076, 413.6671550000076, 411.17140000001166, 414.866805000008, 422.1143250000099, 413.1879450000073, 417.6260450000126, 413.5414099999925, 418.02208000000775, 417.1689950000013, 412.54945499998803, 418.3335949999927, 417.23648000000827, 418.559709999995, 413.99880999999505, 418.2138949999882, 417.92811999999253, 418.2599999999971, 415.52807499999057, 408.95650999999265, 408.9330799999928, 414.95760500001074, 416.5569500000052, 418.75040499999454, 409.3866550000067, 422.1372749999921, 418.980015000007, 419.2964399999867, 415.37047499998675, 412.75882499999017, 415.1971399999913, 415.66333000000697, 416.83970999999235, 419.48349500000955, 411.8934699999928, 416.75908500000116, 409.988995000005, 416.467635000007, 411.64502999999246, 418.844645000004, 410.52123000000023, 415.73270499999165, 415.6059149999929, 419.7971399999938, 420.5327799999956, 411.22375000001205, 418.647935000007, 415.69284999999087, 414.7125249999975, 416.21781499999173, 420.42252999999613, 416.6990399999921, 415.54015499999457, 416.1169199999942, 416.5491750000093, 408.47361000000194, 