{"errorExec": {"Process": "OK"}, "Performance": {"spearman": {"spearmanr": 0.37615043520137253, "pvalue": 3.6830477534481648e-15}, "pearson": {"pvalue": 2.3762694101335139e-18, "pearsonr": 0.41426870430610391}, "kendalltau": {"kendalltau": 0.26918586984642656, "pvalue": 4.62023182827693e-16}, "r_score": 0.152573764734944, "predict_values": [417.0572789115643, 418.0070786516855, 413.2741379310345, 416.92555555555526, 414.97267973856236, 417.0572789115643, 416.92555555555526, 416.53419999999954, 416.92555555555526, 417.0572789115643, 416.53419999999954, 417.0572789115643, 417.37993288590593, 416.92555555555526, 417.0572789115643, 413.53333333333336, 416.92555555555526, 416.92555555555526, 417.37993288590593, 417.0572789115643, 417.0572789115643, 416.92555555555526, 417.0572789115643, 417.0572789115643, 416.92555555555526, 413.2741379310345, 416.53419999999954, 416.53419999999954, 417.0572789115643, 417.37993288590593, 417.0572789115643, 417.0572789115643, 418.4206521739128, 416.53419999999954, 417.37993288590593, 417.37993288590593, 418.0236756756759, 416.96411764705863, 416.92555555555526, 416.92555555555526, 416.53419999999954, 413.53333333333336, 416.92555555555526, 416.53419999999954, 412.4599999999999, 413.53333333333336, 416.92555555555526, 416.92555555555526, 416.53419999999954, 417.0572789115643, 416.92555555555526, 417.37993288590593, 416.53419999999954, 411.95921052631587, 416.92555555555526, 413.53333333333336, 416.53419999999954, 416.53419999999954, 414.97267973856236, 418.0070786516855, 417.37993288590593, 413.2741379310345, 412.4599999999999, 416.92555555555526, 414.97267973856236, 417.0572789115643, 416.92555555555526, 416.53419999999954, 416.92555555555526, 418.0070786516855, 416.53419999999954, 416.92555555555526, 417.0572789115643, 416.92555555555526, 416.92555555555526, 416.92555555555526, 416.92555555555526, 413.74199999999996, 417.0572789115643, 416.92555555555526, 417.0572789115643, 414.97267973856236, 417.0572789115643, 413.74199999999996, 417.37993288590593, 416.96411764705863, 416.53419999999954, 416.92555555555526, 416.92555555555526, 416.96411764705863, 417.0572789115643, 417.37993288590593, 416.92555555555526, 416.92555555555526, 416.53419999999954, 417.37993288590593, 417.0572789115643, 410.7114285714286, 414.97267973856236, 417.0572789115643, 416.53419999999954, 413.53333333333336, 417.0572789115643, 416.53419999999954, 416.53419999999954, 414.97267973856236, 417.0572789115643, 417.37993288590593, 414.97267973856236, 418.0236756756759, 413.2741379310345, 416.92555555555526, 418.0236756756759, 418.0236756756759, 418.0070786516855, 417.0572789115643, 418.5028571428571, 414.5207843137255, 416.92555555555526, 417.37993288590593, 414.97267973856236, 417.37993288590593, 417.0572789115643, 417.0572789115643, 418.0070786516855, 416.92555555555526, 416.92555555555526, 416.92555555555526, 411.95921052631587, 416.92555555555526, 417.0572789115643, 416.53419999999954, 417.0572789115643, 413.2741379310345, 417.0572789115643, 416.92555555555526, 418.0070786516855, 422.4375, 417.37993288590593, 416.92555555555526, 418.0236756756759, 418.0236756756759, 416.53419999999954, 414.97267973856236, 417.37993288590593, 418.4206521739128, 416.92555555555526, 417.0572789115643, 413.95, 417.37993288590593, 413.2741379310345, 416.53419999999954, 416.53419999999954, 418.0070786516855, 417.0572789115643, 417.0572789115643, 417.0572789115643, 416.53419999999954, 416.92555555555526, 416.53419999999954, 417.0572789115643, 413.53333333333336, 418.0236756756759, 416.92555555555526, 417.0572789115643, 416.92555555555526, 416.92555555555526, 418.0070786516855, 413.53333333333336, 410.7114285714286, 418.4206521739128, 416.92555555555526, 418.0236756756759, 416.92555555555526, 418.0070786516855, 417.0572789115643, 417.37993288590593, 416.53419999999954, 417.37993288590593, 417.37993288590593, 417.31, 418.0236756756759, 416.92555555555526, 418.0236756756759, 417.0572789115643, 416.92555555555526, 416.92555555555526, 416.53419999999954, 416.53419999999954, 416.53419999999954, 416.92555555555526, 416.92555555555526, 416.92555555555526, 416.53419999999954, 413.2741379310345, 417.37993288590593, 412.4599999999999, 417.0572789115643, 418.0236756756759, 413.53333333333336, 416.53419999999954, 417.0572789115643, 416.53419999999954, 416.96411764705863, 417.37993288590593, 416.92555555555526, 410.7114285714286, 416.53419999999954, 416.92555555555526, 416.92555555555526, 417.0572789115643, 416.53419999999954, 416.92555555555526, 416.96411764705863, 417.0572789115643, 414.97267973856236, 414.3909999999999, 417.37993288590593, 417.37993288590593, 416.92555555555526, 416.92555555555526, 416.53419999999954, 414.97267973856236, 416.92555555555526, 417.0572789115643, 414.3909999999999, 416.53419999999954, 413.2741379310345, 410.7114285714286, 413.2741379310345, 416.92555555555526, 416.92555555555526, 416.53419999999954, 411.95921052631587, 416.92555555555526, 417.0572789115643, 416.53419999999954, 414.97267973856236, 416.53419999999954, 416.92555555555526, 414.3909999999999, 416.53419999999954, 414.97267973856236, 418.0236756756759, 416.92555555555526, 416.53419999999954, 416.92555555555526, 416.92555555555526, 417.0572789115643, 413.2741379310345, 417.37993288590593, 413.2741379310345, 416.92555555555526, 416.92555555555526, 417.0572789115643, 417.0572789115643, 416.53419999999954, 416.53419999999954, 413.2741379310345, 417.0572789115643, 416.53419999999954, 416.92555555555526, 414.97267973856236, 417.0572789115643, 416.53419999999954, 417.0572789115643, 416.53419999999954, 416.53419999999954, 411.95921052631587, 416.96411764705863, 417.37993288590593, 417.37993288590593, 416.92555555555526, 418.0236756756759, 417.37993288590593, 418.0236756756759, 410.7114285714286, 418.0236756756759, 416.92555555555526, 416.53419999999954, 416.53419999999954, 416.96411764705863, 416.92555555555526, 417.0572789115643, 416.53419999999954, 416.92555555555526, 416.53419999999954, 413.2741379310345, 417.0572789115643, 416.92555555555526, 413.53333333333336, 418.0236756756759, 416.92555555555526, 417.0572789115643, 414.97267973856236, 416.92555555555526, 416.92555555555526, 418.0070786516855, 416.92555555555526, 417.0572789115643, 417.0572789115643, 414.97267973856236, 419.30024390243887, 417.0572789115643, 416.53419999999954, 416.92555555555526, 416.92555555555526, 416.92555555555526, 416.96411764705863, 416.96411764705863, 416.92555555555526, 417.0572789115643, 417.0572789115643, 416.20863309352495, 414.3598780487806, 418.0236756756759, 418.0070786516855, 417.0572789115643, 417.0572789115643, 418.0236756756759, 416.53419999999954, 417.37993288590593, 410.7114285714286, 418.0070786516855, 416.53419999999954, 416.92555555555526, 417.0572789115643, 418.0236756756759, 417.0572789115643, 416.96411764705863, 418.0070786516855, 416.92555555555526, 416.92555555555526, 416.96411764705863, 416.53419999999954, 417.0572789115643, 414.97267973856236, 416.53419999999954, 416.92555555555526, 414.5207843137255, 416.96411764705863, 414.97267973856236, 417.0572789115643, 417.0572789115643, 416.96411764705863, 417.0572789115643, 416.53419999999954, 416.96411764705863, 416.96411764705863, 416.96411764705863, 416.92555555555526, 416.53419999999954, 416.92555555555526, 416.53419999999954, 417.0572789115643, 417.0572789115643, 417.0572789115643, 414.97267973856236, 413.53333333333336, 416.92555555555526, 413.53333333333336, 417.37993288590593, 413.53333333333336, 416.92555555555526, 417.0572789115643, 416.92555555555526, 417.0572789115643, 417.0572789115643, 417.0572789115643, 417.0572789115643, 413.2741379310345, 413.53333333333336, 413.53333333333336, 418.0236756756759, 417.0572789115643, 417.0572789115643, 414.97267973856236, 416.96411764705863, 416.92555555555526, 413.2741379310345, 416.92555555555526, 416.92555555555526, 416.53419999999954, 414.5207843137255, 417.37993288590593, 417.0572789115643, 417.37993288590593, 418.0070786516855, 417.37993288590593, 417.37993288590593, 416.53419999999954, 