{"classTransform": {"A": 0, "C": 1, "B": 2, "E": 3, "D": 4, "G": 5, "F": 6, "I": 7, "H": 8, "W": 9, "Y": 10, "X": 11}, "matrixConfusionResponse": {"header": ["A", "C", "B", "E", "D", "G", "F", "I", "H", "W", "Y", "X"], "fiabilidad": [97.751756440281028, 92.452830188679243, 100.0, 93.624772313296901, 94.857142857142861, 93.478260869565219, 97.088866189989787, 99.518652226233456, 93.857965451055662, 89.361702127659569, 93.410852713178301, 90.719696969696969], "matrix": [[97.38684087727485, 0.0, 0.0, 0.37330844610359309, 0.1399906672888474, 0.39664022398506765, 1.0032664489034064, 0.069995333644423702, 0.41997200186654221, 0.023331777881474568, 0.0, 0.18665422305179655], [1.9417475728155338, 95.145631067961162, 0.0, 0.97087378640776689, 0.97087378640776689, 0.0, 0.0, 0.0, 0.97087378640776689, 0.0, 0.0, 0.0], [0.0, 0.0, 60.0, 0.0, 0.0, 0.0, 0.0, 0.0, 20.0, 0.0, 0.0, 20.0], [1.5525114155251141, 0.18264840182648401, 0.0, 93.881278538812779, 0.91324200913242004, 0.36529680365296802, 0.18264840182648401, 0.091324200913242004, 0.54794520547945202, 0.18264840182648401, 0.54794520547945202, 1.5525114155251141], [0.28409090909090912, 0.28409090909090912, 0.0, 3.9772727272727271, 94.318181818181827, 0.28409090909090912, 0.28409090909090912, 0.0, 0.0, 0.0, 0.28409090909090912, 0.28409090909090912], [1.1210762331838564, 0.0, 0.0, 0.22421524663677131, 0.0, 96.412556053811656, 1.3452914798206279, 0.0, 0.22421524663677131, 0.0, 0.0, 0.67264573991031396], [2.0907700152983173, 0.10198878123406425, 0.0, 0.25497195308516063, 0.0, 0.30596634370219278, 96.940336562978075, 0.0, 0.25497195308516063, 0.0, 0.050994390617032127, 0.0], [0.12033694344163659, 0.0, 0.0, 0.0, 0.0, 0.0, 0.12033694344163659, 99.518652226233456, 0.0, 0.0, 0.12033694344163659, 0.12033694344163659], [3.2755298651252409, 0.57803468208092479, 0.0, 0.96339113680154131, 0.0, 0.19267822736030829, 0.38535645472061658, 0.0, 94.219653179190757, 0.0, 0.0, 0.38535645472061658], [0.0, 0.0, 0.0, 2.2727272727272729, 0.0, 0.0, 0.0, 0.0, 0.0, 95.454545454545453, 0.0, 2.2727272727272729], [1.1278195488721803, 0.0, 0.0, 1.8796992481203008, 0.0, 0.37593984962406013, 0.37593984962406013, 0.0, 0.0, 0.0, 90.601503759398497, 5.6390977443609023], [1.7241379310344827, 0.0, 0.0, 4.2145593869731801, 0.19157088122605362, 0.0, 0.19157088122605362, 0.0, 0.0, 0.38314176245210724, 1.5325670498084289, 91.762452107279685]], "bakanosidad": [97.38684087727485, 95.145631067961162, 60.0, 93.881278538812779, 94.318181818181827, 96.412556053811656, 96.940336562978075, 99.518652226233456, 94.219653179190757, 95.454545454545453, 90.601503759398497, 91.762452107279685]}, "Params": {"splitter": "best", "criterion": "gini"}, "algorithm": "DecisionTree", "errorExec": {"exec_algorithm": "OK", "confusionMatrix": "ok", "curveLearning": "ok"}, "Performance": {"f1": 0.9635145545712227, "recall": 0.96356616956669716, "precision": 0.96462771032876771, "accuracy": 0.96394941948351609}, "Validation": "Cross Validation: 10"}