{"keys": ["S0", "S50", "S100", "S150"], "outliers": [{"std": 146.42155167344217, "one_media": {"positive": 8, "negative": 0}, "two": {"positive": 6, "negative": 0}, "one": {"positive": 11, "negative": 0}, "three": {"positive": 3, "negative": 0}, "mean": 96.756943411764709}, {"std": 80.011232787045842, "one_media": {"positive": 9, "negative": 0}, "two": {"positive": 6, "negative": 0}, "one": {"positive": 13, "negative": 0}, "three": {"positive": 2, "negative": 0}, "mean": 64.978350823529411}, {"std": 67.237705170877831, "one_media": {"positive": 9, "negative": 0}, "two": {"positive": 6, "negative": 0}, "one": {"positive": 13, "negative": 0}, "three": {"positive": 2, "negative": 0}, "mean": 55.037915764705886}, {"std": 64.27044925647894, "one_media": {"positive": 8, "negative": 0}, "two": {"positive": 6, "negative": 0}, "one": {"positive": 12, "negative": 0}, "three": {"positive": 2, "negative": 0}, "mean": 48.844419058823526}], "data": [[0.0, 0.34281, 0.69628000000000001, 1.0609, 1.4369999999999998, 1.8251999999999999, 2.226, 2.6400000000000001, 3.0676000000000001, 3.5095999999999998, 3.9666000000000001, 4.4393000000000002, 4.9283000000000001, 5.4344999999999999, 5.9587000000000003, 6.5016999999999996, 7.0644, 7.6478999999999999, 8.2530999999999999, 8.8811, 9.5332000000000008, 10.210000000000001, 10.914000000000001, 11.645999999999999, 12.407, 13.199999999999999, 14.025, 14.885, 15.780999999999999, 16.715999999999998, 17.692, 18.710999999999999, 19.776, 20.890000000000001, 22.055999999999997, 23.276999999999997, 24.556999999999999, 25.899000000000001, 27.306999999999999, 28.786999999999999, 30.341999999999999, 31.978999999999999, 33.701999999999998, 35.518999999999998, 37.435000000000002, 39.459000000000003, 41.598999999999997, 43.863, 46.262, 48.806000000000004, 51.506999999999998, 54.378999999999998, 57.436999999999998, 60.695, 64.173999999999992, 67.891999999999996, 71.873000000000005, 76.141000000000005, 80.725999999999999, 85.657999999999987, 90.974999999999994, 96.717000000000013, 102.93000000000001, 109.67, 116.98999999999999, 124.98, 133.69, 143.24000000000001, 153.72, 165.27000000000001, 178.03999999999999, 192.19999999999999, 207.96000000000001, 225.56999999999999, 245.34, 267.63, 292.88999999999999, 321.68000000000001, 354.67000000000002, 392.73000000000002, 436.95999999999998, 488.75999999999999, 549.97000000000003, 623.01999999999998, 711.13999999999999], [0.0, 0.34803000000000001, 0.70589000000000002, 1.0740000000000001, 1.4527000000000001, 1.8424, 2.2435999999999998, 2.6566000000000001, 3.0821000000000001, 3.5204, 3.9722, 4.4378000000000002, 4.9180999999999999, 5.4135, 5.9246999999999996, 6.4523000000000001, 6.9972000000000003, 7.5599999999999996, 8.1415000000000006, 8.7425999999999995, 9.3642000000000003, 10.007, 10.673, 11.360999999999999, 12.074999999999999, 12.814, 13.58, 14.375, 15.199000000000002, 16.055, 16.942999999999998, 17.866, 18.826000000000001, 19.824000000000002, 20.861999999999998, 21.943000000000001, 23.068000000000001, 24.241999999999997, 25.465, 26.741999999999997, 28.074999999999999, 29.466999999999999, 30.923000000000002, 32.445999999999998, 34.039999999999999, 35.709000000000003, 37.460000000000001, 39.295999999999999, 41.225000000000001, 43.251000000000005, 45.381, 47.623999999999995, 49.986999999999995, 52.478000000000002, 55.106999999999999, 57.884999999999998, 60.823, 63.933999999999997, 67.231000000000009, 70.728999999999999, 74.445999999999998, 78.399000000000001, 82.609999999999999, 87.099999999999994, 91.897000000000006, 97.027000000000001, 102.52, 108.42, 114.76000000000001, 121.58, 128.94999999999999, 136.90000000000001, 145.52000000000001, 154.88, 165.06, 176.16, 188.30000000000001, 201.61000000000001, 216.25, 232.38999999999999, 250.27000000000001, 270.11000000000001, 292.25, 317.01999999999998, 344.88999999999999], [0.0, 0.29948000000000002, 0.60740000000000005, 0.92405999999999999, 1.2498, 1.585, 1.9299999999999999, 2.2850999999999999, 2.6509, 3.0276999999999998, 3.4159000000000002, 3.8161, 4.2286999999999999, 4.6543000000000001, 5.0933000000000002, 5.5465, 6.0143000000000004, 6.4973999999999998, 6.9965999999999999, 7.5124000000000004, 8.0457999999999998, 8.5973000000000006, 9.1679999999999993, 9.7588000000000008, 10.369999999999999, 11.004000000000001, 11.661, 12.340999999999999, 13.048, 13.779999999999999, 14.540999999999999, 15.331, 16.152000000000001, 17.006, 17.894000000000002, 18.817999999999998, 19.780000000000001, 20.783000000000001, 21.828000000000003, 22.919, 24.056999999999999, 25.245999999999999, 26.488000000000003, 27.786999999999999, 29.146000000000001, 30.569000000000003, 32.061, 33.625999999999998, 35.266999999999996, 36.991999999999997, 38.805, 40.711999999999996, 42.719999999999999, 44.836999999999996, 47.07, 49.428000000000004, 51.920000000000002, 54.558, 57.351999999999997, 60.314999999999998, 63.460000000000001, 66.805000000000007, 70.36399999999999, 74.158000000000001, 78.206999999999994, 82.533999999999992, 87.167000000000002, 92.134, 97.467000000000013, 103.20999999999999, 109.39, 116.06999999999999, 123.29000000000001, 131.13, 139.63999999999999, 148.91, 159.03999999999999, 170.13, 182.30000000000001, 195.72, 210.53, 226.96000000000001, 245.24000000000001, 265.67000000000002, 288.57999999999998], [0.0, 0.22905999999999999, 0.46481999999999996, 0.70757000000000003, 0.95757000000000003, 1.2151000000000001, 1.4804999999999999, 1.7541, 2.0362, 2.3271999999999999, 2.6274000000000002, 2.9373, 3.2572999999999999, 3.5876999999999999, 3.9291999999999998, 4.282, 4.6468999999999996, 5.0243000000000002, 5.4147999999999996, 5.8190999999999997, 6.2377000000000002, 6.6714000000000002, 7.1208, 7.5869, 8.0703999999999994, 8.5721000000000007, 9.093, 9.6341999999999999, 10.197000000000001, 10.780999999999999, 11.390000000000001, 12.023, 12.683, 13.369999999999999, 14.085999999999999, 14.834000000000001, 15.614000000000001, 16.429000000000002, 17.280999999999999, 18.172999999999998, 19.105, 20.082000000000001, 21.105999999999998, 22.18, 23.306999999999999, 24.491, 25.736000000000001, 27.045999999999999, 28.425999999999998, 29.881, 31.416, 33.036999999999999, 34.750999999999998, 36.566000000000003, 38.488, 40.527000000000001, 42.693000000000005, 44.996000000000002, 47.448, 50.061999999999998, 52.853000000000002, 55.838000000000001, 59.033000000000001, 62.460000000000001, 66.141999999999996, 70.105000000000004, 74.378, 78.992999999999995, 83.989999999999995, 89.409999999999997, 95.304000000000002, 101.73, 108.75, 116.44, 124.89, 134.19999999999999, 144.5, 155.93000000000001, 168.66, 182.88999999999999, 198.88, 216.91999999999999, 237.38, 260.72000000000003, 287.49000000000001]], "exec": "OK"}