{"errorExec": {"Process": "OK"}, "Performance": {"spearman": {"spearmanr": 0.89564105075232581, "pvalue": 4.750189697447406e-147}, "pearson": {"pvalue": 3.0316645739587262e-125, "pearsonr": 0.86464804997666789}, "kendalltau": {"kendalltau": 0.72984207991832084, "pvalue": 5.2003087345323633e-109}, "r_score": 0.62243241672339489, "predict_values": [41.70629560415488, 42.58506333472116, 41.072739592360584, 41.072739592360584, 45.61350152555808, 29.752226419097582, 39.477715048191435, 42.58194209352186, 25.62985589579797, 31.783842608761265, 37.706155759641256, 48.26652294009887, 41.03039225727457, 30.459353040628976, 36.404890485461046, 40.87722046587, 49.14529067066515, 37.706155759641256, 41.06539794917166, 46.773297457867045, 29.752226419097582, 47.122704026719354, 29.207680837899062, 47.122704026719354, 40.83487313078399, 32.51137134486496, 47.24036815082671, 36.320514309532776, 39.53360785660378, 45.61350152555808, 25.62985589579797, 36.3489976770487, 37.706155759641256, 42.58194209352186, 42.58194209352186, 33.81263661904517, 29.207680837899062, 29.752226419097582, 44.12027604332626, 42.58194209352186, 25.62985589579797, 25.62985589579797, 34.09193375356933, 39.52006238327745, 45.4179823990675, 39.52006238327745, 39.52006238327745, 40.83487313078399, 25.62985589579797, 25.62985589579797, 36.54372829491361, 29.207680837899062, 32.51137134486496, 41.03039225727457, 42.58194209352186, 28.561455191087163, 41.06539794917166, 49.000471476169864, 25.62985589579797, 36.127658674541586, 29.752226419097582, 48.26652294009887, 29.207680837899062, 45.4179823990675, 29.207680837899062, 42.58194209352186, 46.773297457867045, 45.62947854448753, 41.70629560415488, 41.072739592360584, 48.26652294009887, 40.83487313078399, 39.477715048191435, 25.62985589579797, 47.1980208157407, 29.752226419097582, 40.83487313078399, 29.207680837899062, 37.706155759641256, 29.207680837899062, 42.19697913568025, 35.63726931946354, 42.58194209352186, 27.058078478884386, 41.06539794917166, 45.74714266859489, 27.523097557668976, 25.62985589579797, 43.98605935288692, 25.62985589579797, 45.375635063981484, 42.68479407870671, 30.459353040628976, 28.561455191087163, 41.70629560415488, 45.62947854448753, 48.26652294009887, 37.706155759641256, 42.58194209352186, 48.26652294009887, 37.706155759641256, 37.03670482428664, 46.773297457867045, 44.50237994665601, 34.09193375356933, 49.14529067066515, 42.58194209352186, 29.752226419097582, 40.83487313078399, 30.45469685295817, 45.62947854448753, 42.58194209352186, 29.752226419097582, 34.09193375356933, 42.58194209352186, 40.87722046587, 25.62985589579797, 25.62985589579797, 31.783842608761265, 42.58194209352186, 41.03039225727457, 41.03039225727457, 40.87722046587, 43.88240958174966, 47.122704026719354, 46.773297457867045, 40.83487313078399, 47.24036815082671, 42.58194209352186, 42.58194209352186, 41.70629560415488, 30.45469685295817, 39.477715048191435, 41.06539794917166, 42.58194209352186, 29.207680837899062, 45.17960241453959, 43.46070982408814, 43.98605935288692, 41.03039225727457, 42.58194209352186, 35.40983025709039, 39.52006238327745, 41.03039225727457, 29.752226419097582, 45.61350152555808, 43.88240958174966, 44.12027604332626, 33.952092327396876, 42.58194209352186, 42.58194209352186, 45.571154190472065, 29.752226419097582, 39.94620093662777, 25.62985589579797, 25.62985589579797, 28.561455191087163, 37.706155759641256, 45.17960241453959, 37.706155759641256, 49.000471476169864, 40.83487313078399, 25.62985589579797, 45.62947854448753, 43.88240958174966, 40.40925434597076, 49.14529067066515, 41.02305061408565, 34.09193375356933, 29.752226419097582, 25.62985589579797, 47.24036815082671, 48.26652294009887, 40.87722046587, 45.571154190472065, 38.054766039827314, 25.62985589579797, 42.58194209352186, 36.404890485461046, 37.706155759641256, 25.62985589579797, 46.688804915700864, 29.207680837899062, 25.62985589579797, 29.207680837899062, 32.51137134486496, 29.207680837899062, 29.752226419097582, 42.58194209352186, 25.62985589579797, 39.477715048191435, 40.87722046587, 42.58194209352186, 47.122704026719354, 29.74379161957304, 34.09193375356933, 40.87722046587, 42.58194209352186, 42.58194209352186, 39.52006238327745, 29.207680837899062, 41.072739592360584, 40.83487313078399, 42.58194209352186, 29.207680837899062, 32.51137134486496, 41.02305061408565, 40.83487313078399, 29.752226419097582, 42.58194209352186, 45.61350152555808, 45.375635063981484, 34.006646801122116, 48.26652294009887, 31.783842608761265, 41.06539794917166, 40.83487313078399, 41.06539794917166, 41.03039225727457, 39.477715048191435, 42.58194209352186, 42.68479407870671, 39.477715048191435, 42.68479407870671, 43.46070982408814, 46.773297457867045, 25.62985589579797, 41.70629560415488, 36.697537929888774, 28.561455191087163, 30.45469685295817, 25.62985589579797, 25.62985589579797, 41.02305061408565, 31.1530911586039, 42.58194209352186, 47.1980208157407, 37.706155759641256, 37.706155759641256, 29.207680837899062, 29.752226419097582, 42.58194209352186, 30.45469685295817, 41.70629560415488, 35.40983025709039, 44.12027604332626, 34.09193375356933, 29.207680837899062, 29.207680837899062, 26.27608154260987, 39.477715048191435, 28.561455191087163, 48.26652294009887, 29.207680837899062, 49.14529067066515, 25.62985589579797, 37.706155759641256, 37.706155759641256, 49.14529067066515, 29.207680837899062, 32.1108414093749, 29.207680837899062, 42.58194209352186, 30.45469685295817, 39.52006238327745, 37.706155759641256, 31.783842608761265, 39.477715048191435, 39.52006238327745, 29.207680837899062, 52.06657759931362, 39.52006238327745, 41.03039225727457, 37.03670482428664, 39.477715048191435, 46.773297457867045, 34.09193375356933, 29.207680837899062, 44.50237994665601, 34.6823015209867, 46.773297457867045, 45.571154190472065, 30.45469685295817, 33.81263661904517, 41.06539794917166, 40.83487313078399, 48.26652294009887, 34.09193375356933, 43.46070982408814, 42.58194209352186, 37.706155759641256, 49.000471476169864, 34.09193375356933, 41.555787304249705, 41.06539794917166, 29.207680837899062, 36.404890485461046, 38.09711337491333, 25.62985589579797, 42.58194209352186, 41.10230249079299, 37.706155759641256, 29.207680837899062, 37.706155759641256, 31.783842608761265, 42.58194209352186, 37.03670482428664, 29.752226419097582, 42.58194209352186, 28.561455191087163, 29.207680837899062, 40.83487313078399, 43.46070982408814, 45.62947854448753, 44.12027604332626, 33.143185683690554, 42.58194209352186, 37.706155759641256, 46.054201902361186, 36.320514309532776, 25.62985589579797, 37.706155759641256, 37.706155759641256, 42.58194209352186, 29.752226419097582, 39.52006238327745, 49.72598408441905, 45.4179823990675, 31.783842608761265, 25.62985589579797, 28.561455191087163, 25.62985589579797, 40.2329825186047, 45.62947854448753, 38.57757823301215, 35.63726931946354, 38.20432101350242, 39.52006238327745, 42.58194209352186, 49.14529067066515, 37.706155759641256, 40.87722046587, 48.26652294009887, 39.477715048191435, 33.81263661904517, 43.88240958174966, 29.752226419097582, 26.27608154260987, 48.26652294009887, 45.62947854448753, 41.03039225727457, 30.45469685295817, 27.058078478884386, 30.45469685295817, 29.752226419097582, 47.24036815082671, 42.4928338706551, 45.74714266859489, 46.773297457867045, 29.752226419097582, 41.70629560415488, 42.58194209352186, 37.706155759641256, 42.58194209352186, 39.477715048191435, 31.1530911586039, 29.207680837899062, 29.207680837899062, 37.706155759641256, 29.207680837899062, 42.58194209352186, 45.381147677222295, 42.58194209352186, 45.375635063981484, 45.61350152555808, 29.207680837899062, 29.207680837899062, 49.000471476169864, 39.52006238327745, 49.14529067066515, 42.58194209352186, 46.247057537352376, 33.952092327396876, 40.83487313078399, 25.62985589579797, 41.10739665412933, 43.88240958174966, 29.207680837899062, 31.1530911586039, 42.58194209352186, 41.06539794917166, 29.752226419097582, 41.70629560415488, 37.706155759641256, 26.27608154260987, 36.54372829491361, 40.87722046587, 