{"silhouette_score": 0.043306237644487405, "membersGroup": {"Group86": 26, "Group87": 22, "Group84": 11, "Group85": 60, "Group82": 7, "Group83": 15, "Group80": 29, "Group81": 21, "Group28": 8, "Group88": 61, "Group29": 15, "Group42": 61, "Group43": 75, "Group40": 20, "Group41": 1, "Group46": 7, "Group47": 21, "Group44": 29, "Group45": 13, "Group48": 9, "Group49": 40, "Group95": 16, "Group94": 7, "Group79": 12, "Group34": 40, "Group89": 19, "Group37": 18, "Group36": 26, "Group35": 12, "Group78": 23, "Group33": 26, "Group32": 41, "Group31": 16, "Group30": 43, "Group73": 10, "Group72": 29, "Group71": 15, "Group70": 40, "Group77": 23, "Group76": 21, "Group75": 9, "Group74": 13, "Group5": 44, "Group4": 8, "Group7": 18, "Group6": 12, "Group1": 73, "Group0": 24, "Group3": 51, "Group2": 22, "Group9": 27, "Group8": 44, "Group39": 16, "Group38": 13, "Group68": 11, "Group25": 27, "Group26": 15, "Group27": 19, "Group20": 18, "Group21": 18, "Group22": 34, "Group23": 14, "Group60": 6, "Group61": 39, "Group62": 39, "Group63": 12, "Group64": 28, "Group65": 37, "Group66": 51, "Group67": 18, "Group24": 66, "Group69": 38, "Group55": 33, "Group54": 27, "Group57": 42, "Group56": 11, "Group51": 23, "Group50": 14, "Group53": 11, "Group52": 47, "Group91": 22, "Group90": 11, "Group93": 1, "Group92": 22, "Group59": 15, "Group58": 23, "Group11": 52, "Group10": 39, "Group13": 49, "Group12": 63, "Group15": 10, "Group14": 10, "Group17": 33, "Group16": 28, "Group19": 30, "Group18": 40}, "Params": {"Default": "Default"}, "calinski_harabaz_score": 89.013000706128068, "algorithm": "Affinity Propagation", "responseExec": "OK"}