{"errorExec": {"Process": "OK"}, "Performance": {"spearman": {"spearmanr": 0.96700501065870714, "pvalue": 4.6113578152923667e-51}, "pearson": {"pvalue": 1.9894817722245326e-98, "pearsonr": 0.99765185572019455}, "kendalltau": {"kendalltau": 0.9101051128999389, "pvalue": 6.1036842948547241e-35}, "r_score": 0.9949691361668429, "predict_values": [13.400362727272727, 13.400362727272727, 13.400362727272727, 13.400362727272727, 13.400362727272727, 13.400362727272727, 13.400362727272727, 13.400362727272727, 13.400362727272727, 13.400362727272727, 13.400362727272727, 13.400362727272727, 13.400362727272727, 13.400362727272727, 13.400362727272727, 13.400362727272727, 13.400362727272727, 13.400362727272727, 13.400362727272727, 13.400362727272727, 13.400362727272727, 13.400362727272727, 13.400362727272727, 13.400362727272727, 13.400362727272727, 13.400362727272727, 13.400362727272727, 13.400362727272727, 13.400362727272727, 13.400362727272727, 13.400362727272727, 13.400362727272727, 13.400362727272727, 13.400362727272727, 13.658231282051283, 13.658231282051283, 13.658231282051283, 13.658231282051283, 13.658231282051283, 20.94436939393939, 20.94436939393939, 20.94436939393939, 20.94436939393939, 20.94436939393939, 34.716588888888886, 34.716588888888886, 34.716588888888886, 39.37082352941177, 49.742736842105266, 49.742736842105266, 49.742736842105266, 56.0890625, 56.0890625, 56.0890625, 56.0890625, 56.0890625, 56.0890625, 70.89636363636363, 70.89636363636363, 70.89636363636363, 96.721, 96.721, 96.721, 102.33445454545455, 102.33445454545455, 102.33445454545455, 153.693, 153.693, 156.88166666666666, 156.88166666666666, 158.01666666666665, 173.98600000000002, 190.69333333333336, 223.01166666666668, 229.67000000000002, 267.65, 274.94166666666666, 333.4016666666666, 369.924, 370.936, 454.27, 474.0071428571428, 535.9023076923075, 607.4264285714286, 711.22], "real_values": [0.0, 0.34281999999999996, 0.69628999999999996, 1.0609, 1.4369999999999998, 1.8251999999999999, 2.226, 2.6400000000000001, 3.0676999999999999, 3.5097, 3.9666999999999999, 4.4393000000000002, 4.9283999999999999, 5.4345999999999997, 5.9588000000000001, 6.5018000000000002, 7.0644999999999998, 7.6479999999999997, 8.2531999999999996, 8.8811999999999998, 9.5333000000000006, 10.211, 10.914000000000001, 11.645999999999999, 12.407999999999999, 13.199999999999999, 14.025, 14.885, 15.780999999999999, 16.715999999999998, 17.692, 18.710999999999999, 19.777000000000001, 20.890999999999998, 22.056999999999999, 23.278000000000002, 24.556999999999999, 25.899000000000001, 27.308000000000003, 28.786999999999999, 30.343000000000004, 31.978999999999999, 33.703000000000003, 35.520000000000003, 37.436, 39.460000000000001, 41.600000000000001, 43.863999999999997, 46.263000000000005, 48.806999999999995, 51.508999999999993, 54.381, 57.438000000000002, 60.696999999999996, 64.176000000000002, 67.893999999999991, 71.875, 76.143999999999991, 80.728000000000009, 85.661000000000001, 90.977999999999994, 96.721000000000004, 102.94, 109.67, 117.0, 124.98, 133.69999999999999, 143.24000000000001, 153.72999999999999, 165.28, 178.05000000000001, 192.21000000000001, 207.97, 225.59, 245.36000000000001, 267.64999999999998, 292.91000000000003, 321.69999999999999, 354.69999999999999, 392.75999999999999, 437.0, 488.81, 550.02999999999997, 623.08000000000004, 711.22000000000003]}, "Params": {"n_estimators": "10", "loss": "linear"}, "algorithm": "AdaBoostRegressor"}