{"errorExec": {"Process": "OK"}, "Performance": {"spearman": {"spearmanr": 0.99675483607507798, "pvalue": 0.0}, "pearson": {"pvalue": 0.0, "pearsonr": 0.99887300152314629}, "kendalltau": {"kendalltau": 0.96448407289432492, "pvalue": 3.8510453081035744e-186}, "r_score": 0.99773696415414004, "predict_values": [51.468999999999994, 61.8965, 25.031, 29.195, 71.07849999999999, 26.317999999999998, 86.12100000000001, 18.226, 53.477, 50.106, 23.48, 37.016999999999996, 32.481, 18.2575, 16.999, 84.095, 25.548000000000002, 14.150500000000001, 30.018, 41.745999999999995, 24.537, 45.018, 43.24, 34.2335, 49.912, 40.598, 33.324, 27.305999999999997, 20.893, 52.0295, 20.201, 24.2, 35.3755, 39.741, 13.991, 52.05200000000001, 61.694, 18.992, 55.108999999999995, 59.5655, 29.325, 60.424, 25.094, 54.6, 14.104500000000002, 56.63399999999999, 76.639, 33.339, 36.7995, 29.7085, 14.084000000000001, 42.8, 24.999000000000002, 16.984, 21.1415, 61.298, 14.363, 21.131, 33.075500000000005, 32.9405, 60.856, 20.064, 14.0215, 23.438000000000002, 35.655, 36.294000000000004, 32.9615, 21.445, 23.7025, 25.869, 22.092, 61.345, 54.2345, 40.003, 49.912, 77.424, 20.3825, 14.0775, 14.417, 14.166999999999998, 49.048, 21.308999999999997, 42.71, 33.25, 30.357999999999997, 34.352000000000004, 47.629, 65.63550000000001, 21.908499999999997, 60.724999999999994, 36.711, 31.535, 77.101, 21.891, 44.0175, 14.699000000000002, 28.121, 14.3145, 33.075500000000005, 14.020500000000002, 14.436500000000002, 13.658, 20.304000000000002, 32.481, 46.25899999999999, 51.931999999999995, 14.407499999999999, 13.881, 35.455999999999996, 13.925999999999998, 56.47, 39.007, 23.644000000000002, 23.259, 14.574000000000002, 19.017, 26.479, 33.795, 23.819000000000003, 22.454500000000003, 62.115, 26.3325, 34.2335, 26.25, 53.55, 42.56399999999999, 20.893, 33.258, 14.451999999999998, 14.5165, 43.772, 43.5235, 13.754500000000002, 50.533, 75.79750000000001, 68.1835, 39.722, 21.281, 40.311499999999995, 43.3735, 22.1405, 39.872, 75.59899999999999, 21.09, 87.57700000000001, 35.292, 14.251, 13.805499999999999, 34.684, 43.994, 13.335, 33.81, 34.699, 51.4135, 16.3315, 21.891, 16.528, 21.0405, 47.258, 13.977, 52.3605, 50.8885, 16.5065, 14.137, 47.91, 43.9535, 14.209000000000001, 34.6885, 14.173000000000002, 13.308500000000002, 58.519, 36.888000000000005, 43.951, 14.616, 14.677999999999999, 14.7, 14.277, 50.778000000000006, 21.451, 48.6515, 16.886499999999998, 38.047, 24.412, 30.796, 26.2775, 32.713, 36.333, 88.5555, 62.8655, 34.062, 14.225999999999999, 24.3165, 84.06, 40.5255, 43.241, 33.807500000000005, 13.9445, 26.8515, 33.961999999999996, 35.258, 59.97, 28.694000000000003, 66.74549999999999, 24.018, 40.0415, 24.2485, 24.7875, 16.747, 76.689, 69.60399999999998, 30.820999999999998, 48.0745, 36.888000000000005, 28.254, 24.016, 54.318999999999996, 13.353, 28.064, 31.006, 28.732, 14.9235, 28.624000000000002, 25.811500000000002, 14.453499999999998, 14.238499999999998, 22.5085, 20.1575, 16.509, 13.878, 33.807500000000005, 44.545, 48.745, 28.503, 49.6185, 22.8495, 21.91, 40.036, 14.395500000000002, 14.097999999999999, 13.895999999999999, 14.225999999999999, 14.614, 13.32, 30.38, 62.09, 42.938500000000005, 43.998000000000005, 38.421, 28.397, 55.208999999999996, 25.573, 43.77, 51.777, 48.572500000000005, 14.044, 20.991, 14.081, 49.788, 22.169, 57.098, 42.4145, 45.82899999999999, 14.0075, 13.98, 14.123, 39.5155, 13.825, 24.7875, 56.061499999999995, 31.493, 67.12899999999999, 74.559, 19.9005, 14.671, 76.277, 25.672, 16.869, 60.800999999999995, 30.221999999999998, 48.278, 44.262, 31.264, 53.31, 45.486000000000004, 28.258, 23.1, 71.876, 25.320999999999998, 13.914, 29.8195, 26.25, 14.651, 61.340500000000006, 59.703500000000005, 22.2685, 33.358000000000004, 35.531, 27.206, 14.384, 29.4, 14.217, 41.43, 27.253, 32.993, 72.308, 38.421, 88.47649999999999, 67.056, 33.458, 21.525, 13.703, 16.685, 75.8495, 29.4, 60.02, 43.4105, 39.714, 22.767000000000003, 23.165, 65.63550000000001, 23.835, 24.4815, 33.795, 14.699000000000002, 14.277, 55.653999999999996, 13.9885, 21.969, 13.9885, 48.742999999999995, 88.265, 38.037, 61.181000000000004, 16.222, 52.512, 34.241, 26.013, 62.031000000000006, 33.920500000000004, 43.543499999999995, 23.245, 14.680499999999999, 14.363, 28.694000000000003, 14.035, 21.184, 22.186, 14.111, 13.765, 23.57, 37.1455, 14.190000000000001, 14.029499999999999, 36.095, 14.536, 54.726000000000006, 50.165000000000006, 17.8425, 13.353, 84.305, 56.913999999999994, 21.878, 20.1005, 52.213499999999996, 53.168, 93.01700000000001, 86.129, 33.086, 77.101, 32.251999999999995, 21.0, 27.394000000000002, 23.665, 16.3315, 20.665, 14.122, 52.3605, 22.08, 25.5375, 15.041500000000001, 28.2015, 49.576499999999996, 13.302999999999999, 13.32, 19.257, 28.053, 30.1005, 16.85, 20.064, 32.1115, 60.65, 45.1605, 49.724999999999994, 59.931999999999995, 19.045, 34.2335, 15.854000000000001, 13.938500000000001, 21.1415, 75.79750000000001, 19.9565, 58.966, 14.0435, 13.8935, 43.86, 14.699000000000002, 14.683, 58.621],