{"classTransform": {"C": 0, "E": 1, "D": 2, "G": 3, "F": 4, "I": 5, "H": 6, "K": 7, "M": 8, "L": 9, "N": 10, "Q": 11, "P": 12, "S": 13, "R": 14, "T": 15, "W": 16, "V": 17, "Y": 18}, "matrixConfusionResponse": {"header": ["C", "E", "D", "G", "F", "I", "H", "K", "M", "L", "N", "Q", "P", "S", "R", "T", "W", "V", "Y"], "fiabilidad": [NaN, 38.095238095238095, 0.0, NaN, 25.0, 20.0, 0.0, 40.0, 0.0, 36.36363636363637, 0.0, 0.0, 75.0, 38.46153846153847, 20.0, 0.0, 66.66666666666666, 50.0, 0.0], "matrix": [[0, 2, 1, 0, 0, 0, 0, 0, 0, 0, 0, 0, 0, 0, 0, 0, 0, 0, 0], [0, 8, 0, 0, 1, 0, 0, 1, 0, 0, 0, 0, 0, 2, 1, 4, 0, 0, 1], [0, 1, 0, 0, 0, 1, 0, 0, 0, 1, 0, 0, 0, 0, 1, 0, 1, 0, 0], [0, 0, 0, 0, 0, 1, 0, 0, 0, 0, 0, 0, 0, 0, 0, 0, 0, 0, 0], [0, 1, 0, 0, 2, 0, 0, 0, 1, 0, 0, 1, 0, 0, 0, 1, 0, 1, 0], [0, 1, 0, 0, 2, 1, 0, 1, 0, 1, 0, 0, 0, 0, 0, 0, 0, 0, 1], [0, 0, 0, 0, 0, 0, 0, 0, 0, 0, 1, 0, 0, 0, 1, 0, 0, 0, 0], [0, 0, 0, 0, 0, 0, 0, 4, 0, 0, 1, 1, 0, 2, 2, 1, 0, 0, 0], [0, 0, 0, 0, 0, 0, 0, 0, 0, 0, 0, 0, 0, 0, 0, 0, 0, 0, 1], [0, 0, 0, 0, 0, 1, 0, 0, 0, 4, 0, 0, 0, 0, 0, 0, 0, 0, 0], [0, 1, 0, 0, 0, 0, 1, 0, 0, 0, 0, 1, 0, 0, 1, 1, 0, 0, 0], [0, 2, 0, 0, 0, 1, 0, 1, 0, 1, 1, 0, 0, 1, 3, 1, 0, 0, 0], [0, 0, 0, 0, 0, 0, 0, 0, 0, 0, 0, 0, 3, 2, 1, 0, 0, 0, 0], [0, 0, 0, 0, 1, 0, 0, 2, 0, 1, 0, 2, 0, 5, 1, 2, 0, 0, 0], [0, 3, 0, 0, 0, 0, 1, 1, 0, 1, 0, 3, 1, 0, 4, 0, 0, 0, 1], [0, 0, 2, 0, 1, 0, 0, 0, 0, 1, 0, 1, 0, 1, 2, 0, 0, 0, 0], [0, 0, 0, 0, 1, 0, 0, 0, 0, 0, 1, 0, 0, 0, 0, 1, 2, 0, 0], [0, 1, 0, 0, 0, 0, 0, 0, 0, 1, 0, 0, 0, 0, 1, 0, 0, 1, 1], [0, 1, 0, 0, 0, 0, 0, 0, 0, 0, 0, 0, 0, 0, 2, 0, 0, 0, 0]], "bakanosidad": [0.0, 44.44444444444444, 0.0, 0.0, 28.57142857142857, 14.285714285714285, 0.0, 36.36363636363637, 0.0, 80.0, 0.0, 0.0, 50.0, 35.714285714285715, 26.666666666666668, 0.0, 40.0, 20.0, 0.0]}, "Params": {"splitter": "best", "criterion": "gini"}, "algorithm": "DecisionTree", "errorExec": {"exec_algorithm": "OK", "confusionMatrix": "ok", "curveLearning": "ok"}, "Performance": {"f1": 0.22781927039821775, "recall": 0.23547373335299032, "precision": 0.20145179124281293, "accuracy": 0.26230551869870755}, "Validation": "Cross Validation: 10", "scale_options": 1}