{"errorExec": {"Process": "OK"}, "Performance": {"spearman": {"spearmanr": 0.99981059166378794, "pvalue": 0.0}, "pearson": {"pvalue": 0.0, "pearsonr": 0.9999999984373017}, "kendalltau": {"kendalltau": 0.99651837633424756, "pvalue": 1.4312262028936169e-198}, "r_score": 0.99999999687460361, "predict_values": [1.0698, 2.0399, 6.439500000000001e-06, 0.08611, 1.1148, 0.5089899999999999, 0.23167, 0.56, 0.2247, 0.8739399999999999, 1.0505, 0.000572605, 0.71842, 0.00018854266666666665, 0.0010083466666666666, 2.1596, 0.062564, 0.0025256999999999996, 0.48383999999999994, 0.5231600000000001, 0.0010083466666666666, 7.704899999999999e-07, 2.126, 0.54742, 7.51625e-06, 8.64735e-05, 1.0817, 0.1848, 0.57544, 0.00012129500000000001, 0.94619, 0.42936, 0.07849, 2.1276, 1.1528, 0.051630999999999996, 0.72518, 2.081, 0.31206, 4.10975e-05, 2.1282, 0.11200999999999998, 1.7724, 2.0, 0.21101999999999999, 0.1666, 0.00096487, 0.23154, 0.9382299999999999, 0.992, 1.2962, 1.1883, 1.9806, 0.024159, 0.031305, 5.219322e-05, 0.5022399999999999, 1.0927, 0.96034, 0.21222, 1.0391, 0.30125, 0.37531, 0.7691399999999999, 0.75556, 0.0074542, 0.0011561, 1.8581, 0.26861999999999997, 0.56525, 0.92214, 0.024932, 0.85183, 1.9608, 0.80538, 1.8231, 4.10975e-05, 0.28636, 1.8843, 0.56288, 0.62774, 1.1504, 0.18222, 0.0002348329, 1.9145, 0.19335, 0.9943700000000001, 0.23496, 0.0086196, 1.6261, 0.029705000000000002, 0.87903, 0.066963, 1.3956, 9.3082e-05, 0.9642200000000001, 1.4507, 2.381, 1.0284, 1.1405, 0.18999000000000002, 0.0046373000000000004, 1.7984, 0.016409, 0.19583, 1.2899, 1.0461, 0.44292, 2.1142, 0.012232999999999999, 0.0083452, 0.46703999999999996, 1.2652, 0.0015659, 1.1567, 1.9608, 1.3038, 0.9037200000000001, 0.46433, 0.63336, 0.8401299999999999, 0.98888, 1.2424, 1.0007, 2.0833, 0.049970999999999995, 0.92175, 0.0015661, 0.0059418, 0.0038552, 0.15403, 0.072867, 2.0289, 7.100550000000001e-05, 0.58662, 0.6218899999999999, 1.9999, 2.3255, 1.0131, 0.0853, 1.1543, 0.0058253, 0.062812, 0.65975, 0.76677, 0.00021223, 1.9231, 1.1712, 1.4939, 1.1125, 0.0010042, 1.1105, 0.00018854266666666665, 1.9608, 1.1468, 1.7165, 0.70102, 1.9973, 0.00012129500000000001, 0.033918000000000004, 1.0024, 0.038707, 1.2155, 0.023611, 0.8709600000000001, 0.83206, 0.55343, 0.00048965, 1.5258e-05, 1.3451, 2.2524, 0.6019100000000001, 0.9884, 2.1711, 2.0203, 0.8884200000000001, 2.0403, 2.2222, 0.7711, 1.9607, 0.00075515, 0.002526, 2.0833, 0.0029668000000000003, 2.3809, 0.0025482, 2.1739, 0.014413999999999998, 0.010079000000000001, 0.76594, 0.13242, 0.023832, 0.020062, 2.2017, 0.0002348329, 0.079942, 1.9038, 0.9695600000000001, 1.1136, 7.100550000000001e-05, 1.5623, 0.88077, 0.00010001833333333332, 2.0363, 0.023344999999999998, 0.0038552, 0.52778, 0.065371, 0.011723, 0.088408, 0.7017100000000001, 0.0011417, 0.6446, 1.1128, 0.00012129500000000001, 0.059690999999999994, 1.2095, 0.0021069, 1.1056, 0.00010001833333333332, 0.7368899999999999, 0.0011017000000000002, 0.41136000000000006, 1.8697, 1.0711, 0.12178, 0.45238, 0.11777, 2.2393, 0.1688, 1.5798, 1.2011, 0.0041075, 0.0011072, 1.8867, 0.9303799999999999, 0.00025415, 1.0526, 1.9632, 1.0785, 0.61287, 0.00083453, 0.015286000000000001, 1.8915e-06, 0.24354, 1.5462, 1.0070000000000001, 0.0010083466666666666, 2.0829, 0.00033084, 0.27249, 0.02361, 1.1125, 0.0020387, 0.000572605, 1.1029, 2.3547, 1.922, 0.00085221, 1.2993, 1.9543, 0.38431, 0.22005, 0.5312100000000001, 0.37629, 2.0238, 0.04868, 0.37661999999999995, 8.64735e-05, 1.8856, 0.7502, 0.00071676, 0.62803, 1.5231, 2.0819, 2.0559, 0.20876999999999998, 5.7596e-07, 2.0, 0.08795399999999999, 0.26072, 0.45596000000000003, 0.5619, 1.9351e-06, 1.1133, 1.4423, 1.6157, 1.9533e-05, 0.9093399999999999, 1.8934, 5.219322e-05, 2.1182, 1.383, 1.0124, 1.9607, 2.2727, 0.0044702, 1.2815, 0.00010001833333333332, 2.1738, 1.3075, 0.011295, 2.2726, 0.46748999999999996, 1.9496, 0.77967, 2.1276, 0.071141, 1.3242, 0.41293, 0.1068, 2.3256, 1.044, 0.00018854266666666665, 0.000117845, 2.3256, 0.7420399999999999, 1.3262, 0.1379, 1.6776, 0.11664000000000001, 0.0035424999999999996, 0.036616, 2.1636, 0.63181, 2.3242, 0.56596, 0.52899, 0.53033, 0.8893, 0.9248200000000001, 0.0011561, 0.000117845, 1.5552, 0.9998799999999999, 2.4386, 0.75689, 0.84447, 0.0023906999999999995, 1.0427, 1.797, 0.27651, 1.4119, 0.19882, 0.8574, 2.0684, 1.8485, 2.0815, 0.50813, 0.41955, 0.0015717, 0.26178, 0.31669, 1.1643, 0.19979, 0.9716100000000001, 0.78101, 0.11035, 0.0091715, 0.89087, 0.075543, 1.1539, 5.219322e-05, 2.0828, 0.76302, 0.7468600000000001, 0.080189, 0.48796000000000006, 1.6201, 0.49441, 0.48336999999999997, 0.34297, 0.0012155999999999998, 0.65009, 0.4853, 1.8008, 0.33655, 1.3307, 0.33678, 0.0039016999999999997, 0.002665, 0.52649, 0.71134, 0.00091188, 1.9986, 1.8821, 2.1385, 2.2724, 0.80519, 0.29465, 0.11445999999999999, 1.692, 0.21506, 0.0058042, 0.1051, 2.0795, 0.65827, 0.9927600000000001, 0.91737, 0.58504, 0.12559, 7.51625e-06, 0.65559, 0.014790000000000001, 1.92, 0.034783, 0.01697, 0.70832],