{"errorExec": {"Process": "OK"}, "Performance": {"spearman": {"spearmanr": 0.76326089959237142, "pvalue": 4.9323163130814048e-79}, "pearson": {"pvalue": 1.9143944893818693e-82, "pearsonr": 0.77355228671334508}, "kendalltau": {"kendalltau": 0.61372506544844196, "pvalue": 1.5480699227565003e-76}, "r_score": 0.58723602386863138, "predict_values": [0.5349432398, 2.23925, 0.651923924, 0.9292549999999999, 0.654075, 0.5089899999999999, 0.617035, 0.56, 0.11430085000000001, 1.3481699999999999, 2.1643, 0.0119889825, 0.47497999999999996, 5.0806965e-05, 0.00126, 2.12075, 0.062564, 0.0025256999999999996, 0.48383999999999994, 0.7070150000000001, 0.10600845499999999, 1.3527949999999999e-06, 2.2251, 1.08676, 1.000005501325, 0.057318257, 1.0817, 0.55347, 0.57544, 0.01260891125, 1.050245, 0.42936, 0.790172885, 1.1604750000000001, 1.1528, 0.051630999999999996, 0.60173, 2.081, 0.82565, 0.1883384845, 2.1282, 0.11200999999999998, 1.61155, 1.44465, 0.10614, 0.1666, 0.846482435, 0.23154, 0.00922385, 0.992, 1.2962, 1.1883, 1.4421599999999999, 0.024159, 0.9623524999999999, 0.0193722315, 0.7475, 0.646245, 0.99437, 0.21222, 1.0391, 1.0571071125, 0.37531, 2.1906999999999996, 0.377826541, 0.0074542, 0.0012391074999999999, 1.8581, 0.28163499999999997, 0.48830500000000004, 1.12642, 0.024932, 0.469892, 1.9608, 0.8276699999999999, 1.204465, 1.1627767036666665, 0.28636, 1.269945, 0.63195, 0.31395825699999996, 0.840365, 0.18222, 2.72969e-05, 1.9145, 0.19335, 0.4640035, 0.23496, 0.0086196, 1.6261, 0.029705000000000002, 2.1739, 2.0442, 1.3956, 0.522046541, 0.9642200000000001, 1.4507, 1.2148025, 0.97527, 1.1405, 0.6997450000000001, 0.10221365, 1.38747, 0.016409, 0.67745, 1.2899, 1.0461, 0.486625, 1.0577661833333332, 1.196579, 0.083948, 0.4951, 1.2652, 0.0013330833333333333, 1.1567, 1.9608, 1.077815, 0.9037200000000001, 0.460145, 0.63336, 0.8401299999999999, 0.49513805, 1.2424, 0.5010169, 1.0416767036666665, 0.38987823979999997, 1.0136749999999999, 0.25822209999999995, 0.0059418, 0.13281300000000001, 0.0963685, 0.08795399999999999, 2.0289, 1.2656824999999999e-05, 0.586225, 1.322845, 1.055955, 1.7142, 1.0131, 0.0853, 1.050245, 0.04556265, 0.0481535, 0.94512125, 0.76677, 0.057502885, 1.9231, 1.1712, 0.763909, 0.61363, 1.256845, 0.3898383729, 1.296675, 0.9805839825, 0.85484, 1.187385, 0.675555, 1.9973, 0.000112181, 0.033918000000000004, 0.79451, 0.038707, 0.921765, 0.023611, 1.424785, 0.011945384999999998, 1.66255, 0.00038773625, 1.5258e-05, 0.6846295, 2.1066000000000003, 0.6019100000000001, 0.9884, 1.0898598, 2.0203, 1.1899899999999999, 2.0403, 0.9288200000000001, 0.7711, 0.9803932398, 0.40299683999999997, 0.012935499999999999, 2.0833, 0.46016840000000003, 2.3809125, 0.0782891, 2.1739, 0.014413999999999998, 0.010079000000000001, 0.76594, 0.0691809, 0.9552660000000001, 0.45711599999999997, 0.61741, 0.64518146, 0.079942, 1.9038, 1.06173, 0.5650044999999999, 1.2193638500000001, 0.8069655, 0.88077, 1.1263839825000002, 2.1050500000000003, 0.023344999999999998, 0.8881322, 0.2639184845, 0.6980355, 0.8159115, 0.506614, 0.8160449999999999, 0.36482000000000003, 0.91645, 1.6927333333333332, 0.0007276383333333333, 0.059690999999999994, 1.2095, 0.00105852, 1.011485, 0.20568507000000003, 0.511625, 0.00121775, 0.393335, 1.8697, 1.0711, 0.0614978, 1.2380900000000001, 0.0631948, 1.1523355, 0.7170000000000001, 0.8015725, 1.44655, 1.0300037499999999, 0.0011720083333333334, 1.8867, 0.9303799999999999, 0.00021533200000000002, 1.0526, 1.9632, 1.1162, 0.61287, 0.011764, 0.031983, 2.2193, 0.5755399999999999, 1.5462, 0.390340825, 0.0008139425, 1.04147676975, 0.00020865979999999998, 0.13819585, 0.06781, 1.5171000000000001, 0.0015251750000000001, 0.012463795, 1.6878, 2.1201499999999998, 1.922, 0.000786135, 1.2993, 1.9543, 0.38431, 0.22005, 0.5312100000000001, 0.37629, 1.7850000000000001, 1.2148025, 0.71461, 6.71638e-05, 0.9510044999999999, 0.7502, 0.5069083799999999, 0.854865, 1.7187999999999999, 2.00095, 2.0559, 1.2630400000000002, 0.01485278798, 2.0, 0.08795399999999999, 2.0673500000000002, 0.54466, 0.38848, 0.97715096755, 0.839275, 1.00887, 1.30205, 5.069375e-05, 1.03302, 1.8934, 0.0013173398000000001, 2.1182, 0.747222885, 0.69451, 1.5267, 2.272683333333333, 0.46748999999999996, 1.70485, 1.4225e-05, 2.1738, 0.5807098, 0.011295, 1.1365173158333333, 0.46748999999999996, 1.4151850000000001, 0.77967, 2.1276, 0.007479884999999999, 1.7984499999999999, 1.6515325, 0.24722, 2.3532625, 1.044, 7.054275e-05, 0.04271296, 1.6588, 0.6326, 1.3262, 0.351575, 1.092865, 0.05832507000000001, 0.94512125, 0.036616, 1.7299000000000002, 0.63181, 2.3242, 0.548145, 1.304995, 0.53033, 0.45711599999999997, 0.9248200000000001, 0.535405825, 0.0029393536666666668, 1.5552, 0.5192935, 1.2230271000000001, 0.41841599999999995, 1.11615, 0.017171150000000003, 1.0427, 1.38061, 0.27651, 0.8026249999999999, 1.8934, 0.8574, 2.0684, 1.3098, 1.5763, 0.50813, 0.41955, 0.0008497000000000001, 0.62689, 0.346, 1.1643, 0.19979, 0.4974775, 1.351505, 0.11035, 0.25865075, 0.44543538524500004, 0.075543, 1.1539, 0.458692567165, 2.0828, 0.38346085, 0.5617400000000001, 0.5617400000000001, 1.054421, 1.6201, 0.892155, 0.48336999999999997, 0.5544549999999999, 0.0012739833333333334, 0.675555, 0.4853, 0.955575, 0.33655, 1.3307, 1.23249, 0.21172585, 0.393335, 1.010195, 1.4719025000000001, 0.46604999999999996, 1.472395, 0.94160085, 2.0496, 2.2724, 0.80519, 0.14811085000000002, 0.11445999999999999, 1.692, 0.21506, 0.9843569999999999, 0.16832, 1.26594, 0.65827, 0.504023, 1.011485, 0.586225, 0.12559, 7.3382e-06, 0.65559, 0.014790000000000001, 1.343385, 0.9642200000000001, 0.01697, 0.70832],