{"errorExec": {"Process": "OK"}, "Performance": {"spearman": {"spearmanr": 0.9407704806976667, "pvalue": 2.089937184593684e-71}, "pearson": {"pvalue": 2.6540511723721825e-76, "pearsonr": 0.9493583254322436}, "kendalltau": {"kendalltau": 0.7943735582844229, "pvalue": 3.595686404752898e-47}, "r_score": 0.3976630940322625, "predict_values": [3.410748196460258, 3.4107854032228704, 3.4068533327889305, 3.405978212834569, 3.4089306748127735, 3.7374341812412157, 3.5939929646550954, 3.409927750952963, 3.404199864655329, 3.088881402754737, 3.413618299824271, 3.407195067691332, 3.0880950718839713, 3.0808213854791187, 3.417081976058748, 3.73897852981025, 3.7374341812412157, 3.6004146808861233, 3.6064678249657955, 3.5989773591771788, 3.4150908359454206, 3.7345035627968817, 3.4033536801863433, 3.8414667455912705, 3.407195067691332, 3.412138371938311, 3.734657052435072, 3.4120504524369286, 3.412557138106028, 3.4068533327889305, 3.4088228608097806, 3.7398446541727584, 3.088032021716273, 3.4126759161618394, 3.410202674393497, 3.4109938401341795, 3.415817208916414, 3.0862767013639942, 3.4035947050064426, 3.4112548605500064, 3.5990831383507316, 3.5995151876658156, 3.4024502990573895, 3.9249052273738716, 3.7340359308862268, 3.5990634606531486, 3.4093217551574506, 3.4054164625285313, 3.412363038388419, 3.4104516210704063, 4.347727609298123, 4.374060879855125, 4.37968038595173, 4.302460181734073, 4.377451348082398, 4.301453254734881, 4.402707952079999, 4.170628570280522, 4.310722852193298, 4.330668809224341, 4.1751669716109285, 4.369717764019802, 4.18583179520894, 4.340198597384149, 4.299642400592211, 4.345343363984084, 4.366195811393437, 4.1799641184881375, 4.378434188489749, 4.223755911287272, 4.453990533671031, 4.306029922215504, 4.377316559685237, 4.268436945031394, 4.308786090343233, 4.345044861947201, 4.348263171038166, 4.437062247410436, 4.371581816640251, 4.179587394388001, 4.223385708299396, 4.178574890089258, 4.265806332907766, 4.403080889252369, 4.36387446255663, 4.399026872448706, 4.377839010808968, 4.31175839019051, 4.29918186491759, 4.301152719519132, 4.262878579780163, 4.339738605042946, 4.266465790912932, 4.17287387520534, 4.301029664819195, 4.262781875126811, 4.300973421207102, 4.306646502523153, 4.217569058117664, 4.301588895883121, 4.611371649851161, 4.481238971699651, 4.539755019701943, 4.460272972542045, 4.555553038484845, 4.544303027510104, 4.419125702728014, 4.4701604164556565, 4.466981284540785, 4.6187564207918905, 4.5099116989591, 4.48786490142855, 4.5368640068288935, 4.505368061985018, 4.589672222666458, 4.574114309841832, 4.461780533241997, 4.562680636216444, 4.590092140352761, 4.376360487428935, 4.579155605541236, 4.502219138048178, 4.523593864431344, 4.4615168027223415, 4.53419127303457, 4.467506659308848, 4.459808555602944, 4.457508200154363, 4.533999660518532, 4.4134983176443106, 4.496968119527814, 4.519897554562058, 4.555714395456072, 4.37548324603207, 4.342240913140505, 4.587615280133557, 4.591823216144913, 4.4601619895126285, 4.456395004487869, 4.537266641940931, 4.597584422758751, 4.579714826786748, 4.481238971699651, 4.578178352587578, 4.6154976856110235, 4.5783202356256805, 4.4881323437804514, 4.5110472362959895, 4.570907588734789, 4.455262545204512], "real_values": [1.4, 1.4, 1.3, 1.5, 1.4, 1.7, 1.4, 1.5, 1.4, 1.5, 1.5, 1.6, 1.4, 1.1, 1.2, 1.5, 1.3, 1.4, 1.7, 1.5, 1.7, 1.5, 1.0, 1.7, 1.9, 1.6, 1.6, 1.5, 1.4, 1.6, 1.6, 1.5, 1.5, 1.4, 1.5, 1.2, 1.3, 1.4, 1.3, 1.5, 1.3, 1.3, 1.3, 1.6, 1.9, 1.4, 1.6, 1.4, 1.5, 1.4, 4.7, 4.5, 4.9, 4.0, 4.6, 4.5, 4.7, 3.3, 4.6, 3.9, 3.5, 4.2, 4.0, 4.7, 3.6, 4.4, 4.5, 4.1, 4.5, 3.9, 4.8, 4.0, 4.9, 4.7, 4.3, 4.4, 4.8, 5.0, 4.5, 3.5, 3.8, 3.7, 3.9, 5.1, 4.5, 4.5, 4.7, 4.4, 4.1, 4.0, 4.4, 4.6, 4.0, 3.3, 4.2, 4.2, 4.2, 4.3, 3.0, 4.1, 6.0, 5.1, 5.9, 5.6, 5.8, 6.6, 4.5, 6.3, 5.8, 6.1, 5.1, 5.3, 5.5, 5.0, 5.1, 5.3, 5.5, 6.7, 6.9, 5.0, 5.7, 4.9, 6.7, 4.9, 5.7, 6.0, 4.8, 4.9, 5.6, 5.8, 6.1, 6.4, 5.6, 5.1, 5.6, 6.1, 5.6, 5.5, 4.8, 5.4, 5.6, 5.1, 5.1, 5.9, 5.7, 5.2, 5.0, 5.2, 5.4, 5.1]}, "Params": {"kernel": "rbf", "gamma": "0.001", "degree": "3"}, "algorithm": "SVR"}