{"errorExec": {"Process": "OK"}, "Performance": {"spearman": {"spearmanr": 0.9678112644977612, "pvalue": 1.4287422508132337e-90}, "pearson": {"pvalue": 4.621622553910289e-131, "pearsonr": 0.9909719330639534}, "kendalltau": {"kendalltau": 0.8786605906616087, "pvalue": 2.599841706140145e-57}, "r_score": 0.9816778025684643, "predict_values": [1.4972222222222222, 1.4972222222222222, 1.4749999999999994, 1.3818181818181818, 1.4972222222222222, 1.4972222222222222, 1.3800000000000001, 1.4972222222222222, 1.3818181818181818, 1.4972222222222222, 1.4972222222222222, 1.4972222222222222, 1.4972222222222222, 1.325, 1.4749999999999994, 1.4967741935483871, 1.4972222222222222, 1.4972222222222222, 1.4967741935483871, 1.4972222222222222, 1.4972222222222222, 1.4972222222222222, 1.3400000000000003, 1.4972222222222222, 1.4972222222222222, 1.4972222222222222, 1.55, 1.4972222222222222, 1.4972222222222222, 1.4749999999999994, 1.4972222222222222, 1.55, 1.4967741935483871, 1.4749999999999994, 1.4972222222222222, 1.4972222222222222, 1.4967741935483871, 1.4972222222222222, 1.3818181818181818, 1.4972222222222222, 1.4972222222222222, 1.3800000000000001, 1.3818181818181818, 1.4972222222222222, 1.4972222222222222, 1.4972222222222222, 1.4972222222222222, 1.3818181818181818, 1.4972222222222222, 1.4972222222222222, 4.770212765957446, 4.770212765957446, 4.770212765957446, 3.9550000000000005, 4.770212765957446, 4.1647058823529415, 4.953968253968254, 3.6750000000000007, 4.5920000000000005, 4.22608695652174, 3.6750000000000007, 4.6625000000000005, 3.85, 4.770212765957446, 3.9550000000000005, 4.770212765957446, 4.6625000000000005, 3.85, 4.770212765957446, 3.85, 5.15, 4.5920000000000005, 4.770212765957446, 4.5920000000000005, 4.5920000000000005, 4.840000000000001, 4.840000000000001, 5.175000000000002, 4.696774193548388, 3.85, 3.85, 3.85, 4.1647058823529415, 4.953968253968254, 4.690909090909089, 4.953968253968254, 4.840000000000001, 4.5920000000000005, 4.1647058823529415, 4.1647058823529415, 4.1647058823529415, 4.840000000000001, 4.1647058823529415, 3.414285714285714, 4.1647058823529415, 4.1647058823529415, 4.1647058823529415, 4.5920000000000005, 3.414285714285714, 4.1647058823529415, 5.511764705882352, 5.15, 5.736170212765956, 5.232835820895522, 5.511764705882352, 6.3428571428571425, 4.953968253968254, 6.173684210526317, 5.305882352941175, 5.736170212765956, 5.232835820895522, 5.232835820895522, 5.537209302325582, 5.15, 5.305882352941175, 5.511764705882352, 5.232835820895522, 6.3428571428571425, 6.3428571428571425, 4.696774193548388, 5.537209302325582, 5.15, 6.253333333333335, 5.232835820895522, 5.537209302325582, 5.736170212765956, 5.232835820895522, 5.232835820895522, 5.511764705882352, 5.537209302325582, 6.173684210526317, 6.253333333333335, 5.511764705882352, 4.840000000000001, 4.840000000000001, 6.3428571428571425, 5.511764705882352, 5.232835820895522, 5.15, 5.537209302325582, 5.537209302325582, 5.537209302325582, 5.15, 5.537209302325582, 5.537209302325582, 5.537209302325582, 5.232835820895522, 5.232835820895522, 5.511764705882352, 5.15], "real_values": [1.4, 1.4, 1.3, 1.5, 1.4, 1.7, 1.4, 1.5, 1.4, 1.5, 1.5, 1.6, 1.4, 1.1, 1.2, 1.5, 1.3, 1.4, 1.7, 1.5, 1.7, 1.5, 1.0, 1.7, 1.9, 1.6, 1.6, 1.5, 1.4, 1.6, 1.6, 1.5, 1.5, 1.4, 1.5, 1.2, 1.3, 1.4, 1.3, 1.5, 1.3, 1.3, 1.3, 1.6, 1.9, 1.4, 1.6, 1.4, 1.5, 1.4, 4.7, 4.5, 4.9, 4.0, 4.6, 4.5, 4.7, 3.3, 4.6, 3.9, 3.5, 4.2, 4.0, 4.7, 3.6, 4.4, 4.5, 4.1, 4.5, 3.9, 4.8, 4.0, 4.9, 4.7, 4.3, 4.4, 4.8, 5.0, 4.5, 3.5, 3.8, 3.7, 3.9, 5.1, 4.5, 4.5, 4.7, 4.4, 4.1, 4.0, 4.4, 4.6, 4.0, 3.3, 4.2, 4.2, 4.2, 4.3, 3.0, 4.1, 6.0, 5.1, 5.9, 5.6, 5.8, 6.6, 4.5, 6.3, 5.8, 6.1, 5.1, 5.3, 5.5, 5.0, 5.1, 5.3, 5.5, 6.7, 6.9, 5.0, 5.7, 4.9, 6.7, 4.9, 5.7, 6.0, 4.8, 4.9, 5.6, 5.8, 6.1, 6.4, 5.6, 5.1, 5.6, 6.1, 5.6, 5.5, 4.8, 5.4, 5.6, 5.1, 5.1, 5.9, 5.7, 5.2, 5.0, 5.2, 5.4, 5.1]}, "Params": {"n_estimators": "10", "loss": "linear"}, "algorithm": "AdaBoostRegressor"}