{"errorExec": {"Process": "OK"}, "Performance": {"spearman": {"spearmanr": 0.90460448550481631, "pvalue": 1.928699726330019e-152}, "pearson": {"pvalue": 3.4575311565904647e-274, "pearsonr": 0.97689121572159054}, "kendalltau": {"kendalltau": 0.75340848870260624, "pvalue": 2.2822444340251713e-114}, "r_score": 0.87187237730781775, "predict_values": [0.20481964826832086, 0.4735694426666187, 0.008408161378601724, 0.03426611989003357, 0.19993805766053097, 0.8893929160906626, 0.19671575313383802, 0.5975285893112335, 0.28847329929745297, 0.29842826686625595, 0.2066357368660576, 0.14337215053959804, 1.066445335421134, 0.008262294028601742, 0.22685572294330722, 0.12468005981960531, 0.09412674880248034, 0.019209050897723182, 0.9096425008319264, 0.10067100938960896, 0.1253354527851943, 0.12930167079787136, 0.06602979604187699, 0.9953328223341068, 0.008374753688578488, 0.005299747571094174, 0.05779601625716074, 1.1788907413970788, 0.1678479429075787, 0.007736377692503492, 0.842682924660478, 0.04829773118788054, 0.1589791077326768, 0.7682565248060191, 0.25522841301663624, 0.22877932524051256, 0.7305505988314016, 0.34084287351550663, 0.24463379741339472, 0.0316170000233579, 0.5326204562750789, 0.05103428931190316, 0.4801122843604649, 0.19592155544832934, 0.20160931597753481, 0.1426279464351753, 0.3542681934146705, 0.08340180100063514, 0.04339932666852806, 0.454080232472201, 0.08837372073030937, 0.04497304180230826, 0.7581783285871005, 0.011906470550887175, 0.17024981540480436, 0.05283973893771185, 0.25628632583066285, 0.8625281630097426, 0.1828915793748317, 0.7120014531277149, 0.23256926780181142, 0.014141553873170351, 0.23781605195570205, 0.027150833942774184, 0.9591147473806846, 0.16308027891326063, 0.12245330689678473, 0.10598978913440699, 0.3163046761302643, 0.5552250442427222, 0.20061081655208124, 0.03981048215923562, 0.8970817038789882, 0.06056936686186525, 0.4501233332076125, 1.0822519709523917, 0.05657994705460388, 0.5433326863553378, 0.5858220128528665, 0.2142844219594754, 0.27110037788588326, 0.3176719565265516, 0.5868983682552024, 0.014260402278859705, 0.3499730726263166, 0.0902538097804857, 0.28838190122805285, 0.2168574089723535, 0.005661091785681377, 0.17283057624964238, 0.698611945399099, 0.32057880812931056, 0.13226336510016715, 0.15203575371970907, 0.12017264095552864, 1.086799579427259, 0.1556572906604914, 0.10037546981599257, 0.15119422154924878, 0.44530591870951086, 0.018462046890461686, 0.05996820207590841, 0.3971600240285399, 0.09839799123527761, 0.056588760330251675, 0.15555216006077663, 1.1209186444365706, 0.16059177124212193, 0.12460660824560926, 0.17896755471278686, 0.03475355934947679, 0.10681811916171756, 0.4884774005302973, 0.11120361299522534, 0.44277369507614367, 0.1979776862346998, 0.15023096782053055, 0.13267923058876246, 0.05904435161339744, 0.282919130338276, 0.5129038145864908, 0.8363150576014624, 1.1261940011951541, 0.38639367725873697, 0.3161587285093535, 0.004348975438124618, 0.18381745406511646, 0.06058176169835422, 0.14590287012266884, 0.02176488588837057, 0.8540788007673912, 0.8084258423374193, 0.11847240538683808, 0.0180516118335496, 0.5109768632980363, 0.8447778813519001, 0.17261621844213917, 0.17837277358471623, 0.04430399169176142, 0.2588423035063429, 1.0445081012139925, 0.15713892925897366, 0.1862525529178524, 0.45034633372139754, 0.4420366609532066, 0.10137229207725176, 0.40080084586320597, 0.6816090279122783, 0.30416082312338105, 0.1296659394922879, 0.04707864868844627, 0.2128721981204546, 0.11330904979818446, 0.23467408249837646, 0.1558765969428084, 0.18146880375201135, 0.1788862854192338, 0.10143736991475225, 0.001507846300575424, 0.0770344704606857, 0.07842898702717613, 0.060518842624373397, 1.1548786312798816, 0.11220575960026867, 0.09763295431417347, 0.28717670202803547, 0.19453160714875428, 0.14468064628274507, 0.056354676085653706, 0.16246644502094834, 0.46984173065857815, 0.018612558174939058, 0.8325532701339391, 0.10100189852020805, 0.1477235607528412, 0.35147880786584856, 0.20800278775722264, 0.11661133544181118, 0.7662054019043691, 0.18312943663697775, 0.01159390769596879, 0.20363685588419053, 0.1252289223735186, 0.11802520114181245, 0.26600972944048384, 0.0065806172161023795, 0.029652823916695308, 0.041978395390797514, 0.29182650267566157, 0.28311771655064827, 0.09314234008527264, 0.11953649712248907, 0.03884345375673709, 0.15218869308939661, 0.032756709795659464, 0.28635313216976194, 0.21165473922018138, 0.1645080993367274, 0.01629927590351185, 0.047002466448124475, 0.1404217038932789, 0.11714566419185865, 0.04166819639963534, 0.16542653521548456, 0.12584743994472863, 0.01983345361137257, 0.3536873045685171, 0.3604317130130842, 0.2522759473599881, 0.13275489588086076, 0.37623388837034066, 0.16512942013797482, 0.12336365733850019, 0.21974452622297605, 0.02228315054053999, 0.1672987258328204, 0.19815645029395143, 0.054129462364013406, 0.16942595317534523, 0.016177613851357835, 0.4223164940066077, 0.03228887147208573, 0.19487568935827432, 1.1449054099749822, 0.7925409711069672, 0.4943676058389488, 0.35417098407864667, 0.009154492050379708, 0.5265347712572087, 0.001731494623798636, 0.2810465212914515, 0.11312490497452846, 0.020588778661574037, 0.0012623465951935925, 0.08027626278635781, 0.34618746030868425, 0.15835778269641365, 0.42173573776941325, 0.6872732734550827, 1.1148120983129384, 0.1419478632221601, 0.11812973360867424, 0.11571510202512239, 0.09878177152031727, 0.12493942693575495, 0.4435696573032986, 0.015398996134985474, 0.21741174767670268, 0.25238516262157373, 0.01953047637745283, 0.27627736098166833, 0.02959602531532136, 0.018337390127031037, 0.13889392769458137, 0.1439303778774888, 0.07094691510985573, 0.08996842089216472, 0.08653883070030127, 0.20553614761979408, 0.11240642221318772, 0.10691003799681278, 0.47085812242743974, 0.4410737560471405, 0.10754792221925534, 0.10421812245990612, 0.1539377349785379, 0.2949832802719021, 0.3869187252224863, 0.12310752042844682, 0.6297411074251714, 0.10144860344018466, 0.3956260808494103, 0.10565225534468704, 0.5555231394597767, 0.14563518894536412, 0.12713762886384858, 0.08907210911506501, 0.015921208548053283, 0.1064512536001111, 0.4556887742405525, 0.24417169782915696, 0.08528557230220728, 1.0223473364873255, 0.12153448591564865, 0.29780648788080477, 0.18686438793677682, 0.6708686407676051, 0.09094184235183427, 0.594940794893967, 0.056337685858392814, 0.014483314349138542, 0.056168236634599925, 0.09076018702995127, 0.29183631504266694, 1.1269802317334643, 0.08879656139327587, 0.10814233369058456, 0.16621145448373323, 0.026851044147701935, 0.09143469646437137, 0.810854429709026, 0.1524977715118674, 0.16070778638931402, 0.1368247599995649, 0.1260278891126139, 0.05973242046446975, 0.1635284161120525, 0.29800145967257896, 0.5894934096596447, 0.5862104405331559, 0.4121575319830485, 0.0829554958237258, 0.272599860457827, 0.10386895011635092, 0.17147811736355326, 0.20993039135172584, 0.2450853182858451, 0.28887291213507454, 0.04662585866870475, 0.531190115067588, 0.015868166718036276, 0.14452938056854034, 0.13787299883655801, 0.28090595198999824, 0.6720767329624505, 0.34127987145852656, 0.36771618512682686, 0.3968791081599424, 0.4858797058892002, 0.4517755988005265, 0.41483305173280705, 0.10284780549251017, 0.1669883870221336, 0.3162305623798062, 0.10497969793928241, 0.056515179751423436, 0.123569935550036, 0.11693600151091668, 0.0087319230776591, 0.2129874715781433, 0.17865373540492777, 0.2715438704003198, 1.1184870086748677, 0.37360260747730484, 0.49313220395126395, 0.12482488866833759, 0.12964682128160715, 0.4786711402988985, 0.284157939468777, 0.17587892933205423, 0.007270580355497715, 0.1757117945764329, 0.5355318778157621, 0.2802603834081721, 0.13367664092282902, 0.3380686565913165, 0.6513418929646744, 0.2068035698030945, 0.17851468260285025, 0.5729579924870183, 0.020541985682311515, 0.21232687667580039, 0.03088794958924612, 0.05401036099513448, 0.256638127666116, 0.14989569527880187, 0.14393451436673838, 0.42417278580213014, 0.21765404900226834, 