{"errorExec": {"Process": "OK"}, "Performance": {"spearman": {"spearmanr": 0.9724692469246924, "pvalue": 8.388465260181017e-64}, "pearson": {"pvalue": 7.239642386730242e-45, "pearsonr": 0.9316109969389625}, "kendalltau": {"kendalltau": 0.9050505050505057, "pvalue": 1.3193917969610102e-40}, "r_score": 0.8678990496176078, "predict_values": [0.02685359414147559, 0.1293686308850921, 0.23188366762871038, 0.33439870437232777, 0.43691374111594516, 0.5394287778595626, 0.6419438146031808, 0.7444588513467982, 0.8469738880904156, 0.949488924834033, 1.0520039615776504, 1.1545088493224815, 1.2570137370673127, 1.3595186248121434, 1.4620235125569745, 1.5646298902896718, 1.667134778034503, 1.7696396657793336, 1.8721445535241643, 1.9746494412689954, 2.077154329013826, 2.1796592167586573, 2.2821641045034884, 2.384668992248319, 2.48717387999315, 2.5897802577258475, 2.6922851454706787, 2.7947900332155093, 2.8972949209603405, 2.9997998087051716, 3.102304696450002, 3.204809584194833, 3.307314471939664, 3.4098193596844952, 3.512324247429326, 3.6149306251620232, 3.717435512906854, 3.819940400651685, 3.922445288396516, 4.024950176141347, 4.1274550638861776, 4.229959951631009, 4.33246483937584, 4.434969727120671, 4.537474614865502, 4.6400809925981985, 4.74258588034303, 4.845090768087861, 4.947595655832691, 5.050100543577522, 5.152605431322354, 5.255110319067185, 5.3576152068120155, 5.460120094556847, 5.562624982301678, 5.665231360034374, 5.767736247779205, 5.8702411355240365, 5.972746023268868, 6.075250911013699, 6.177755798758529, 6.28026068650336, 6.382765574248191, 6.485270461993022, 6.5877753497378535, 6.69038172747055, 6.792886615215381, 6.895391502960212, 6.997896390705042, 7.100401278449874, 7.202906166194706, 7.305411053939537, 7.407915941684367, 7.510420829429198, 7.612925717174029, 7.715532094906726, 7.818036982651558, 7.920541870396388, 8.023046758141218, 8.12555164588605, 8.22805653363088, 8.330561421375712, 8.433066309120543, 8.535571196865375, 8.638076084610205, 8.740682462342901, 8.843187350087732, 8.945692237832564, 9.048197125577394, 9.150702013322226, 9.253206901067056, 9.355711788811888, 9.458216676556717, 9.560721564301549, 9.66322645204638, 9.765832829779077, 9.868337717523907, 9.97084260526874, 10.07334749301357, 10.175852380758402], "real_values": [0.24588, 0.017287999999999998, 0.38705, 0.27636, 0.49764, 0.6574800000000001, 0.41087, 0.7429, 0.66468, 1.1409, 1.0294, 1.1816, 1.4058, 1.5168, 1.52, 1.7023, 1.4257, 2.2328, 2.2481, 4.9181, 1.6178, 2.1829, 2.1415, 2.1336, 2.7862, 5.9637, 2.1154, 2.9046, 2.5707, 3.3131, 2.7066, 3.2116, 3.2029, 3.2825, 3.5811, 3.3001, 3.6559, 4.2324, 4.0126, 3.8032, 3.9482, -2.3882, 4.2, 4.7241, 4.6312, 4.4713, 4.8896, 4.3728, 5.1942, 4.8686, 5.1435, 5.0124, 5.3259, 5.7999, 5.3439, 5.6183, 5.4619, 5.7172, 5.9119, 5.9839, 6.3674, 6.4843, 6.4965, 6.3481, 6.4228, 6.9278, 6.4721, 6.8652, 6.7556, 7.2233, 7.189, 7.1414, 7.5624, 7.6185, 7.5405, 6.0283, 7.4897, 7.4866, 7.8669, 7.801, 7.4811, 8.0907, 7.8932, 8.3062, 8.52, 9.009, 8.3515, 8.7488, 9.2294, 9.9374, 17.006, 9.1911, 9.0407, 9.2576, 9.7728, 9.4849, 10.063, 9.6447, 9.8101, 10.039]}, "Params": "Default", "algorithm": "Linear Regression"}