{"errorExec": {"Process": "OK"}, "Performance": {"spearman": {"spearmanr": 0.70091834202055014, "pvalue": 1.4612192390546336e-61}, "pearson": {"pvalue": 4.5854280419453534e-94, "pearsonr": 0.80492954691721597}, "kendalltau": {"kendalltau": 0.60532402111926864, "pvalue": 1.6589947660597541e-74}, "r_score": 0.6378354723350893, "predict_values": [0.023174875, 0.015479, 0.0879785, 0.34951, 0.59878, 0.029029000000000003, 0.04894, 0.022968000000000002, 0.135435, 0.06175, 0.3036315, 0.245345, 0.095058, 0.043266000000000006, 0.1598, 0.045909624999999996, 0.039654, 0.014676, 0.56381, 0.020343, 0.260945, 0.041520999999999995, 0.01961, 0.234809, 0.0414675, 0.085542, 0.086032, 0.1398945, 0.033147, 1.2191, 0.447379, 0.0224405, 0.78309, 0.10605650000000001, 0.037285, 0.0273387, 0.015985, 0.0203345, 0.015477750000000002, 0.0190275, 0.01988175, 0.96595, 0.04961, 0.282035, 0.39342, 1.0473, 0.013513925, 0.0279805, 0.11864000000000001, 0.0186645, 1.0546, 0.31904, 0.30842, 1.1064, 0.079138, 0.62355, 0.4664002, 0.1135535, 0.6011500000000001, 0.259093, 0.022476, 0.11259000000000001, 0.0255, 0.5399895, 1.9968, 0.46926500000000004, 0.054384, 0.15461, 0.018272, 0.031123, 0.11149, 0.1106125, 0.013276, 0.24590433333333334, 0.03065, 0.027423500000000003, 0.026254, 0.12268, 0.022547499999999998, 0.042001500000000004, 0.026626999999999998, 0.123275, 1.006481, 0.5670155, 0.1211575, 0.027655, 0.0093041, 0.029796500000000004, 0.034499, 0.021484833333333335, 0.0612765, 0.015345, 0.37722, 0.023753083333333334, 0.31423999999999996, 0.016129499999999998, 0.02611616666666667, 0.09806899999999999, 0.08793, 0.027325000000000002, 0.041300500000000004, 0.10862050000000001, 0.032964, 0.024799, 0.098901, 0.20428, 0.02398315, 0.0861575, 0.18414, 0.027885, 1.478925, 0.019411499999999998, 0.016235, 0.22739, 0.0287675, 0.018294, 0.19249, 0.1435, 0.7061, 0.6710715, 0.44956, 0.42775450000000004, 0.0128016, 0.11837, 0.019673999999999997, 0.043122, 0.027579000000000003, 1.3015, 0.054600499999999996, 0.0464325, 0.038281, 0.1398945, 0.032535, 0.0572715, 0.14456, 0.020373, 0.020307, 0.013860500000000001, 0.38201900000000005, 0.27865999999999996, 0.018456999999999998, 0.040928, 0.21843, 0.14062, 0.023958, 0.8833799999999999, 0.025419, 0.2388373, 0.3373015, 0.44517999999999996, 1.06575, 0.0157005, 0.397417, 0.021262, 0.52312565, 0.023763999999999997, 0.020181499999999998, 0.078801, 1.1901, 0.98054, 0.08307500000000001, 1.1432, 0.020397, 0.062390999999999995, 0.43328999999999995, 0.10765, 0.5261100000000001, 0.542605, 0.04591049999999999, 0.079364, 0.029349, 0.1864025, 0.6834985, 0.09183, 0.008603574999999999, 0.047673, 0.020934, 0.0191015, 0.040361, 0.23213799999999998, 1.030025, 0.064903, 0.021311, 0.45977775000000004, 0.008439499999999999, 0.035483, 0.347012, 0.299173, 0.02354775, 0.310774, 0.0277715, 1.06575, 0.1864025, 0.0783065, 0.037198, 0.25126, 0.7614, 0.019194, 0.94269, 0.0117225, 0.44672, 0.0798545, 0.57636965, 0.329934, 0.30381400000000003, 0.03556, 0.063817, 0.0203345, 0.030808, 0.038214, 0.016461500000000004, 0.099701, 0.267325, 0.017566, 0.028045999999999998, 0.34876999999999997, 0.074854625, 0.015736, 0.018625, 0.15614, 0.041724, 1.0994350000000002, 0.034684, 0.022716833333333332, 0.447379, 1.054575, 0.3627185, 0.036958, 0.15021800000000002, 0.625245, 0.011452625000000001, 0.0527055, 0.025917500000000003, 1.0742, 0.6319969999999999, 0.222385125, 0.492445, 0.093973, 0.019102, 0.016909999999999998, 0.396149, 0.12367049999999999, 0.0217, 0.111177, 0.3024815, 0.30342215, 0.76284, 0.11657699999999999, 0.076752, 0.052234, 0.08004599999999999, 0.059984, 0.629429, 0.17507199999999998, 0.46792, 0.021311, 0.088475, 0.17118000000000003, 1.064, 0.032699, 0.13567, 0.042838, 0.3266695, 0.033214, 0.0843425, 0.030178, 0.0336095, 0.3143455, 0.0499415, 0.044592, 0.073847, 0.049706, 0.0663725, 0.696249625, 0.02907866666666667, 0.00854065, 0.089075, 0.062595, 0.037563, 0.0522165, 0.026088999999999998, 0.3148475, 0.0441535, 0.01584, 0.25443000000000005, 0.042584375, 0.028775, 0.1379315, 0.453745, 0.12741999999999998, 0.078439, 0.40901849999999995, 0.016322258333333332, 0.063164, 0.02281, 0.016919999999999998, 0.021033, 0.021643875, 0.062926, 0.0331645, 0.023551, 0.693285, 0.0268965, 0.0612765, 0.088476, 0.5774355, 0.034944, 0.02885, 0.0123405, 0.329625, 0.0530745, 0.58702, 0.19949500000000003, 0.72335, 0.63817, 0.1337475, 0.326378, 0.63817, 0.341395, 0.0006533, 0.2282655, 0.050612, 0.040118, 0.017648, 0.4664002, 0.024443, 1.244305, 0.3839591, 0.0206985, 0.329625, 0.030781, 0.06673799999999999, 0.072706, 0.013945500000000001, 0.10057999999999999, 0.027727500000000002, 0.016863, 0.393335, 0.13126, 0.2089, 0.1519925, 0.015722, 0.0140231, 0.55372, 0.032552, 2.0, 0.069025, 0.025141, 0.22939, 0.030404, 0.027145, 0.0909, 0.0484315, 0.04550150000000001, 0.043688, 0.021508, 0.0014862, 0.60514, 0.8627199999999999, 0.090446, 0.078022, 0.018625, 0.219934625, 0.031989000000000004, 0.025363, 0.030431, 0.802555, 0.29504810000000004, 0.49200550000000004, 0.0254325, 0.56782, 0.039141625, 0.031509999999999996, 0.010241, 1.077235, 0.023114, 0.17032, 0.6402, 0.035694625, 0.049149, 0.038214, 0.34843675, 0.02017, 0.0165685, 0.063201, 0.048731, 0.034575, 0.019786166666666667, 0.019250666666666666, 0.16807, 0.27864, 0.2328565, 0.53839275, 0.0851, 0.02749865, 0.7614, 0.022869999999999998, 0.359574, 0.10391520000000001, 0.127, 0.075023, 0.022301500000000002, 0.1336045, 0.027727500000000002, 0.22959699999999997, 0.25645, 0.016835, 0.1398945],