Component,Variance
PCA 1,96.9964396421341
PCA 2,0.05448713443828078
PCA 3,0.011801282770788216
PCA 4,3.0177686919367907e-06
