,eval,petal.length,petal.width,sepal.length,sepal.width,variety
eval,1.0,0.7692075946895864,0.7749553801453446,0.6173109327552795,-0.3578291999914326,
petal.length,0.7692075946895864,1.0,0.9628654314027973,0.8717537758865839,-0.42844010433054036,
petal.width,0.7749553801453446,0.9628654314027973,1.0,0.8179411262715756,-0.3661259325364395,
sepal.length,0.6173109327552795,0.8717537758865839,0.8179411262715756,1.0,-0.11756978413300216,
sepal.width,-0.3578291999914326,-0.42844010433054036,-0.3661259325364395,-0.11756978413300216,1.0,
variety,,,,,,
