{"errorExec": {"Process": "OK"}, "Performance": {"spearman": {"spearmanr": 0.72692200423134545, "pvalue": 2.9345481507054537e-68}, "pearson": {"pvalue": 4.1290697311091169e-84, "pearsonr": 0.77838940326140826}, "kendalltau": {"kendalltau": 0.6060288525155898, "pvalue": 1.1235602181000805e-74}, "r_score": 0.59439111459528904, "predict_values": [0.2073975, 1.985135, 0.857855, 0.029310000000000003, 0.0708608, 1.3244889999999998, 0.2052, 2.6923, 0.72831, 1.8767, 1.0413050000000001, 0.01054775, 1.6203750000000001, 0.020437999999999998, 0.39712500000000006, 0.065805, 0.048969, 0.054227, 4.1456, 0.04191983333333334, 0.1561685, 0.404306, 0.0670355, 0.181035, 0.0148345, 0.109641, 0.017826124999999998, 3.8236, 0.6227775, 1.369933, 2.648, 0.1956375, 0.041149, 2.7061, 1.7724, 0.36286, 4.5625, 0.5208119999999999, 0.74326, 1.2268, 0.9711725, 0.0075416, 1.6497, 0.043845, 0.12153150000000001, 1.61965, 0.47669500000000004, 2.7271199999999998, 0.034187499999999996, 1.6714, 0.018097, 0.66652, 3.30495, 0.9055354999999999, 0.054552500000000004, 0.011045000000000001, 0.9381700000000001, 4.3487, 0.32925950000000004, 1.3552000000000002, 0.32718499999999995, 1.35985025, 5.398, 0.01977, 4.4015, 0.0404105, 0.091677, 0.037112, 2.22717, 1.4680000000000002, 2.7025050000000004, 0.029932, 1.4497, 0.03778, 1.535, 0.342845, 0.2616325, 0.62343, 0.8686219999999999, 0.1863895, 0.73241, 1.4796, 3.2028485, 0.8608945, 1.085935, 0.01052725, 0.016520375, 0.18360749999999998, 0.026030499999999998, 0.15292, 0.5721383750000001, 0.3895615, 0.0581215, 0.091489, 0.6272, 3.9417, 0.20580500000000002, 0.3332785, 0.118095, 0.48898815, 0.4467395, 0.070859, 1.0784, 0.079948, 0.03455, 0.040390999999999996, 2.6219, 0.34922, 0.047105499999999995, 0.3499185, 0.021136000000000002, 0.048938, 1.1843, 0.02472815, 0.90459, 0.9751415, 0.032742999999999994, 3.7098655, 0.067025, 0.22821999999999998, 3.43595, 0.68169, 5.55135, 0.646881, 1.8168000000000002, 0.021787, 0.7122449999999999, 0.041149, 0.0591555, 0.030262, 0.847242, 1.84905, 0.046444, 0.0148345, 1.2348333333333334, 2.6096500000000002, 0.28588, 1.9170224999999999, 0.38348, 0.2315, 3.26335, 0.061397, 0.3819175, 1.3662, 0.716851, 0.014776, 0.8446299999999999, 2.4354, 0.7124965000000001, 0.022574999999999998, 0.5578299999999999, 0.54327, 0.0415865, 0.48988000000000004, 1.7148, 0.943801, 0.606065, 0.054552500000000004, 0.01962, 2.9092000000000002, 0.112832, 0.028767, 3.5389999999999997, 1.9930889999999999, 0.140432, 2.2452, 0.35850400000000004, 0.061272999999999994, 0.022479, 0.03111415, 0.070841, 0.048429, 3.6012500000000003, 0.026244, 0.060392999999999995, 0.27863600000000005, 0.14076, 0.11329000000000002, 1.15137315, 0.49824999999999997, 0.016734, 0.1252, 0.16995649999999998, 0.0293575, 0.2646725, 0.023084, 0.46935150000000003, 0.0435595, 0.7595755, 0.49047850000000004, 0.056153, 0.030352999999999998, 0.031639375, 1.2296838333333333, 0.04608983333333333, 0.056102, 0.59015, 0.39746, 0.0614585, 0.105781, 0.036045, 1.657825, 0.15727, 0.2951125, 0.06957, 0.16995649999999998, 1.3811, 0.46798, 3.02073, 3.98135, 1.5608, 0.17682, 0.044012, 0.31649499999999997, 0.0399835, 0.033569, 0.37190315, 0.0402695, 0.264425, 0.037772, 2.2345875000000004, 0.022512499999999998, 0.159161, 3.2069, 2.0436, 0.30462025, 2.7271199999999998, 0.016260999999999998, 2.4132, 1.1843, 0.609935, 0.032581, 0.070841, 0.028699, 0.03968, 1.157167, 0.8640635, 0.4504765, 1.4865095, 4.5388, 0.04043, 0.10677, 0.0972655, 0.047596, 2.654727, 1.2209, 1.1051643333333334, 4.319775, 1.233785, 0.019906, 0.22508000000000003, 1.4538900000000001, 0.034558, 0.0381185, 0.01100465, 0.8610114999999999, 0.023955499999999998, 0.0760535, 0.50137, 0.114444, 3.71795, 0.54204, 0.73866, 0.015261000000000002, 0.0892715, 2.7061, 1.9500035, 1.2268, 0.025277, 2.1839, 0.0061725, 0.0433765, 0.82863, 0.6611600000000001, 0.0678305, 0.71743, 0.196655, 0.027076499999999996, 0.048438999999999996, 1.387155, 0.400355, 0.162085, 3.4756, 0.1231, 1.3222, 0.5818399999999999, 3.98135, 0.0273465, 0.75373, 0.01869975, 0.01123, 0.064785, 0.062004, 1.1065, 1.9692445, 0.20580500000000002, 0.026070999999999997, 1.1693225, 2.301199, 0.021759999999999998, 1.8807925, 0.7965445, 0.26124, 0.039900000000000005, 0.6240965, 0.0345, 0.045402, 0.13412000000000002, 1.9586, 3.751945, 0.30759000000000003, 0.028361, 0.0433765, 0.019066, 0.0775105, 0.016966, 0.4595965, 2.5911999999999997, 0.017075999999999997, 2.5489, 0.042631999999999996, 0.023094499999999997, 0.084597, 1.334128, 2.0629, 1.1373, 4.1986, 2.271, 1.882906, 0.91728, 0.72035, 0.0614585, 1.3560649999999999, 0.9253049999999999, 0.023321875, 0.11756, 0.31781049999999994, 0.011974, 0.010701, 0.7832300000000001, 0.028924000000000002, 6.66605, 2.7404, 0.40617675000000003, 2.583855, 0.010879999999999999, 0.028186000000000003, 1.2239149999999999, 1.650705, 0.06878000000000001, 0.062200500000000006, 0.032428, 0.9866295, 0.6272, 0.046263, 2.14826, 7.3766, 1.3799875, 2.648, 2.4761, 0.016520375, 0.28156, 1.0730149999999998, 0.109114, 0.71159, 4.0005, 0.28341500000000003, 2.2227, 0.46061, 0.88824, 0.39323600000000003, 0.8213649999999999, 1.1118805, 0.21695, 0.0788, 1.6358270000000001, 1.2199499999999999, 1.630055, 0.17953, 1.3834143333333335, 0.02754475, 0.7884413333333333, 0.19819, 5.8413, 0.9389719999999999, 2.3941999999999997, 0.09789500000000001, 0.17636, 1.2086, 0.0018835000000000002, 0.624912, 0.030392000000000002, 0.036848799999999994, 0.0049405000000000004, 0.59937, 2.7271199999999998, 1.2615, 4.6767, 1.3174, 1.2348333333333334, 0.88823, 0.041076, 0.034551, 0.15961, 0.17048000000000002, 1.9830195, 0.090519, 3.158055],