{"errorExec": {"Process": "OK"}, "Performance": {"spearman": {"spearmanr": 0.68497914810459637, "pvalue": 8.3580356827816683e-58}, "pearson": {"pvalue": 4.8919574725598721e-75, "pearsonr": 0.75049665879777572}, "kendalltau": {"kendalltau": 0.54875390166039661, "pvalue": 1.4637514225278409e-61}, "r_score": 0.54818267305215784, "predict_values": [5.5482, 2.65555, 2.8588, 7.3461, 5.520300000000001, 3.8998500000000003, 5.85285, 2.5573, 5.1072500000000005, 2.8528, 2.39475, 2.5069999999999997, 1.9916, 6.8704, 3.4487, 2.2994, 1.5012, 9.3895, 2.1643, 2.9830499999999995, 5.872349999999999, 4.629, 1.4682499999999998, 2.5334000000000003, 6.6421, 2.4410499999999997, 1.6372, 2.85325, 1.8574, 1.7775, 1.143, 3.3255, 3.1696, 1.76695, 3.26275, 9.9925, 2.0704, 7.16955, 1.8219, 2.5218, 3.3539000000000003, 2.0347, 2.6690500000000004, 1.9542000000000002, 2.4709, 3.3494, 1.9968, 5.601, 3.3268000000000004, 2.4116, 5.67785, 1.5663, 3.6219, 4.3025, 2.5573, 2.77445, 3.152, 2.19035, 2.691, 4.2504, 2.9830499999999995, 7.601249999999999, 2.3937, 6.29535, 3.7413, 6.432, 2.0338, 2.7384, 2.40545, 2.3056, 2.7435, 2.93565, 5.5754, 2.1971, 3.8473, 2.0673, 7.33115, 2.69415, 4.7585500000000005, 3.2063, 2.9261, 2.9505999999999997, 3.82435, 2.07705, 5.1145, 4.91775, 2.8084, 4.0852, 7.1951, 2.8291, 3.9728, 4.7569, 7.0086, 6.941050000000001, 2.39505, 3.4521999999999995, 1.999, 6.1458, 1.6109, 3.47095, 4.74625, 4.0479, 2.8092, 3.3399, 2.6479, 4.65115, 2.5866, 4.1432, 1.3986, 2.1481, 3.1192, 3.8629, 2.5837, 2.6375, 2.72805, 3.6774, 7.099, 5.2837, 4.09625, 8.8417, 1.5738, 2.05695, 1.7383, 2.274, 2.2794, 1.979, 2.7674, 6.75675, 4.7629, 1.85795, 2.7341, 3.43315, 1.47335, 5.662999999999999, 1.9126, 3.0024, 2.6113, 2.25445, 4.7085, 4.5881, 9.0412, 2.8316999999999997, 3.09455, 3.13025, 2.47695, 2.4156, 7.4779, 3.2256, 1.9102, 1.7768000000000002, 1.9751500000000002, 3.5754, 1.4711, 2.1614, 4.8247, 3.6933, 2.61455, 2.93565, 3.1714, 2.6046, 2.2769000000000004, 1.6337, 7.0487, 4.4725, 4.5231, 3.6586000000000003, 4.9656, 2.6246, 5.321249999999999, 3.75415, 2.3934, 3.9010000000000002, 4.77955, 8.0715, 3.23605, 3.0619, 4.1233, 2.10275, 2.86025, 3.04235, 4.80735, 4.745, 2.7903, 4.046250000000001, 1.32125, 4.39375, 4.2477, 2.3516, 3.026, 3.7443, 5.9377, 1.6832, 1.2347, 3.2643500000000003, 4.05425, 1.47, 4.30785, 3.3392, 4.65255, 5.6197, 3.3628, 3.2546, 9.9981, 2.45745, 2.0787, 1.7675, 2.11855, 2.89115, 3.9243499999999996, 2.27875, 2.93925, 4.0154499999999995, 2.6990499999999997, 3.1361, 4.2403, 2.2216, 2.29005, 9.8983, 4.22785, 7.1441, 2.6342, 3.9098, 2.61935, 3.5006, 1.92545, 2.1271, 2.5728, 5.75705, 2.6972, 1.6992, 2.6763500000000002, 2.0872, 6.7127, 3.47835, 2.719, 5.06015, 1.6545, 3.5868, 1.7123499999999998, 3.8521, 1.6005, 2.72805, 2.62515, 3.62375, 2.88125, 1.4995, 2.9746, 4.21665, 2.0764, 5.023199999999999, 4.7085, 1.7545, 2.7895000000000003, 6.6203, 2.4784, 3.7793, 6.3383, 3.0946, 3.1639, 2.5529, 7.3741, 3.2071, 6.4686, 3.1223, 2.8114, 2.56145, 4.8352, 2.87165, 3.0374499999999998, 3.7611, 2.4424, 3.1762, 1.93685, 1.9509999999999998, 1.4444, 4.4918, 3.76985, 1.6125, 4.1736, 1.8593, 2.8734, 3.8316, 2.83805, 3.4113, 3.01595, 3.2779, 1.3625, 1.9509, 2.5117, 3.3338, 2.04305, 4.8312, 6.62335, 1.9989000000000001, 3.3336, 5.1610499999999995, 3.41555, 2.2799, 3.797, 1.7187, 2.0953, 1.3781, 2.9015, 3.0486, 4.0600000000000005, 5.6574, 1.4682499999999998, 3.4396, 4.275, 3.03985, 2.26785, 3.45255, 5.0688, 9.7953, 3.7413, 1.47, 1.7641, 3.5813499999999996, 3.1955999999999998, 5.682650000000001, 9.27, 6.127549999999999, 3.5122999999999998, 3.1221, 2.16565, 1.9652500000000002, 4.49635, 4.312, 2.19535, 1.7641, 2.98605, 1.6663, 9.42025, 2.3482, 5.37855, 1.9307, 5.8304, 4.5729, 6.73635, 2.37865, 2.2662, 1.9803, 3.7123, 3.1922, 3.2013, 3.1632, 5.66115, 2.3462, 3.2822500000000003, 2.3971999999999998, 7.6313, 3.5214, 2.7574, 2.4387499999999998, 5.1987, 3.3502, 3.57905, 3.11965, 6.568, 9.42025, 3.91665, 4.13555, 9.31715, 3.57995, 2.8591, 2.9678, 2.9098, 3.86815, 3.2596499999999997, 2.72805, 5.882, 6.2784, 3.3217499999999998, 6.5866, 4.0812, 3.7132499999999995, 4.2352, 2.93925, 6.35275, 4.9412, 2.4721, 6.29535, 3.4451, 2.24285, 1.2308, 2.8478999999999997, 4.1059, 4.4198, 2.726, 2.2681, 2.9019, 5.994, 2.4539999999999997, 3.1639, 3.4551, 2.4209, 2.2390999999999996, 4.1811, 4.84005, 3.3438, 2.2763999999999998, 2.2390999999999996, 2.6323, 2.4355, 3.0027, 5.0011, 3.9168, 2.8694],