{"errorExec": {"Process": "OK"}, "Performance": {"spearman": {"spearmanr": 0.71161571271585544, "pvalue": 3.16109786716257e-64}, "pearson": {"pvalue": 2.6258140470107458e-69, "pearsonr": 0.73073784964394628}, "kendalltau": {"kendalltau": 0.58695914044925357, "pvalue": 3.6368877575176756e-70}, "r_score": 0.51161658770651353, "predict_values": [101.36005, 199.56, 2.6333, 4.3247, 42.75435, 1.87375, 3.12125, 6.0153, 80.206, 1.9541, 3.9358, 19.999000000000002, 4.3761, 66.96115, 199.99, 2.0987, 199.91500000000002, 101.12665, 6.1906, 2.3581, 112.509, 199.96, 22.077600000000004, 11.172, 4.594799999999999, 16.51795, 65.17185, 2.16175, 8.8432, 9.614349999999998, 43.2928, 2.84945, 2.4392, 23.6935, 5.52225, 122.85900000000001, 8.5825, 6.8211, 141.65, 81.97, 11.550450000000001, 9.620199999999999, 5.1766000000000005, 6.5406, 9.0658, 10.404699999999998, 200.0, 4.919, 4.69615, 4.8709, 127.583, 13.844000000000001, 4.99895, 10.1876, 8.2101, 5.552, 3.3974, 7.3902, 107.417, 100.84125, 3.6222, 1.3025, 21.959, 7.5835, 3.4864, 1.3874, 104.11580000000001, 2.489, 99.76125, 17.8164, 6.49745, 8.45875, 199.9, 8.0784, 3.7739, 20.5749, 25.561, 6.6964, 7.37795, 93.0274, 7.9747, 96.43029999999999, 2.09675, 16.88805, 172.42, 1.9122, 9.322000000000001, 1.8839000000000001, 1.7532, 53.67850000000001, 9.423350000000001, 101.0559, 99.8519, 1.6959, 8.79595, 104.90535, 7.7546, 100.84635, 6.183350000000001, 4.7362, 5.858999999999999, 36.39095, 3.3974, 4.2751, 68.5624, 1.8361, 2.32045, 1.61185, 103.04885, 8.2078, 3.58995, 1.8204500000000001, 9.3826, 198.83, 2.891, 14.994000000000002, 102.22955, 2.0051, 97.7927, 6.883100000000001, 13.925999999999998, 199.365, 73.20100000000001, 7.082999999999999, 6.8195, 7.1809, 2.6768, 77.14065000000001, 9.93845, 78.6272, 4.1339, 2.1519, 1.8223500000000001, 4.0428500000000005, 19.1943125, 8.28125, 11.8322, 6.8463, 4.0753, 10.41225, 96.43029999999999, 2.68055, 100.6733, 1.90455, 200.0, 8.07915, 69.795, 199.9, 102.6044, 7.92635, 6.6523, 102.8753, 10.1978, 14.695350000000001, 5.0481, 7.154999999999999, 153.66, 7.1733, 5.361, 8.53455, 4.85205, 7.358, 7.0571, 4.26625, 4.11475, 6.4075, 6.183949999999999, 1.7975, 8.5543, 11.259, 5.3908000000000005, 2.0456, 1.4633, 6.6015999999999995, 6.699999999999999, 3.9996, 1.62455, 104.24125000000001, 4.2913, 3.95055, 4.36395, 1.9457999999999998, 4.80165, 60.032300000000006, 104.7791, 102.91770000000001, 1.8745, 4.1438, 8.5655, 3.3193, 9.93845, 8.16, 45.674, 6.1428, 73.676, 1.3005, 8.8508, 4.7391, 3.9141, 106.44749999999999, 1.9317, 6.81945, 1.83465, 7.63445, 7.7533, 30.9243, 4.1476, 3.0458, 1.4506, 8.7771, 78.8751, 10.88, 2.8164, 4.700950000000001, 2.1867, 8.8037, 11.67165, 100.71449999999999, 118.18, 3.34135, 2.0678, 1.9971, 6.98135, 69.759, 155.55, 3.1117, 67.449, 100.65270000000001, 5.7242, 69.44095, 7.553, 4.20605, 1.4749, 101.2733, 3.80585, 103.50880000000001, 10.71555, 8.3348, 92.86715000000001, 6.9914, 19.570999999999998, 11.164000000000001, 100.95565, 7.4664, 8.2345, 30.848000000000003, 3.94365, 80.7085, 11.7376, 104.47605, 100.9447, 11.885550000000002, 2.9655, 97.28345, 9.49465, 4.1578, 7.1874, 3.1432, 2.9873000000000003, 3.7166, 2.8911499999999997, 5.11875, 2.5456, 9.6763, 9.3268, 8.959249999999999, 8.1069, 13.26505, 2.3539, 1.89065, 2.43525, 199.96, 3.27485, 103.50415000000001, 195.56, 1.4867, 4.7623, 8.2895, 12.8338, 2.1534, 6.1415, 9.5227, 11.167, 103.9111, 2.1436, 4.8634, 1.45695, 5.8548, 6.0137, 2.4617, 2.95535, 152.36, 7.8922, 157.76, 10.215, 3.10285, 12.639199999999999, 43.47200000000001, 4.3209, 145.265, 4.2053, 103.50165000000001, 2.3918, 40.4655, 85.33368750000001, 29.037, 35.114000000000004, 1.8389, 1.5015, 7.0908, 6.02685, 7.69945, 200.0, 7.0187, 105.2975, 6.40645, 4.48965, 3.4124, 5.20775, 4.9541, 1.8902, 105.025, 3.4732000000000003, 160.36, 5.922499999999999, 5.635199999999999, 1.3481, 5.3907, 101.272, 5.1545, 117.557, 199.265, 81.97, 7.1572, 1.51, 9.2963, 2.69315, 2.6056999999999997, 4.0418, 20.562, 8.94415, 8.097000000000001, 4.73025, 4.88185, 2.4921, 9.8707, 13.600999999999999, 102.85600000000001, 2.3173, 4.47015, 3.34135, 3.6264, 6.2875499999999995, 6.1665, 2.4921, 3.5301, 5.603, 101.1748, 43.1442, 99.8519, 1.7781, 44.13125, 97.79839999999999, 3.5076, 6.5695, 6.9313, 101.14435, 196.97, 104.984, 19.407, 1.4154, 5.6713499999999994, 5.11125, 1.4643, 37.79595, 27.190500000000004, 4.7387, 10.841700000000001, 49.60165000000001, 2.3902, 2.6639999999999997, 3.3052, 6.5565, 199.21, 16.993, 64.67665, 3.7494, 195.61, 3.7790500000000002, 13.16505, 5.7703, 1.7518, 5.4228, 2.7687, 118.98, 8.24695, 199.62, 41.14365, 2.7839, 19.1943125, 31.695, 2.4847, 8.54505, 6.8086, 43.1444, 7.18005, 113.799, 8.8817],