{"errorExec": {"Process": "OK"}, "Performance": {"spearman": {"spearmanr": 0.7840905777076631, "pvalue": 1.0777163423300399e-156}, "pearson": {"pvalue": 8.399233845711114e-229, "pearsonr": 0.8678246978836816}, "kendalltau": {"kendalltau": 0.7205747678717032, "pvalue": 3.63280865054851e-191}, "r_score": 0.7531197062569032, "predict_values": [1.0, 1.0, 1.0, 1.0, 0.0, 0.5, 1.0, 0.0, 1.0, 1.0, 0.0, 0.0, 1.0, 0.0, 1.0, 1.0, 1.0, 1.0, 1.0, 1.0, 1.0, 0.0, 1.0, 1.0, 0.0, 0.0, 0.0, 1.0, 1.0, 0.0, 0.0, 1.0, 1.0, 1.0, 0.0, 1.0, 1.0, 1.0, 1.0, 1.0, 1.0, 0.5, 0.5, 0.5, 1.0, 0.5, 0.0, 0.0, 0.0, 0.0, 0.5, 0.5, 0.5, 0.0, 1.0, 1.0, 1.0, 1.0, 0.0, 0.0, 0.0, 1.0, 0.0, 1.0, 1.0, 0.0, 0.6666666666666666, 0.0, 0.0, 0.0, 0.16666666666666666, 0.16666666666666666, 1.0, 0.42857142857142855, 0.42857142857142855, 0.42857142857142855, 0.16666666666666666, 0.42857142857142855, 0.42857142857142855, 0.42857142857142855, 1.0, 0.16666666666666666, 0.16666666666666666, 0.16666666666666666, 0.6666666666666666, 0.6666666666666666, 0.3333333333333333, 0.3333333333333333, 0.3333333333333333, 1.0, 0.3333333333333333, 0.3333333333333333, 0.3333333333333333, 0.3333333333333333, 0.0, 0.0, 0.0, 1.0, 1.0, 1.0, 1.0, 1.0, 0.0, 0.0, 0.0, 0.0, 0.0, 0.0, 0.0, 0.0, 0.5, 0.0, 0.5, 1.0, 0.0, 0.0, 1.0, 0.0, 0.0, 1.0, 1.0, 1.0, 1.0, 1.0, 0.0, 0.0, 1.0, 0.0, 1.0, 0.5, 0.0, 0.0, 0.5, 0.3333333333333333, 0.0, 0.0, 0.0, 0.0, 0.0, 0.42857142857142855, 0.0, 0.0, 0.3333333333333333, 0.3333333333333333, 0.5, 0.3333333333333333, 0.0, 0.42857142857142855, 0.42857142857142855, 0.42857142857142855, 1.0, 0.0, 0.0, 0.18181818181818182, 0.18181818181818182, 0.18181818181818182, 0.18181818181818182, 0.18181818181818182, 0.18181818181818182, 0.18181818181818182, 0.18181818181818182, 0.18181818181818182, 0.18181818181818182, 0.18181818181818182, 0.18181818181818182, 0.18181818181818182, 0.18181818181818182, 0.18181818181818182, 0.18181818181818182, 0.18181818181818182, 0.18181818181818182, 0.18181818181818182, 0.18181818181818182, 0.18181818181818182, 0.18181818181818182, 0.0, 1.0, 1.0, 1.0, 0.0, 0.5, 0.0, 0.0, 0.0, 0.0, 0.0, 0.0, 0.5, 0.0, 1.0, 0.0, 0.0, 0.0, 0.0, 0.0, 1.0, 1.0, 0.0, 0.0, 0.0, 0.0, 0.0, 1.0, 0.0, 0.0, 0.0, 0.0, 0.0, 0.0, 0.0, 0.22857142857142856, 0.22857142857142856, 0.22857142857142856, 0.22857142857142856, 0.22857142857142856, 0.22857142857142856, 0.22857142857142856, 0.22857142857142856, 0.22857142857142856, 0.22857142857142856, 0.22857142857142856, 0.22857142857142856, 0.22857142857142856, 0.22857142857142856, 0.22857142857142856, 0.22857142857142856, 0.22857142857142856, 0.0, 0.22857142857142856, 0.22857142857142856, 0.22857142857142856, 0.22857142857142856, 0.22857142857142856, 0.0, 0.0, 0.0, 0.0, 0.0, 0.0, 0.0, 1.0, 0.0, 1.0, 1.0, 0.0, 0.0, 0.0, 0.0, 0.0, 0.0, 0.0, 0.0, 1.0, 1.0, 0.0, 0.0, 0.0, 0.0, 0.0, 0.0, 0.0, 1.0, 0.0, 1.0, 0.0, 1.0, 0.0, 0.0, 0.0, 0.0, 0.0, 0.0, 0.0, 0.0, 0.0, 0.0, 0.0, 0.0, 0.0, 0.0, 0.0, 1.0, 0.0, 0.0, 0.0, 0.0, 0.0, 1.0, 0.5, 1.0, 1.0, 0.0, 0.0, 0.0, 0.0, 0.0, 0.5, 0.1111111111111111, 0.1111111111111111, 0.1111111111111111, 0.1111111111111111, 0.1111111111111111, 0.1111111111111111, 0.0, 0.0, 1.0, 0.0, 0.0, 0.0, 0.0, 0.0, 0.0, 0.0, 0.0, 0.0, 0.0, 0.0, 0.0, 1.0, 0.0, 0.0, 1.0, 0.0, 0.5, 0.0, 0.0, 0.0, 0.0, 1.0, 0.0, 0.0, 0.5, 0.5, 1.0, 0.0, 0.5, 0.0, 0.0, 0.14285714285714285, 0.0, 0.0, 0.0, 0.0, 0.14285714285714285, 0.14285714285714285, 0.14285714285714285, 0.14285714285714285, 0.14285714285714285, 0.14285714285714285, 0.14285714285714285, 0.14285714285714285, 0.0, 0.0, 0.0, 0.0, 0.0, 0.0, 0.0, 0.0, 0.0, 0.0, 0.0, 0.0, 0.0, 0.0, 1.0, 0.0, 0.0, 0.0, 1.0, 1.0, 0.0, 0.0, 0.0, 0.0, 1.0, 0.0, 0.0, 0.0, 0.0, 0.0, 0.0, 0.0, 0.0, 0.0, 0.0, 0.0, 0.0, 0.0, 0.0, 0.0, 0.0, 0.0, 0.0, 0.0, 0.0, 0.5, 0.5, 0.0, 0.5, 0.0, 0.0, 0.0, 0.0, 0.0, 0.0, 0.0, 0.0, 0.0, 0.0, 0.0, 0.0, 0.0, 0.0, 0.0, 0.0, 0.0, 0.0, 0.0, 0.0, 0.0, 0.0, 0.0, 0.0, 0.0, 0.0, 0.0, 0.0, 0.0, 0.0, 0.0, 0.0, 1.0, 0.0, 0.5, 0.0, 0.0, 0.0, 0.0, 0.0, 0.0, 0.0, 0.0, 0.0, 0.0, 0.0, 0.0, 0.0, 0.0, 0.0, 0.0, 0.0, 0.0, 0.0625, 0.0625, 0.0625, 0.0625, 0.0625, 0.0625, 0.0625, 0.0625, 0.0625, 0.0625, 0.0625, 0.0625, 0.0, 0.0, 0.0, 1.0, 0.0, 0.0, 0.0, 0.0, 0.0, 0.0, 1.0, 0.0, 0.0625, 0.0625, 0.0625, 0.0625, 0.0625, 0.0625, 0.0625, 0.0625, 0.0, 0.0, 0.0, 0.0, 0.0, 0.0, 0.0, 0.0, 0.0, 0.0, 0.0, 0.0, 0.0, 0.0, 0.0, 1.0, 1.0, 1.0, 0.0, 1.0, 1.0, 1.0, 0.0, 1.0, 1.0, 0.5, 0.0, 0.0, 0.0, 1.0, 0.0, 1.0, 1.0, 1.0, 1.0, 1.0, 1.0, 1.0, 1.0, 0.5, 0.0, 0.5, 0.0, 0.0, 0.5, 1.0, 0.6666666666666666, 0.0, 0.6666666666666666, 0.5, 1.0, 1.0, 0.5, 1.0, 0.42857142857142855, 0.6666666666666666, 0.0, 1.0, 0.3333333333333333, 0.0, 0.3333333333333333, 0.0, 0.0, 1.0, 1.0, 0.0, 1.0, 1.0, 0.0, 0.0, 0.0, 0.0, 0.0, 0.0, 0.0, 1.0, 0.0, 1.0, 0.0, 0.0, 0.0, 0.3333333333333333, 0.0, 0.3333333333333333, 0.0, 0.0, 0.5, 0.42857142857142855, 0.42857142857142855, 0.42857142857142855, 1.0, 1.0, 0.0, 0.0, 0.0, 0.18181818181818182, 0.18181818181818182, 0.18181818181818182, 0.18181818181818182, 0.18181818181818182, 0.18181818181818182, 0.18181818181818182, 0.18181818181818182, 0.18181818181818182, 0.18181818181818182, 0.18181818181818182, 0.0, 0.0, 1.0, 0.0, 0.0, 1.0, 0.0, 0.0, 0.0, 0.0, 0.0, 0.0, 0.0, 0.0, 0.0, 0.0, 0.0, 0.22857142857142856, 0.22857142857142856, 0.22857142857142856, 0.22857142857142856, 0.22857142857142856, 0.22857142857142856, 0.22857142857142856, 0.22857142857142856, 0.22857142857142856, 0.22857142857142856, 0.22857142857142856, 0.22857142857142856, 0.0, 0.22857142857142856, 1.0, 0.0, 1.0, 0.0, 0.0, 0.0, 0.0, 0.0, 0.0, 0.0, 0.0, 0.0, 0.0, 0.0, 0.0, 0.0, 0.0, 1.0, 1.0, 0.0, 0.0, 0.0, 0.1111111111111111, 0.1111111111111111, 0.1111111111111111, 0.0, 0.0, 0.0, 0.0, 0.0, 0.0, 0.0, 0.0, 0.0, 0.0, 0.5, 0.0, 0.0, 0.0, 0.0, 0.5, 0.0, 0.14285714285714285, 0.14285714285714285, 0.14285714285714285, 0.14285714285714285, 0.14285714285714285, 1.0, 0.0, 0.0, 0.0, 0.0, 0.0, 0.0, 0.0, 0.0, 0.0, 0.0, 1.0, 0.0, 0.0, 0.0, 0.0, 0.0, 0.0, 0.0, 0.0, 0.0, 0.0, 0.0, 0.0, 0.0, 0.0, 1.0, 0.0, 0.0, 0.0, 0.5, 0.0, 0.0, 0.0, 0.0, 0.0, 0.0, 0.0, 0.0, 1.0, 0.0, 0.0, 0.0, 0.5, 0.0, 0.0, 0.0, 0.0, 0.0, 0.0, 0.0, 0.0, 0.0, 0.0, 0.0, 0.0625, 0.0625, 0.0, 0.0625, 0.0625, 0.0, 0.0, 0.0, 0.0625, 0.0625, 0.0625, 0.0625, 0.0625, 0.0625, 0.0625, 0.0, 0.0625, 0.0, 0.0, 0.0, 0.0, 0.0, 0.0, 0.0],