{"errorExec": {"Process": "OK"}, "Performance": {"spearman": {"spearmanr": 0.72453459226009098, "pvalue": 1.3013834375847075e-67}, "pearson": {"pvalue": 1.4158201106172233e-234, "pearsonr": 0.96353928480791506}, "kendalltau": {"kendalltau": 0.57593313022833936, "pvalue": 1.2679001860773472e-67}, "r_score": 0.8467295790911088, "predict_values": [0.038482520578571294, 0.033840223249508854, 0.09722376393809484, 0.0477446601708339, 0.06001683727380942, 0.04922227111249879, 0.07566074808869076, 0.05276441100257873, 0.1314370362998037, 0.03763654126166756, 0.025853792046507503, 0.06719633518710211, 0.0575309938361121, 0.08500993210384315, 0.04216887514356393, 0.08271143233571328, 0.10303466396190487, 0.05979971034978216, 0.021729345526786206, 0.04722670000964214, 0.12389514492961964, 0.026643734419444322, 0.04766590041428641, 0.08529777677916478, 0.05280489970329304, 0.3985427092249903, 0.14185729375655132, 0.022545327905317145, 0.04103309606353159, 0.10814406593333448, 0.07246584966916542, 0.06904782410476268, 0.04199136358382061, 0.07609117897876987, 0.024996712865007722, 0.059914023672142214, 0.03335529537932937, 0.02869292457654436, 0.14229919229666735, 0.144695394120833, 0.05804940851051544, 0.06448253169166628, 0.039404002056151015, 0.0875995475476172, 0.1662086514814305, 0.12937689003571579, 0.09761275873591051, 0.0372608933137696, 0.1560540825021695, 0.05997896274940586, 0.033724635718650364, 0.036126325359523676, 0.03171502802484039, 0.0804473946452404, 0.04140390427765846, 0.13946496551666954, 0.05370375691583386, 0.04379389791947068, 0.04873151790473405, 0.18967528290678376, 0.027595195703372828, 0.05703746389662594, 0.05183576272429095, 0.03721112932987014, 0.020406572184561725, 0.03523760197454845, 0.1897972102869046, 0.12926612708523377, 0.025602547693765795, 0.028496194502831636, 0.10114530499452196, 0.13596104166904444, 0.04374961763928565, 0.046618340497022556, 0.05950941995452298, 0.09807484346725995, 0.037547171413928514, 0.0435515255169651, 0.03292011373104583, 0.04587449802353903, 0.08739904034099834, 0.058452502391849646, 0.03514563610269913, 0.06204258876309624, 0.13068750253114758, 0.7696791644018964, 0.16064414017003878, 0.06985117880487011, 0.048111314861905244, 0.026928088569960536, 0.03752023664047493, 0.026384825904762568, 0.10332372377618704, 0.04150077789333311, 0.12981198727071075, 0.030873205156150683, 0.05127994892040512, 0.17825652810684853, 0.05678074991825313, 0.07619487268611135, 0.08903161087500132, 0.07819815245912677, 0.03211673519410202, 1.004696763959905, 0.13220966085833571, 0.04543688087499993, 0.027472454594047895, 0.03549172195134895, 0.1645834679375032, 0.06696318937305276, 0.05836338803214288, 0.02932863754472988, 0.030045859545843618, 0.07143465873392779, 0.06457924628868933, 0.043580169052181844, 0.10688965327619271, 0.08249925980107033, 0.05281825490555575, 0.017534355218809587, 0.07733654950079348, 0.0533954641297601, 0.1480404847886023, 0.050833037409127, 0.04078475506480145, 0.08643366461428657, 0.042588645195634336, 0.08129297398787644, 0.044723113579548814, 0.07111951535714377, 0.10189984550595524, 0.027400347841389002, 0.07073946962618927, 0.06816079262499895, 0.03526136817182623, 0.21352207404372775, 0.04273418918015859, 0.2354044624084666, 0.06648290087440484, 0.035363074719145016, 0.04036347568151776, 0.08397450187261753, 0.2578599697750081, 0.03207974209039698, 0.05359735238701323, 0.07779836651388787, 0.03541235617270945, 0.14458040910666858, 0.06628847229446343, 0.4237225234339206, 0.11939346708333215, 0.02690952770519315, 0.18057682534643255, 0.03451249183829405, 0.027063642855475772, 0.048740709371053945, 0.02169007460906724, 0.12847937172333318, 0.10897949162083458, 0.09903193511758837, 0.15822642460119066, 0.06900052626666715, 0.0221792774899024, 0.05280640317312816, 0.09981679020000139, 0.019899168219999937, 0.05822492700952361, 1.3588071107388746, 0.059723723945236666, 0.22948317475701932, 0.07644506669392732, 0.0871012053021649, 0.049268126158334404, 0.04842362329386826, 1.2119086159605201, 0.031168522924999657, 0.031836056248211106, 0.026784109023095727, 0.07816722866756377, 0.04690188806547497, 0.08551454311190416, 0.059530125173808485, 0.04050394812162742, 0.04160106209464311, 0.03394511919856039, 0.04790320670160546, 0.05945713303511966, 0.14329591464999966, 0.03835780376115027, 0.02877605244567488, 0.2105524383446451, 0.09763102894166731, 0.17226350179881225, 0.10550618860356954, 0.16140951013333651, 0.1256502777964314, 0.16411893620416626, 0.032959130541071725, 0.043416099737896154, 0.051001084538093676, 0.019241146657956537, 0.31374909481952723, 0.4257112029750167, 0.02425181721634898, 0.038842716541071076, 0.0562362984757927, 0.05622249541109141, 0.10536964264285696, 0.055576484612697055, 0.05473945305218309, 0.04181951646383668, 0.04898900723015757, 0.06359564432261765, 0.027452102503174303, 0.15532742035714175, 0.11529625021666898, 0.0561337030178558, 0.06809508267619131, 0.027475443407499543, 0.05612854840376966, 0.0332187227488092, 0.09049835869462322, 0.09913895209166869, 0.05063022077186407, 0.03630726480441575, 0.08278457317716416, 0.05858056624789991, 0.293109601484524, 0.11937744726934772, 0.09268410257738238, 0.027862640895436677, 0.10046262605396843, 0.06351223139881067, 0.17843078472083873, 0.03783409133309545, 0.04814300971309427, 0.08831297830238269, 0.09602729331436383, 0.052282821958542974, 0.034932704717261315, 0.14017032583333527, 0.1646469694500049, 0.09034288835230059, 0.11843211190000226, 0.08594671839285772, 0.14312255786388955, 0.12331831885714128, 0.042263527267262124, 0.03688726354573372, 0.5110965981845171, 0.042033035454077224, 0.05195103571190527, 0.1792537393529771, 0.07290467570597682, 0.06733065365443812, 0.03928328084285729, 0.1334665567585114, 0.10789596283333572, 0.048965912124999185, 0.11503573417539531, 0.07136676365797688, 0.05429337080000022, 0.025246880773015835, 1.06727695223831, 0.10422587590118772, 0.060177645660437075, 0.05964239727896766, 0.130276505791867, 1.3782167302333086, 0.041815793030952106, 0.302165022924995, 0.03354554510039712, 0.04586910003666999, 0.04060155736726148, 0.04989497066321535, 0.06874906279166675, 0.3903390611972513, 0.3662931469940393, 0.0671723494595222, 0.04609850361546033, 0.024581972952897116, 0.023082481241249824, 0.09842650558285691, 1.0253745312282152, 0.021264672962781846, 0.03542270223098915, 0.02102257295244211, 0.14261990402738123, 0.0731242945583357, 0.13452636904999843, 0.11633054434881168, 0.04523515001726167, 0.17324641172868627, 0.05928861807178513, 0.027876699734144614, 0.040933312493055124, 0.07513964555595204, 0.4924646101146918, 0.054074125518831596, 0.04455505232162614, 0.0437267383984759, 0.07069851767968353, 0.03810753691250081, 0.033042494572143255, 0.0704615111041667, 0.11245143025178367, 0.10763740145952258, 0.2754143793166672, 0.03370486033119003, 0.017558722983549928, 0.052441674378016626, 0.028943480088084637, 0.07586761409801646, 0.09441445430972062, 0.4042807956882121, 0.07771795739059642, 0.19437040703678088, 0.3210697086761838, 0.0877657229161903, 0.31983599794063383, 0.05458483315216586, 0.024560878399801752, 0.24084363848215562, 0.09379230126523468, 0.025825354599865884, 0.0506100283232141, 0.06306260985015788, 0.050857050699007665, 0.07513370817615025, 0.03822429507928634, 0.11262956842838946, 0.1256363946154748, 0.03595306880678598, 0.03176414052506447, 0.5671428545750025, 0.0436053073837301, 0.03362626775492135, 0.10859864994166875, 0.3212153955666671, 0.08062103471821415, 0.01760066503097575, 0.06827153689166503, 0.05475004684940368, 0.028963442909008458, 0.0375626190827634, 0.24876099229992407, 0.12641514265714132, 0.022266857596583894, 0.1323778809304153, 0.055879860923810254, 0.09895425741666403, 0.2905363816745248, 0.035857858473340734, 0.045978963950832986, 0.5458985168833382, 0.0334541166119919, 0.16032327372809693, 0.10567896465476358, 0.082574043519139, 0.053136531468343344, 0.15251234135952466, 0.025303397580252848, 0.12088474109762148, 0.05330455002281597, 