,sepal.length,sepal.width,petal.length,petal.width
sepal.length,1.0,-0.11756978413300205,0.8717537758865828,0.8179411262715759
sepal.width,-0.11756978413300205,1.0,-0.42844010433054003,-0.3661259325364395
petal.length,0.8717537758865828,-0.42844010433054003,1.0,0.9628654314027955
petal.width,0.8179411262715759,-0.3661259325364395,0.9628654314027955,1.0
