{"errorExec": {"Process": "OK"}, "Performance": {"spearman": {"spearmanr": 0.78755239420055911, "pvalue": 2.1934964843730568e-87}, "pearson": {"pvalue": 9.6377611525988155e-76, "pearsonr": 0.75280799045307412}, "kendalltau": {"kendalltau": 0.64643106721459453, "pvalue": 1.0510781621533651e-84}, "r_score": 0.56409317692798466, "predict_values": [0.279935, 1.195335, 0.028776, 0.029310000000000003, 0.70914, 1.3940949999999999, 0.25292499999999996, 2.6923, 0.72831, 1.8767, 1.1603, 0.010558, 2.6312, 0.020437999999999998, 0.33413000000000004, 0.0794555, 0.048969, 0.20562, 3.2216, 0.431395, 0.6190960000000001, 0.045242000000000004, 0.099521, 1.6273, 0.023634999999999996, 0.0175145, 0.0177362, 2.8182, 1.326146, 0.033766000000000004, 2.648, 0.04224733333333333, 1.7968, 1.370376, 0.897742, 0.10228999999999999, 3.229046, 1.0372, 0.054505, 0.0406465, 1.8688, 0.0075416, 1.6497, 0.043845, 0.087023, 0.33808, 1.3382, 0.08336925, 0.1113775, 1.6714, 0.018097, 0.19574, 2.24865, 0.038671, 0.692681, 0.0383035, 0.9381700000000001, 0.12101, 1.450173, 2.4761, 0.6198199999999999, 0.027112, 5.398, 0.01893, 4.4015, 0.12486750000000002, 0.091677, 0.037112, 3.8725, 0.996125, 0.04387200000000001, 0.22896, 3.93785, 0.08149, 0.7894059999999999, 2.3014075000000003, 0.031585, 1.125665, 0.8685094999999999, 0.80243, 0.3997175, 0.5635095, 3.7253999999999996, 0.050388999999999996, 0.7172855, 0.12109925, 2.883415, 0.33116999999999996, 0.032995, 0.0840905, 0.8326100000000001, 0.8789549999999999, 0.07283300000000001, 0.6591444999999999, 0.022645000000000002, 0.17769625, 0.27116, 0.052769, 0.12349500000000001, 1.9696500000000001, 0.1812045, 0.01795175, 1.47755, 1.364706, 0.09591, 0.03477, 1.606155, 0.34922, 0.6606259999999999, 0.351935, 0.018935, 1.736, 0.6228484999999999, 0.03238, 0.62232, 0.375235, 1.387526, 0.029131, 0.067025, 0.12930599999999998, 0.742895, 4.029145, 3.228196, 0.0709465, 1.0117, 0.0314315, 0.166725, 0.031729999999999994, 0.0192465, 0.056957999999999995, 1.0258505, 1.36695, 0.046444, 0.17320533333333332, 1.24985, 2.5132, 0.28588, 0.1932935, 0.025348, 0.2315, 0.0180695, 0.0391815, 1.370152, 1.1428800000000001, 0.8429300000000001, 0.014776, 0.565255, 1.22078625, 1.4086, 0.0226, 0.04453, 0.280281, 0.045465500000000006, 0.18070950000000002, 1.22673, 0.25793, 0.99518, 0.1089915, 0.01962, 0.017846, 0.08788499999999999, 1.94945, 0.6120804999999999, 0.044478, 0.022878500000000003, 1.1556225, 0.0641915, 0.09324299999999999, 0.041938, 0.0527605, 1.3226, 0.073975, 0.13412000000000002, 0.0219415, 1.7048965, 1.62246, 1.00873, 0.0901575, 2.2976, 0.26409, 0.016734, 0.154445, 0.30065, 0.037819, 1.4411500000000002, 0.01893, 0.016393, 0.181655, 0.0421405, 0.4932925, 0.6030435, 0.054231249999999995, 0.0409745, 0.7275395, 0.046012, 0.056102, 1.2014749999999998, 0.580095, 0.04858, 0.1185805, 0.051535, 0.019587, 0.176505, 2.05939, 0.20939500000000003, 0.039263, 1.39485, 1.9598499999999999, 1.0013, 0.060136, 0.9146620000000001, 0.17682, 0.043972000000000004, 0.39002, 0.046072333333333326, 0.032588, 0.06963315, 0.028526, 0.24297, 0.119476, 6.5321, 0.022568249999999998, 1.379123, 0.7894059999999999, 2.0436, 2.29635, 2.6562639999999997, 0.015788, 1.2298395, 0.14524, 0.9223100000000001, 0.15058, 0.043040833333333334, 0.02275475, 0.053048000000000005, 0.288495, 0.056727, 1.5726, 2.8825, 4.5388, 0.04043, 0.106745, 0.205385, 0.962148, 0.077255, 1.2209, 0.0350005, 0.70545, 1.0699, 0.044233, 0.22508000000000003, 0.0176735, 0.01994, 2.2902435, 0.01151775, 0.072323, 0.014328, 0.082537, 0.03426925, 0.253345, 0.0453, 0.33808, 0.9494800000000001, 0.06427550000000001, 0.018933000000000002, 0.10672000000000001, 0.48638000000000003, 1.2268, 0.0231725, 1.1287225, 0.0061725, 3.806015, 0.82863, 0.35051050000000006, 1.8935295, 0.29756, 0.022831, 0.018610500000000002, 0.048438999999999996, 0.370495, 0.95292, 0.121395, 4.0072, 0.1231, 0.68375, 0.5818399999999999, 2.20965, 0.022823000000000003, 2.715215, 0.0419775, 0.01123, 0.064785, 0.0645125, 0.570576, 2.5654, 0.14045, 3.2790855, 0.06793300000000001, 0.037132, 0.02218, 3.6968, 0.6195945, 0.674735, 0.53882, 0.6240965, 0.15838000000000002, 0.332611, 0.13412000000000002, 2.6973, 1.2268, 0.30759000000000003, 1.024765, 0.3933, 0.051944500000000005, 0.020841, 0.019376499999999998, 0.8377100000000001, 1.7019205, 0.017075999999999997, 1.0420150000000001, 0.03255058333333333, 0.0185, 0.084597, 1.231915, 1.08481, 1.1373, 2.3800885, 2.271, 3.93785, 1.8128, 0.5205395, 0.40139800000000003, 0.0204505, 0.8777799999999999, 0.0177362, 0.11756, 0.064551, 0.0174605, 0.1709355, 0.95292, 0.624312, 4.0052535, 2.68115, 0.4182705, 2.636095, 0.01078925, 0.026019, 1.6032, 0.65341, 2.5408225, 0.026264, 0.7022115, 1.9024, 1.36695, 0.09261599999999999, 0.8209200000000001, 7.3766, 1.2404374999999999, 0.043467, 1.260016, 0.010193483333333333, 0.28156, 0.0105238, 0.060958000000000005, 0.45472, 0.064331, 0.0748065, 2.9774, 0.027119499999999998, 1.2866, 0.0353305, 0.8328595, 0.039861, 0.21695, 0.453715, 0.124222, 1.22, 0.63821, 0.064015, 0.026218, 0.0374255, 1.767365, 0.790235, 2.9588535, 0.01728, 0.039808500000000004, 0.09789500000000001, 0.17636, 3.281246, 0.036860000000000004, 0.029924, 0.030392000000000002, 0.039831, 0.015579250000000001, 1.606155, 1.039035, 0.0270195, 4.6767, 1.3174, 1.2949, 1.592915, 0.024308800000000002, 0.03199, 0.100343, 1.940245, 0.65093, 0.090519, 5.5878],