{"errorExec": {"Process": "OK"}, "Performance": {"spearman": {"spearmanr": 0.8916531653165316, "pvalue": 1.679344607506298e-35}, "pearson": {"pvalue": 3.8978997322247876e-30, "pearsonr": 0.8581778956144217}, "kendalltau": {"kendalltau": 0.7535353535353541, "pvalue": 1.1421868668649285e-28}, "r_score": 0.7364693005211974, "predict_values": [-0.30569991923954465, -0.19848764402888097, -0.09127536881821463, 0.015936906392449934, 0.1231491816031145, 0.23036145681377906, 0.3375737320244445, 0.4447860072351082, 0.5519982824457736, 0.6592105576564382, 0.7664228328671037, 0.8736244940519082, 0.9808261552367128, 1.0880278164215178, 1.1952294776063228, 1.3025372790497265, 1.409738940234532, 1.5169406014193365, 1.624142262604141, 1.731343923788946, 1.8385455849737506, 1.9457472461585557, 2.0529489073433607, 2.1601505685281657, 2.2673522297129702, 2.3746600311563744, 2.4818616923411794, 2.5890633535259844, 2.696265014710789, 2.803466675895594, 2.9106683370803985, 3.0178699982652035, 3.1250716594500085, 3.232273320634813, 3.3394749818196185, 3.4467827832630222, 3.553984444447827, 3.661186105632632, 3.768387766817437, 3.875589428002242, 3.9827910891870464, 4.089992750371851, 4.197194411556656, 4.304396072741461, 4.411597733926266, 4.51890553536967, 4.626107196554474, 4.73330885773928, 4.840510518924084, 4.947712180108889, 5.054913841293695, 5.1621155024785, 5.269317163663304, 5.37651882484811, 5.483720486032914, 5.591028287476318, 5.6982299486611225, 5.805431609845927, 5.9126332710307326, 6.019834932215537, 6.127036593400343, 6.234238254585147, 6.341439915769952, 6.448641576954756, 6.555843238139562, 6.663151039582965, 6.77035270076777, 6.8775543619525745, 6.984756023137379, 7.0919576843221845, 7.19915934550699, 7.3063610066917954, 7.413562667876601, 7.5207643290614055, 7.62796599024621, 7.735273791689613, 7.842475452874418, 7.949677114059224, 8.056878775244028, 8.164080436428833, 8.271282097613637, 8.378483758798444, 8.485685419983247, 8.592887081168053, 8.700088742352857, 8.807396543796262, 8.914598204981065, 9.021799866165871, 9.129001527350674, 9.23620318853548, 9.343404849720285, 9.450606510905091, 9.557808172089896, 9.6650098332747, 9.772211494459505, 9.87951929590291, 9.986720957087712, 10.093922618272519, 10.201124279457321, 10.308325940642128], "real_values": [0.24588, 0.017287999999999998, -3.9819, 0.27636, 0.49764, 0.6574800000000001, 3.2487, -3.7056, 0.66468, -1.8536, 1.0294, 1.1816, 2.3174, 1.5168, 1.52, 0.7551800000000001, 1.4257, 2.2328, 2.2481, 4.9181, 1.6178, 2.1829, 2.1415, 5.1504, 2.7862, 5.9637, 2.1154, 2.9046, 1.1404, 3.3131, 5.1738, 3.2116, 3.2029, 3.2825, 3.5811, 3.3001, 2.5647, 4.2324, 4.0126, 3.8032, 3.9482, -0.30966, 4.2, 4.7241, 4.6312, 4.4713, 1.9313, 4.3728, 5.1942, 4.8686, 5.1435, 5.0124, 5.3259, 5.7999, 1.398, 0.589, 5.4619, 5.7172, 5.9119, 8.9115, 6.3674, 6.4843, 6.4965, 4.0136, 3.6647, 6.9278, 6.4721, 9.6753, 11.079, 7.2233, 7.189, 5.8247, 5.7378, 7.6185, 7.5405, 6.0283, 7.4897, 7.4866, 7.8669, 7.801, 7.4811, 8.0907, 7.8932, 8.3062, 12.863, 9.009, 8.3515, 8.7488, 9.2294, 9.9374, 17.006, 9.1911, 9.0407, 9.2576, 9.7728, 14.153, 10.063, 9.6447, 9.8101, 5.0988]}, "Params": "Default", "algorithm": "Linear Regression"}