{"errorExec": {"Process": "OK"}, "Performance": {"spearman": {"spearmanr": 0.7906150615061506, "pvalue": 1.343142614950481e-22}, "pearson": {"pvalue": 6.287008394849583e-21, "pearsonr": 0.7711405612815498}, "kendalltau": {"kendalltau": 0.6072727272727277, "pvalue": 3.484074470524342e-19}, "r_score": 0.5946577652536238, "predict_values": [-0.002077607493498057, 0.0908532221513676, 0.18378405179623591, 0.27671488144110157, 0.369645711085969, 0.46257654073083465, 0.5555073703757021, 0.6484382000205682, 0.7413690296654352, 0.8342998593103013, 0.9272306889551682, 1.0201523184386994, 1.1130739479222314, 1.205995577405763, 1.2989172068892945, 1.3919308379861763, 1.484852467469708, 1.5777740969532394, 1.6706957264367706, 1.7636173559203026, 1.856538985403834, 1.9494606148873657, 2.042382244370897, 2.1353038738544288, 2.2282255033379603, 2.321239134434842, 2.4141607639183738, 2.5070823934019053, 2.600004022885437, 2.6929256523689684, 2.7858472818525, 2.8787689113360315, 2.971690540819563, 3.0646121703030946, 3.1575337997866266, 3.2505474308835085, 3.34346906036704, 3.4363906898505716, 3.529312319334103, 3.6222339488176347, 3.7151555783011663, 3.808077207784698, 3.9009988372682294, 3.993920466751761, 4.0868420962352925, 4.179855727332174, 4.2727773568157055, 4.365698986299237, 4.458620615782769, 4.5515422452663, 4.644463874749833, 4.737385504233364, 4.830307133716896, 4.923228763200427, 5.016150392683959, 5.10916402378084, 5.202085653264372, 5.295007282747903, 5.387928912231435, 5.480850541714966, 5.573772171198498, 5.6666938006820295, 5.759615430165562, 5.852537059649093, 5.945458689132625, 6.038472320229506, 6.131393949713038, 6.224315579196569, 6.317237208680101, 6.410158838163632, 6.503080467647164, 6.596002097130697, 6.688923726614227, 6.78184535609776, 6.8747669855812905, 6.967780616678173, 7.0607022461617035, 7.153623875645236, 7.246545505128767, 7.339467134612299, 7.432388764095831, 7.525310393579362, 7.618232023062893, 7.711153652546425, 7.804075282029956, 7.897088913126838, 7.99001054261037, 8.082932172093901, 8.175853801577432, 8.268775431060964, 8.361697060544497, 8.454618690028028, 8.547540319511558, 8.640461948995092, 8.733383578478623, 8.826397209575504, 8.919318839059034, 9.012240468542569, 9.1051620980261, 9.19808372750963], "real_values": [0.24588, 0.017287999999999998, -3.9819, -0.49271, 0.49764, 0.6574800000000001, 3.2487, -3.7056, 0.66468, -3.5288, 1.0294, 0.064762, 2.7095, 1.5168, -2.5662, 3.8023, 1.4257, 5.7364, 4.0858, 3.7511, 9.3584, 2.1829, -2.3040000000000003, 5.1504, 6.4351, 5.0447, 2.1154, 2.9046, 3.7888, 3.3131, 5.1738, 3.2116, 3.2029, 4.1472, 3.5811, 3.3001, 4.5287, -1.7944, 4.0126, 3.8032, 3.9482, -0.30966, 4.2, 2.6249, 4.6312, 2.5209, 1.9313, 4.3728, 6.1151, 4.8686, 5.1435, 2.6715, 5.3259, 2.3733, 1.398, 0.589, 5.4619, 5.7172, 1.1421, 3.2260000000000004, 4.651, 6.4843, 6.4965, 4.0136, 3.6647, 6.9278, 6.4721, 9.6753, 11.079, 7.2233, 7.189, 5.8247, 8.4071, 7.6185, 5.4049, 6.0283, 7.4897, 7.4866, 5.3202, 7.801, 7.4811, 8.0907, 3.9604, 8.3062, 7.4395, 9.009, 6.8295, 8.7488, 9.2294, 9.9374, 6.9288, 10.012, 7.1183, 9.2576, 9.7728, 14.153, 10.063, 8.2097, 9.8101, 5.8992]}, "Params": "Default", "algorithm": "Linear Regression"}