Component,Relevance
1.0,36.79874437318194
2.0,23.376346131781247
3.0,9.997709524732569
4.0,7.132523365569975
5.0,6.64408618992089
6.0,5.105874170128206
7.0,3.827591875898702
8.0,3.211954923187707
9.0,1.5630296178900274
10.0,0.76774635967285
11.0,0.6651511215673148
12.0,0.3265025880206708
13.0,0.308502811399796
14.0,0.2742369470481084
