{"errorExec": {"Process": "OK"}, "Performance": {"spearman": {"spearmanr": 0.45055233966495295, "pvalue": 8.6279253137751263e-22}, "pearson": {"pvalue": 6.3966772300408087e-229, "pearsonr": 0.96107560500051281}, "kendalltau": {"kendalltau": 0.32413161824926523, "pvalue": 1.3891531153031894e-22}, "r_score": 0.84420260274483316, "predict_values": [0.00012054769365745252, 0.0005520378675465121, 0.00013744399540246283, 0.00010954089179773663, 0.00014806828136166553, 0.00019670041998643136, 0.0002111596574342923, 0.0034899960359076635, 0.00014291553374519395, 0.00036844147878166146, 0.00012931604674217237, 0.00011963509851549125, 0.0007885966440855461, 0.0005122668326969243, 0.0003832467589228735, 0.0010646318971425238, 0.0002012309432609176, 0.00033040160516646937, 0.003120228089969507, 0.00015465531751871923, 0.00035972260377914754, 0.00018482342771380413, 9.602221210482913e-05, 0.0006152799363670729, 0.0001753237551867167, 0.00010386572917957056, 0.00010710255864060942, 0.00019519718144831013, 0.00027069545587973126, 0.00012567139114661949, 0.0026156819877758, 0.0012317780398982965, 0.0002091140102583, 9.757610437675555e-05, 0.0024162743339323726, 0.00041596658584528134, 0.003339346255034537, 0.00030826128893255995, 0.0004140695901562999, 0.00020127272565734097, 0.0001621769376652661, 0.0001686246009467819, 0.00010362122783902861, 0.0002530984374476339, 0.0008035646656958124, 0.0015717785274075317, 0.0008571178912600026, 0.00038951941749007984, 0.0003217233281302443, 0.0007465899973052777, 0.0003443441177391305, 0.0001325218707588798, 0.00015370378212405198, 0.00029377532502518854, 0.00018512236574729402, 0.00023637640506339838, 0.00020582845199078624, 0.0046383563528577575, 0.00034608441826338717, 0.0004824647970741714, 0.0001079434924410103, 0.00036564917547711906, 0.0048085480010489215, 0.00019572253995833082, 0.0002595417098205862, 0.0001930748609726696, 0.0008852399667394159, 0.00039662159156672795, 0.004498274214853025, 0.00016201424651103065, 0.0003337283414137181, 0.0002746404566116435, 0.0005720775357666935, 0.00010000015061453937, 0.00015464858390951022, 0.0007642270326293097, 0.0003599169432280174, 0.0016257127783851366, 0.00020538701007516145, 0.0016468089224489153, 0.00010211773122574232, 0.0024593777186653304, 0.002247772885300995, 0.0002492860267210476, 0.0007040532890191873, 0.00010994013398191819, 0.00011266985376799494, 0.00010312675464937641, 0.00019639690199575393, 0.0001790923198788389, 0.00014496211304935956, 0.00022391247994018421, 0.00014233526259084338, 0.0006309487084818855, 0.00012741360369957863, 0.0005487649725192643, 0.00011026119837923853, 0.00016258689444562324, 0.00032319059560415616, 0.00030747196999256774, 0.0002223714967736656, 0.00016504700029095184, 0.0002559697296883276, 0.00014072905790979222, 0.00013025876597618378, 0.00012369918138091507, 0.0003737772203782885, 0.0018175022775517977, 0.00022808513869888478, 0.0003100228645641716, 0.0002995684992395971, 0.00019806558495635227, 0.0002656337678245755, 0.00020662392852952813, 0.0007972335789053976, 0.0004138789529722637, 0.00015148246046451787, 0.00021859846027837222, 0.00012912218699364847, 0.0004869153072813892, 0.0002104666087691469, 0.0005499011660004539, 0.0022723085277078147, 0.0001654208545252584, 0.00012982970477847726, 0.00011702360038189589, 0.00013873125871610402, 0.0001714276710430381, 0.0005316552579021093, 0.00018490549591923232, 0.0005759430648077772, 0.00033385462359504796, 0.0006218044391061277, 0.0001194014852398457, 0.00011871126231991989, 0.00016657955398904234, 0.00012905439382489677, 0.0007685540263171136, 0.00013622840181095195, 0.00010423697556064383, 0.0008845692518597988, 0.00030615999400004023, 0.0002171263723691688, 0.0005926725732401482, 0.00062339397266932, 0.00022332285182697696, 0.00042486012609934515, 0.001645455320013609, 0.0001757558773694009, 0.0001908030714077153, 0.0018452027106126523, 0.00031162450667793446, 0.00011705758979134971, 0.00011122907317635678, 0.000878283228061443, 0.001617417077904299, 0.0002872449362193403, 0.0017004680481648288, 0.00010181291930175941, 0.0009560841094224312, 0.0001213939845050898, 0.00010748797423627014, 0.0005956096483201209, 0.0004144976925314774, 0.0001988906506066998, 0.00015044718932920618, 0.0007632623257676488, 0.0011162714649668088, 0.0002240098054390987, 0.0006919630156765982, 0.00019401462679337125, 0.00011629378255598952, 0.0030255381384434936, 0.00021893638167436166, 0.00046724819439905477, 0.0002771136734313619, 0.0002736182078181419, 0.00019030608911202603, 0.0033535072491888917, 0.0001966524212032327, 0.0005847807197434453, 0.00018754330447590543, 0.00011896883315124372, 0.0002794844940714291, 0.0004975504561515225, 0.00011649703016072063, 0.0001173175691096129, 0.00032960519394896443, 0.00020769510258562804, 0.00027834865230077696, 0.0001476916037176359, 0.0004409436356511183, 0.00013560026632790197, 0.0002005074113484588, 0.00013054935347401383, 0.0004354203159810595, 0.0004716751256777816, 0.00013030515139503097, 0.000187321931334266, 0.0001840599201772061, 0.00016227696742576346, 0.00012115283416397256, 9.71816961159082e-05, 0.00022202862000871194, 0.00013679833299136575, 0.00013047425192671603, 0.000175089614756387, 0.00022497610092226362, 0.0011071844279120597, 0.0001662017968454001, 0.0011334697291835282, 0.00017521738788366304, 0.00015248055244491734, 0.00012650818994424247, 0.00018582528338542136, 0.00026114463916438043, 0.0006435780680292457, 0.00045348898330775515, 0.0001816530243134385, 0.000252330987586272, 0.00613087376918348, 0.00011592912570092136, 0.00020668454287174314, 0.00022346639440396374, 0.000640747304975349, 0.00539763596897031, 0.0032545937234151074, 0.00032569026414527256, 0.0002462292202057963, 0.00015964034704228226, 0.00015007610943702513, 0.00012956376486717393, 0.0001084975423975746, 0.00013834990284491513, 0.0002824354861712907, 0.0006406124172224584, 0.0003045761747967446, 0.00023210328379658147, 0.00037235700903611227, 0.0025533428047661523, 0.000602125059128645, 0.0004479765819280266, 0.00040720516221847314, 0.00018280909318271293, 0.00034854919177151346, 0.0001538852592997424, 0.00017534950762806078, 0.000428340181305631, 0.00020245846132567493, 0.00011182306306693864, 0.0002046130249157371, 0.00014818854418206687, 0.00010737182111047222, 0.0001982793674686432, 0.00028719544957994534, 0.00010635374888489637, 0.0006440527126506139, 0.00043488511958475885, 0.0022832403375098983, 0.00011724391704554677, 0.0002750886909864851, 0.0009413222438263513, 0.00042308531980704534, 0.00014492383966726422, 0.0016721329177366172, 0.00013305906987960104, 0.0002814853761517372, 0.00018536102277038336, 0.0001243909905671109, 0.00042048857727096676, 0.00011365006937871157, 0.00032889611664035744, 0.000931600326884101, 0.001360571206126639, 9.920901867051776e-05, 0.00039263829065911934, 0.0004821556469408567, 0.0001793860531573728, 0.0001185387144724467, 0.0002402705860353319, 9.930586391619391e-05, 0.00019283291498863812, 0.0015654936685363396, 0.0003040916245269668, 0.00023073654559740942, 0.0001658424188619144, 0.00013191022465836377, 0.00013884394955495757, 0.0006548626361357433, 0.0001062706435990387, 0.00011012841426578067, 0.0005195319659219293, 0.00015078394953393475, 0.000367956473885347, 0.00019514186784600664, 9.663105804577247e-05, 0.0005586048875087766, 0.0004209517730457545, 0.0004409334465394059, 0.00015830759969800756, 0.0010770533353750874, 0.001998420055563999, 9.737743455900651e-05, 0.0002633065564197195, 0.00013370399073253132, 0.0002456154018232914, 0.00013243127490716918, 0.0007376337626197522, 0.00015963730226682633, 0.003875435582548787, 0.0002824165924520236, 0.00019138345669988531, 0.0002470909323843749, 0.00022477500373455542, 0.0004304339867666759, 0.00019682472546264448, 0.00015366475823699942, 0.0011513546053319346, 0.00020712477537738948, 0.003854513091557485, 0.00016350274855738477, 0.00019562087553413114, 0.0001966152324645405, 0.0009911786330043617, 0.0005724295417181305, 0.0001224744025901732, 0.007079290467007105, 