{"errorExec": {"Process": "OK"}, "Performance": {"spearman": {"spearmanr": 0.37473617943786958, "pvalue": 4.7508973073944434e-15}, "pearson": {"pvalue": 0.0097412435387072421, "pearsonr": 0.12783746201810423}, "kendalltau": {"kendalltau": 0.24725542742310977, "pvalue": 8.6873303802737768e-14}, "r_score": -0.06658982216035958, "predict_values": [0.048960094419908506, 0.04395418516414423, 0.05044308626514554, 0.05696383776378039, 0.06456553416119643, 0.0556158933163185, 0.05667927992201477, 0.06198586642253795, 0.059154854183049166, 0.059606026832227876, 0.04430820500216964, 0.058774042543263516, 0.08216610465486779, 0.042722945128113865, 0.051416170974108166, 0.046947838251017726, 0.07603634447811175, 0.05591222196365525, 0.05613996735392096, 0.05208990359809146, 0.07109433893159828, 0.05012902678331371, 0.038753382547031145, 0.04328545650896337, 0.04589251323649618, 0.05897714759046496, 0.0635609866760895, 0.06150513563354992, 0.050518964655302645, 0.07189093269850871, 0.06458996807881173, 0.07162500688520052, 0.06303109217355679, 0.06256850562488597, 0.06107621547781866, 0.048409732039481235, 0.05522528393624443, 0.06480661699846374, 0.07337769212353024, 0.040380993315348446, 0.0524873989651064, 0.05150603871722387, 0.05305488421587984, 0.051203711215376646, 0.06658640768171903, 0.07007883163443257, 0.0670039548355354, 0.06214191503371819, 0.07544310225186063, 0.05611287126346459, 0.05722537000229694, 0.053253475780032644, 0.062454517102332574, 0.07085509786849303, 0.06969083224076272, 0.061988958332348576, 0.04893674137354592, 0.06039187878903701, 0.08044951475638712, 0.06397277860312839, 0.05405974399527608, 0.06349920413710558, 0.06912620291833588, 0.04569247832748452, 0.07084236601933264, 0.06605100354260313, 0.07860882827971266, 0.07337049404648749, 0.06644120926322789, 0.0620166470378643, 0.06817557057398754, 0.07163544116096349, 0.05383662868567024, 0.048206040461876876, 0.053815405684059126, 0.06271168559567103, 0.03800814513808165, 0.06346351232775732, 0.0603011251892937, 0.06231056408305119, 0.061569883439688, 0.07129486431296012, 0.05928979336053891, 0.052374216041920774, 0.04977052418433808, 0.04810215428714887, 0.06426092056760074, 0.039204011220983215, 0.05945501109760237, 0.05957570392959094, 0.06021430091088448, 0.046384183383898325, 0.056896551609511625, 0.0648060695158949, 0.06602890149138224, 0.0511373724752458, 0.054942167229232675, 0.05963946412367099, 0.0811658917992844, 0.06809849428677611, 0.07221866515652481, 0.053075194928825675, 0.046371875273070684, 0.0689220565536825, 0.0783618655786214, 0.042615375081993145, 0.04876740841757926, 0.06862204200754402, 0.06542807448184601, 0.06674665424160214, 0.05995246224591405, 0.05189829811655661, 0.05452701239350993, 0.06947222733510244, 0.050972444194581634, 0.04476235722081073, 0.05058880719596598, 0.06487785868787405, 0.07179084792404805, 0.06171108245874862, 0.0729447154793143, 0.06868118406182927, 0.06121631762825358, 0.06801060361732852, 0.045544140938817146, 0.05297234597583117, 0.04545962415998389, 0.06237293715843467, 0.06632359532054893, 0.06702142150088691, 0.05192964613475509, 0.06837484967197022, 0.06669406792692995, 0.0376188621983789, 0.06158572245647437, 0.0671843665653799, 0.04294970328372211, 0.04256348340744115, 0.0682677240913247, 0.05370911770019743, 0.0656982811686691, 0.059004387171225414, 0.07630487372755951, 0.05908435140956453, 0.04897208885618226, 0.06252073370166705, 0.0185744704665311, 0.07636540247201856, 0.05843630408088668, 0.0704738996066237, 0.07748634927826509, 0.04544961717601975, 0.06419123994001324, 0.035650167388812715, 0.06957602880094699, 0.056999400482398654, 0.0606861163509928, 0.08656753928988242, 0.060956739284731276, 0.06447093902585005, 0.06502947839642897, 0.05359341725069672, 0.05278650337052998, 0.05577694513462722, 0.04477903525884169, 0.06576790663687199, 0.06725931332794405, 0.0652915204617312, 0.05015907724926866, 0.07021207891991804, 0.04724784189557357, 0.07585185445180992, 0.05628204365079742, 0.06241929520228301, 0.052583573430315, 0.06908384513499394, 0.058357873294711704, 0.05988276058381087, 0.07073132855827174, 0.05028839307795335, 0.07103125504467706, 0.05809275480181536, 0.05413619017321397, 0.03165117160618652, 0.05875670634432267, 0.046733808851503744, 0.04860440249612835, 0.05593449751174856, 0.058455380417151426, 0.056627891516361106, 0.06742681191244054, 0.07533317284487057, 0.07291967638580804, 0.058616809878504095, 0.04035520452081692, 0.05988667979247825, 0.061360825602088054, 0.04803667719380028, 0.062227876163584106, 0.051414387801432204, 0.05565411048985486, 0.06311425549550204, 0.023229608832322446, 0.05552813738573742, 0.05481456633559373, 0.052910372760985924, 0.05433215763579474, 0.050776194426602916, 0.059925059690425, 0.051368842950811955, 0.06318254775706483, 0.0630201007704348, 0.06716261966665976, 0.028228911273174118, 0.06320152944731511, 0.07537178239206416, 0.06434516492185732, 0.058675972321368175, 0.031458802885044046, 0.054105787267990035, 0.06757439428870587, 0.05887022962520122, 0.0654358408008569, 0.05104490914140031, 0.04433772443775702, 0.058322105529781176, 0.06091246490354446, 0.06055404519160318, 0.05271470655513916, 0.054428867491789046, 0.05143491770542147, 0.05323196466057206, 0.04996590259737471, 0.07155898817168188, 0.06885975325877275, 0.0665047044374148, 0.06605022443203462, 0.06425829788918175, 0.06434589777557059, 0.04348526903913502, 0.06751535658781987, 0.07314489488916992, 0.080247511988575, 0.04662795670897074, 0.05652405673047384, 0.06850843752060215, 0.07353855167247186, 0.0704448308071089, 0.06402895013627546, 0.06001533464265357, 0.05861757561988551, 0.04610106602860292, 0.06411593560652878, 0.06873989075489423, 0.0679870906418773, 0.04441705149992753, 0.06673349694925718, 0.08690914762969831, 0.06772892982161477, 0.06232655601362441, 0.06100296730840543, 0.05060972255891044, 0.06614062897857859, 0.058586080013587505, 0.06832279007681258, 0.07039785534301185, 0.06267034432819413, 0.04105250198088556, 0.057798333776995114, 0.06496757178920692, 0.06393599655716725, 0.06305307616490469, 0.06477047833566635, 0.05331755625802598, 0.037381443431721506, 0.04263572828195178, 0.06756185070925663, 0.07490455050163353, 0.05120399094395406, 0.06474645687708896, 0.053872138353441346, 0.06988197876900676, 0.05655886015001138, 0.06728463535527768, 0.06112689029994417, 0.049728886713587606, 0.05695606851102325, 0.05154276013609843, 0.044884601002203095, 0.07494055586691112, 0.04653822040418837, 0.062444012674096994, 0.06120196075537937, 0.05725618580481623, 0.058699308318220844, 0.04550555525885008, 0.07063909299637466, 0.0489594430692884, 0.0632383206914176, 0.057996589841976254, 0.05489261006837226, 0.08256820343575183, 0.03249584770250119, 0.06803344335020084, 0.05102010851358624, 0.06487385588743405, 0.0413244975313411, 0.06063888886042074, 0.04702702618304594, 0.05945209277701741, 0.05831389567852979, 0.05987100215666158, 0.07589499814684314, 0.06372775599180652, 0.068306493394299, 0.05081759187873941, 0.05270391939917968, 0.06980700498992903, 0.07000142603848042, 0.07609904198582657, 0.055451687012995576, 0.055440685011612756, 0.06961460190146135, 0.05407505138196894, 0.06329571954429153, 0.04634888196033221, 0.06858335699779655, 0.06038230213502466, 0.0704719908417229, 0.0580320850640314, 0.03781800605544, 0.0823446382821948, 0.03385561998075387, 0.05656972459921278, 0.0641094475807325, 0.05155730340070258, 0.0603072004652459, 0.07210985627636096, 0.060287184302643515, 0.0630082467525363, 0.053763783174261726, 0.06898316646284935, 0.05029117434771441, 0.06848202270237308, 0.059605087183409344, 0.0636791995871398, 0.07378008720450219, 0.052605614591892336, 0.06950231636033127, 0.05428233283396716, 0.05390321661056935, 0.06878586870197162, 0.06572958116564359, 0.060207692070104624, 0.05579150631899271, 0.05243131244684335, 0.0712813958580934, 0.06570973826452392, 0.07207181261284129, 0.059884184746385294, 0.05229441709262689, 0.03439395197384415, 0.0327860517658331, 