{"errorExec": {"Process": "OK"}, "Performance": {"spearman": {"spearmanr": 0.9999999999999999, "pvalue": 0.0}, "pearson": {"pvalue": 0.0, "pearsonr": 1.0}, "kendalltau": {"kendalltau": 1.0000000000000007, "pvalue": 3.48030140723109e-49}, "r_score": 1.0, "predict_values": [-8.881784197001252e-16, 0.10100999999999782, 0.2020199999999992, 0.3030299999999988, 0.4040399999999984, 0.5050499999999989, 0.6060599999999985, 0.7070699999999981, 0.8080799999999986, 0.9090899999999982, 1.0100999999999987, 1.1110999999999986, 1.212099999999999, 1.3130999999999986, 1.414099999999999, 1.5151999999999988, 1.6161999999999992, 1.7171999999999992, 1.8181999999999987, 1.9191999999999991, 2.020199999999999, 2.121199999999999, 2.222199999999999, 2.323199999999999, 2.424199999999999, 2.525299999999999, 2.626299999999999, 2.7272999999999996, 2.8282999999999996, 2.9292999999999996, 3.0302999999999995, 3.1312999999999995, 3.2322999999999995, 3.3332999999999995, 3.4342999999999995, 3.5353999999999997, 3.6363999999999996, 3.7373999999999996, 3.8384, 3.9394, 4.0404, 4.1414, 4.2424, 4.3434, 4.4444, 4.5455, 4.6465, 4.7475, 4.8485, 4.9495, 5.0505, 5.1515, 5.2525, 5.3535, 5.4545, 5.5556, 5.6566, 5.7576, 5.8586, 5.9596, 6.0606, 6.1616, 6.262600000000001, 6.3636, 6.464600000000001, 6.5657000000000005, 6.6667000000000005, 6.7677, 6.8687000000000005, 6.9697, 7.070700000000001, 7.171700000000001, 7.272700000000001, 7.373700000000001, 7.474700000000001, 7.575800000000001, 7.676800000000001, 7.777800000000001, 7.878800000000001, 7.979800000000001, 8.080800000000002, 8.181800000000003, 8.282800000000002, 8.3838, 8.4848, 8.585900000000002, 8.686900000000001, 8.7879, 8.8889, 8.989900000000002, 9.090900000000001, 9.1919, 9.2929, 9.393900000000002, 9.494900000000001, 9.596, 9.697, 9.798000000000002, 9.899000000000001, 10.000000000000002], "real_values": [0.0, 0.10101, 0.20202, 0.30303, 0.40404, 0.50505, 0.60606, 0.70707, 0.80808, 0.90909, 1.0101, 1.1111, 1.2121, 1.3131, 1.4141, 1.5152, 1.6162, 1.7172, 1.8182, 1.9192, 2.0202, 2.1212, 2.2222, 2.3232, 2.4242, 2.5253, 2.6263, 2.7273, 2.8283, 2.9293, 3.0303, 3.1313, 3.2323, 3.3333, 3.4343, 3.5354, 3.6364, 3.7374, 3.8384, 3.9394, 4.0404, 4.1414, 4.2424, 4.3434, 4.4444, 4.5455, 4.6465, 4.7475, 4.8485, 4.9495, 5.0505, 5.1515, 5.2525, 5.3535, 5.4545, 5.5556, 5.6566, 5.7576, 5.8586, 5.9596, 6.0606, 6.1616, 6.2626, 6.3636, 6.4646, 6.5657, 6.6667, 6.7677, 6.8687, 6.9697, 7.0707, 7.1717, 7.2727, 7.3737, 7.4747, 7.5758, 7.6768, 7.7778, 7.8788, 7.9798, 8.0808, 8.1818, 8.2828, 8.3838, 8.4848, 8.5859, 8.6869, 8.7879, 8.8889, 8.9899, 9.0909, 9.1919, 9.2929, 9.3939, 9.4949, 9.596, 9.697, 9.798, 9.899, 10.0]}, "Params": "Default", "algorithm": "Linear Regression"}