{"errorExec": {"Process": "OK"}, "Performance": {"spearman": {"spearmanr": 0.097015879679604372, "pvalue": 0.050202572566204362}, "pearson": {"pvalue": 0.022620925294873397, "pearsonr": 0.11285124138184795}, "kendalltau": {"kendalltau": 0.066889511782645239, "pvalue": 0.043591833751232892}, "r_score": 0.0019429855737753687, "predict_values": [2.8929245986373027, 2.925049066431186, 3.0289396412505796, 2.893208417398443, 2.9037975404515857, 2.8795888955955515, 2.912089611147247, 2.966278740743183, 2.8794760897498253, 2.88413372449633, 2.864449029650737, 2.8847512348804756, 2.8631356625998206, 2.931681099428709, 2.906217228386058, 2.9568272798569035, 2.9353829572046406, 2.8899002323248855, 2.938146800757662, 2.9209254656640686, 2.8992953672299935, 2.9125013201575545, 2.9232341754780267, 2.939340967979744, 2.9465970047338446, 2.948141939156571, 2.9324478823760582, 2.8573884159561125, 2.9210266603287707, 2.914442130519467, 2.9366614144506342, 2.908352782708082, 2.9441303207013405, 2.924784416971454, 2.93363224246609, 2.9572556519925977, 2.936921267812617, 2.9395010193101383, 2.9368523867973737, 2.925454596203953, 2.937660946884717, 2.9969870281280446, 2.8930724960045424, 2.9962786226472837, 2.8945772629542814, 3.002011114004234, 2.879453450918621, 2.9068426130259706, 2.880047978705919, 2.972205942906591, 2.9140855282427016, 2.9083979133939364, 2.920901953178346, 2.962802929418565, 2.887575783914265, 3.0022959300441556, 2.8929967776686216, 2.904673242766717, 2.871902028208324, 2.8368242997146345, 2.9284741056513384, 2.968214398650355, 2.858788139067449, 2.934314928263685, 2.860983741365344, 2.8194075807772965, 2.8546245991903016, 2.9101861209710003, 2.8697763121015187, 2.8995191626670667, 2.9408729243923357, 2.9050445869487462, 2.906823147259969, 2.888999395281313, 2.89820804176591, 2.888310344369622, 2.900248634277323, 3.008415554109732, 2.8969738524864064, 2.9248829817285187, 2.865823324938037, 2.934509870266956, 2.8493227138479646, 3.0144584413849427, 2.863255748524609, 2.913534585621756, 2.936643632619549, 2.956804354728562, 2.91720831810073, 2.9152776997209884, 2.905489883544902, 2.906023026883189, 2.8739192956630077, 2.8416212800996528, 2.92098339158832, 2.920868566421486, 2.858339633222089, 2.9395563035976697, 2.8845171915926833, 2.916595126309371, 2.9141263309523704, 2.9699939380874207, 2.896697814221873, 2.9517822591468508, 2.9148037257619435, 2.927123520288422, 2.9513518576459763, 2.91682232876953, 2.97824839104315, 2.9709972243285936, 2.9697645692226766, 2.8663254658402653, 2.941838106309114, 2.9384577935523355, 2.9232842942615305, 2.931627204472739, 2.983221030980521, 2.926572777132633, 2.892397699390112, 2.914410353764005, 2.9410488842007654, 2.9668184195066774, 2.9476690241948953, 2.852106456137581, 2.9085510975737368, 2.9279603243290326, 2.940958726799553, 2.8624463106864466, 2.969201396694725, 2.912699970101411, 2.935013915161621, 2.8666547655548014, 2.9787733015179, 2.9753629842828824, 2.8582428682200876, 2.8723714084892222, 2.92614101754757, 2.864980800222127, 2.916943523424571, 2.9219922697558705, 2.957691789301382, 2.955909136055477, 2.9652506741305666, 2.8815076614329125, 2.916395831958855, 2.940325085754809, 2.918792807735663, 2.8823071720878835, 2.844561191492324, 2.961453396159975, 2.9866139939433913, 2.8880284998046815, 2.9620545669596785, 2.867790406105141, 2.929023746410268, 2.918687132492516, 2.9063114787152644, 2.91786005846451, 2.9154830921958466, 2.8459641935047335, 2.901808393141169, 2.985912384534502, 2.944377060777973, 2.8544213258054083, 2.852976094059687, 2.834890181287488, 2.9376720051609535, 2.929879287633724, 2.9653133571255332, 2.9360324524967973, 2.946091323301355, 2.918624741176578, 2.9733267651717563, 2.924134934209124, 2.9215289951198784, 2.9433943244243324, 2.911199549752084, 2.88143008859158, 2.9364676770830087, 2.8686424609092245, 2.9447816657033234, 2.9139220211646646, 2.908752245533322, 2.9345655998357834, 2.93877006782536, 2.9310440074823063, 2.9288450746443715, 2.8913899983997804, 2.8507006616695514, 2.878977564621005, 2.908172398266085, 2.977643008658693, 2.94144438134745, 2.9564410964273797, 3.0049167657568647, 2.975951017521162, 2.8904102111206695, 2.9098995715168217, 2.920073952402852, 2.9844801953312285, 2.883115934827623, 2.8687295291673243, 2.890435759224031, 2.857865512763067, 2.909285100800694, 2.9223724924766614, 2.8907327328506858, 2.962830233891895, 2.9308171201823487, 2.9395377964896428, 2.8338836627074633, 2.8887186264138522, 2.8524885119265857, 2.8599433967014747, 2.8974161992255385, 2.8647162568102558, 2.9913455699662754, 2.9487458493809235, 2.898904361684377, 2.8761392058828608, 2.9095809196075675, 2.89865496482611, 2.96159313375507, 2.9252128633535, 2.9465328018383365, 3.002597942331514, 2.8951703632868035, 2.991906374342827, 2.9215077198418538, 2.9360530994054637, 2.8935235154709686, 2.922294744045565, 2.9480622862528163, 2.942966017694193, 2.9053639348067053, 2.8353449504146173, 2.925025350512777, 2.877580952092406, 2.9217794981822447, 2.906406333388322, 3.0007003600525786, 2.9602242031114483, 2.9064461570371236, 3.046412750067772, 2.909591475728397, 2.9679444977045293, 2.9556932463419243, 2.893144803500518, 2.8857051193362504, 2.962622502629115, 2.941416774125709, 2.976717808906878, 2.9298195295214886, 2.9341916848672818, 2.902034351693956, 2.9091845861827172, 2.9330695834039204, 2.8311000854227935, 2.980671854454148, 2.8879051574276495, 2.8629086894709483, 2.9542566895582514, 2.9259164043797843, 2.9027102674762033, 2.922855279185884, 2.923993043735259, 2.9362922956743227, 2.8658935498937197, 2.944818410095647, 2.912962681444719, 2.9287812426057513, 2.8773569170577407, 2.915518420484847, 3.0034200426438495, 2.84767559577919, 2.9246729450277167, 2.933862366017749, 2.9435233234364184, 2.9425920718118324, 2.9528365204520086, 2.8609223591864854, 2.9222180971734186, 2.9298685312040424, 2.847658292178373, 2.863953610325371, 2.933271093016229, 2.90177844136062, 2.9447686025289226, 2.946110368004914, 2.924891820440541, 2.982727473660307, 2.9158253927650937, 2.8786089586709407, 2.8460579442761333, 2.919265725454027, 2.872839679747032, 2.8614902476553645, 2.968185117579617, 2.8675337209569927, 2.950807952961337, 2.833631466989918, 2.890160907512587, 2.831624551908869, 2.907922620421913, 2.8874221080171543, 2.935611838342784, 2.9171648399614734, 2.9659135584838525, 2.8215499247050166, 2.8708145321628615, 2.914232190118023, 2.957515307623963, 2.831143741504527, 2.9615195780672976, 2.858896971753711, 2.9802425603601606, 2.8350446489506083, 2.884100329206863, 2.9193795635121758, 2.9306577823103703, 2.8951553400569066, 2.943760003539534, 2.969866903468628, 2.9597090061911335, 2.8882752385319614, 2.9313070093305242, 2.8634550749713004, 2.972411927368481, 2.978365929979298, 2.866167132497765, 2.895207911246315, 2.895277383089067, 2.8585859336560624, 2.837240903202328, 2.93101621097499, 2.9375035529431535, 2.8848443584105548, 2.9150452393209907, 2.9412229853273786, 2.8797568299447387, 2.8843169981131833, 2.882855952079898, 2.9710352681269145, 2.842085313591857, 2.8722046408739255, 2.881308926509951, 2.866679374397198, 2.9229521361570607, 2.877554680751364, 2.923603139266435, 2.933684836202258, 2.8759894440638307, 2.9461151603679405, 2.877339918667499, 2.906118249316466, 2.810423867178542, 2.900879470623091, 2.9011818720924527, 2.979196231959235, 2.883420162331519, 2.9605750913458633, 2.8905611144920993, 2.9881886385166734, 2.8994746725653253, 2.9100512995922267, 2.9374454598436843, 2.8838876386793553, 2.907806277130158, 2.865837898077927, 2.9291935899614936, 2.9507771277135006, 2.991481157986751, 2.988740786237872, 2.8729421739297893, 2.9533352929463534, 2.872064122129167, 2.943979728019051, 2.837341858498692, 2.877882473592332, 3.003655507951703, 2.953708677547102, 2.951338056852662, 2.957580199889547, 2.84801873196314, 2.9222625278000307, 2.893243888724928, 2.8258663462498044, 2.9880920767684884, 2.9165364036434553, 2.9683820480757905, 2.834441707956003, 2.925322877343743, 2.9304010115237116, 