{"errorExec": {"Process": "OK"}, "Performance": {"spearman": {"spearmanr": 0.9388163152600915, "pvalue": 2.1471180550266064e-70}, "pearson": {"pvalue": 7.530865538563487e-98, "pearsonr": 0.9744179819824911}, "kendalltau": {"kendalltau": 0.7896424364162761, "pvalue": 1.2444379912640322e-46}, "r_score": 0.4958843922010866, "predict_values": [3.3888457907321627, 3.424408538280982, 3.337172765518634, 3.328819416832244, 3.3454750787561185, 3.4624112037375085, 3.3083953195515434, 3.380192976085545, 3.3124140627278873, 3.3746315547708305, 3.43250418398455, 3.3281712279416147, 3.366286380157984, 3.2368969402635552, 3.4855304031671235, 3.45578175249105, 3.4624112037375085, 3.421009534577374, 3.525885507270955, 3.3691936007653718, 3.48462845589134, 3.4185533152573373, 3.241705579937786, 3.520419888798257, 3.3281712279416147, 3.450461081325182, 3.44455940394956, 3.41492926664706, 3.4323514921332947, 3.337172765518634, 3.380737229515489, 3.5491037472003537, 3.280146225420564, 3.3732928158058724, 3.406753110100485, 3.415203142515369, 3.4933512334021746, 3.2874072299312473, 3.29470774454165, 3.4062562816811464, 3.394943012908558, 3.4775576017197194, 3.2595024909262054, 3.4916324872325326, 3.401339629870905, 3.4305395487645662, 3.3370914296222978, 3.3112396328550338, 3.406392482416539, 3.3976642992301023, 4.3285337970173705, 4.2035870211457755, 4.352315896771109, 4.060362352347998, 4.300063817185418, 4.025104750692784, 4.1921144720563355, 3.7888860595341995, 4.243998812847419, 3.9438600370321195, 3.8856295143624515, 4.10737762180508, 4.111827089702867, 4.1450973497233266, 3.9812178844199284, 4.267523413969031, 4.028509584463752, 3.971710785121658, 4.32552528020228, 3.9868043699979325, 4.16948094724719, 4.1302291832304965, 4.2998826677693325, 4.097800781522057, 4.509093936230634, 4.5764025881752515, 4.663394352508922, 4.699518488763993, 4.46895615307934, 4.280352068939285, 4.294906060666465, 4.2625614590008585, 4.354040391300561, 4.536036515056721, 4.293769808700877, 4.413539727671791, 4.617418214624378, 4.5861584824854855, 4.281519377048307, 4.342318793206661, 4.292622877330901, 4.445348937911765, 4.371394541829779, 4.148885156887759, 4.333902907304128, 4.275374040848219, 4.325314620358522, 4.456652820729457, 4.172653982507833, 4.342770175610964, 4.79980459978724, 4.580442621795372, 4.932170915768371, 4.644635301366256, 4.808324067314712, 5.0609771149129745, 4.314085059909888, 4.90491780098293, 4.817673503537662, 4.980040196975485, 4.709046762749448, 4.737563613234341, 4.854348415780878, 4.620739067146678, 4.724036869905187, 4.779391790766016, 4.679558441323937, 4.976888865805557, 5.218145230977391, 4.589193894838144, 4.909520863769058, 4.54290121262857, 5.088964228279341, 4.6792044675619255, 4.775795640895883, 4.826826593900843, 4.635781264225133, 4.574810665559035, 4.784705924558513, 4.797342647679379, 4.97998148385326, 4.964241171135773, 4.816815177321171, 4.565030590811484, 4.514835438410059, 5.150276021668671, 4.750106201533985, 4.635931689924586, 4.548573761541734, 4.862920055390979, 4.907073277320672, 4.927008055902884, 4.580442621795372, 4.883565310161973, 4.903966891678408, 4.892470598472392, 4.7455897315443485, 4.744024546276649, 4.691874617834763, 4.522321486638447], "real_values": [1.4, 1.4, 1.3, 1.5, 1.4, 1.7, 1.4, 1.5, 1.4, 1.5, 1.5, 1.6, 1.4, 1.1, 1.2, 1.5, 1.3, 1.4, 1.7, 1.5, 1.7, 1.5, 1.0, 1.7, 1.9, 1.6, 1.6, 1.5, 1.4, 1.6, 1.6, 1.5, 1.5, 1.4, 1.5, 1.2, 1.3, 1.4, 1.3, 1.5, 1.3, 1.3, 1.3, 1.6, 1.9, 1.4, 1.6, 1.4, 1.5, 1.4, 4.7, 4.5, 4.9, 4.0, 4.6, 4.5, 4.7, 3.3, 4.6, 3.9, 3.5, 4.2, 4.0, 4.7, 3.6, 4.4, 4.5, 4.1, 4.5, 3.9, 4.8, 4.0, 4.9, 4.7, 4.3, 4.4, 4.8, 5.0, 4.5, 3.5, 3.8, 3.7, 3.9, 5.1, 4.5, 4.5, 4.7, 4.4, 4.1, 4.0, 4.4, 4.6, 4.0, 3.3, 4.2, 4.2, 4.2, 4.3, 3.0, 4.1, 6.0, 5.1, 5.9, 5.6, 5.8, 6.6, 4.5, 6.3, 5.8, 6.1, 5.1, 5.3, 5.5, 5.0, 5.1, 5.3, 5.5, 6.7, 6.9, 5.0, 5.7, 4.9, 6.7, 4.9, 5.7, 6.0, 4.8, 4.9, 5.6, 5.8, 6.1, 6.4, 5.6, 5.1, 5.6, 6.1, 5.6, 5.5, 4.8, 5.4, 5.6, 5.1, 5.1, 5.9, 5.7, 5.2, 5.0, 5.2, 5.4, 5.1]}, "Params": {"kernel": "rbf", "gamma": "0.001", "degree": "3"}, "algorithm": "SVR"}