{"errorExec": {"Process": "OK"}, "Performance": {"spearman": {"spearmanr": 0.9947434743474346, "pvalue": 8.244574722046847e-99}, "pearson": {"pvalue": 3.986311377832163e-101, "pearsonr": 0.9952866661839583}, "kendalltau": {"kendalltau": 0.9458585858585865, "pvalue": 3.4441240044849573e-44}, "r_score": 0.9905955478835781, "predict_values": [0.09938778941716819, 0.19892011782955432, 0.2984524462419422, 0.39798477465432924, 0.49751710306671715, 0.5970494314791042, 0.6965817598914912, 0.7961140883038782, 0.8956464167162652, 0.9951787451286522, 1.0947110735410401, 1.1942335482430604, 1.2937560229450815, 1.3932784976471018, 1.492800972349123, 1.5924219841548086, 1.6919444588568298, 1.79146693355885, 1.8909894082608703, 1.9905118829628914, 2.0900343576649116, 2.1895568323669323, 2.289079307068953, 2.3886017817709737, 2.4881242564729944, 2.5877452682786806, 2.6872677429807013, 2.786790217682722, 2.8863126923847426, 2.9858351670867633, 3.085357641788784, 3.1848801164908043, 3.2844025911928254, 3.3839250658948457, 3.483447540596867, 3.583068552402553, 3.682591027104573, 3.782113501806594, 3.8816359765086146, 3.9811584512106353, 4.080680925912656, 4.180203400614676, 4.279725875316697, 4.379248350018718, 4.478770824720739, 4.578391836526424, 4.677914311228445, 4.777436785930465, 4.8769592606324865, 4.976481735334507, 5.076004210036528, 5.175526684738549, 5.275049159440569, 5.37457163414259, 5.474094108844611, 5.573715120650297, 5.673237595352317, 5.772760070054338, 5.8722825447563585, 5.97180501945838, 6.0713274941604, 6.17084996886242, 6.270372443564441, 6.369894918266462, 6.469417392968483, 6.569038404774169, 6.668560879476189, 6.768083354178209, 6.8676058288802295, 6.967128303582251, 7.066650778284272, 7.166173252986293, 7.265695727688314, 7.365218202390334, 7.464740677092355, 7.564361688898041, 7.663884163600061, 7.763406638302082, 7.862929113004102, 7.9624515877061235, 8.061974062408144, 8.161496537110166, 8.261019011812184, 8.360541486514206, 8.460063961216227, 8.559684973021913, 8.659207447723933, 8.758729922425953, 8.858252397127973, 8.957774871829995, 9.057297346532016, 9.156819821234038, 9.256342295936058, 9.355864770638078, 9.455387245340098, 9.555008257145785, 9.654530731847803, 9.754053206549827, 9.853575681251845, 9.953098155953867], "real_values": [0.24588, 0.017287999999999998, 0.38705, 0.27636, 0.49764, 0.6574800000000001, 0.41087, 0.7429, 0.66468, 1.1409, 1.0294, 1.1816, 1.4058, 1.5168, 1.52, 1.7023, 1.4257, 2.2328, 2.2481, 2.5408, 1.6178, 2.1829, 2.1415, 2.1336, 2.7862, 2.61, 2.1154, 2.9046, 2.5707, 3.3131, 2.7066, 3.2116, 3.2029, 3.2825, 3.5811, 3.3001, 3.6559, 4.2324, 4.0126, 3.8032, 3.9482, 4.3896, 4.2, 4.7241, 4.6312, 4.4713, 4.8896, 4.3728, 5.1942, 4.8686, 5.1435, 5.0124, 5.3259, 5.7999, 5.3439, 5.6183, 5.4619, 5.7172, 5.9119, 5.9839, 6.3674, 6.4843, 6.4965, 6.3481, 6.4228, 6.9278, 6.4721, 6.8652, 6.7556, 7.2233, 7.189, 7.1414, 7.5624, 7.6185, 7.5405, 6.0283, 7.4897, 7.4866, 7.8669, 7.801, 7.4811, 8.0907, 7.8932, 8.3062, 8.52, 9.009, 8.3515, 8.7488, 9.2294, 8.9407, 9.4449, 9.1911, 9.0407, 9.2576, 9.7728, 9.4849, 10.063, 9.6447, 9.8101, 10.039]}, "Params": "Default", "algorithm": "Linear Regression"}