{"errorExec": {"Process": "OK"}, "Performance": {"spearman": {"spearmanr": 0.84221947239110095, "pvalue": 5.5041221321236574e-111}, "pearson": {"pvalue": 1.804774533944288e-237, "pearsonr": 0.96473826470039159}, "kendalltau": {"kendalltau": 0.67643055878296865, "pvalue": 1.4407632723536793e-92}, "r_score": 0.85850297779262708, "predict_values": [0.41106272630357543, 1.3534749789999967, 0.0760743509488082, 0.13130644575595493, 0.6372477093809589, 1.8070215014582882, 0.22749648432261527, 1.941674034658371, 0.6537013373797511, 1.435659409905927, 1.0895423367583383, 0.3194256617577338, 2.8402036131665866, 0.06065577125178481, 0.7661542691166501, 0.3961716403607095, 0.17576492095138807, 0.10000598005118906, 2.981087264910638, 0.27056969184048385, 0.5579568121440454, 0.4211235358785745, 0.14681498648512034, 1.9418321691667084, 0.03606809730017988, 0.029316781630357083, 0.05457100478115057, 2.9160446029666454, 0.508940288369455, 0.04309374574159452, 2.5707762956500324, 0.22545677962976446, 0.28223278648571665, 1.8346652196972064, 1.183614033246426, 0.4653946826857238, 4.795938001357233, 1.0167582128214225, 1.025541606516652, 0.08889037667737996, 1.404900817940495, 0.1009274624833319, 1.1254576998690335, 0.38215559231785795, 1.023646918500018, 1.0496050666250234, 1.443469518483342, 0.606083591377774, 0.14252446145118755, 1.4898380739190624, 0.20795862261667214, 0.16274927591369073, 1.9639726765315961, 0.07274770316924416, 0.4312999086868941, 0.11606688727047378, 1.0914656873749715, 4.156960934319125, 0.8637829815833092, 2.319378223749955, 0.5285561848250018, 0.0495172521426597, 4.257728636133364, 0.13121952736428666, 3.035707674174969, 0.5500977444857211, 0.793248532819026, 0.3586879570093173, 2.7309716876432844, 1.3008508679333315, 0.5661738893722179, 0.06314499918214354, 2.0680863933416958, 0.11461990538452344, 1.229877355033333, 3.1195932977750647, 0.23636394992857387, 0.8838334422566866, 1.5220390646666238, 0.5109567293166507, 0.7856438430535797, 1.2131360725000404, 4.382168188680929, 0.10024969579047435, 1.32384317011032, 0.2532197294113072, 0.6238431779952376, 0.23321590882975587, 0.05090200571904741, 0.508245999266663, 0.9469730534559778, 0.6574758212499935, 0.2472620337666659, 0.40565679227501045, 0.30571102193452654, 2.8510476116083594, 0.5319510628452426, 0.3216639847500042, 0.4198127169416628, 1.1223095280999946, 0.099376300116271, 0.1548924235559534, 1.13390482955835, 0.3340199962202323, 0.10851417942023663, 0.3496995073134866, 2.283638875625047, 0.571449412216653, 0.3310394861166631, 0.6343087699472303, 0.07652421140595318, 0.42080851745834386, 1.023182850898775, 0.26617981597380436, 1.379682619028601, 0.6704860780305735, 0.3392950334615123, 0.5509225059708369, 0.24988885941666814, 1.0255891143166516, 1.3136567664214238, 1.2652800127749613, 4.391817658425082, 0.9446128538555435, 0.8654912712738193, 0.028241123053013132, 0.4786233873404619, 0.20838038939404413, 0.44845749989523015, 0.07621986442440254, 1.4122677203435612, 1.4475281066658956, 0.4517875822916574, 0.053563418180447554, 1.1295518937833247, 2.064764510416642, 0.4493594699805646, 1.0969836866071598, 0.08265251908690477, 0.33074527972439943, 1.5626746799333442, 0.31066828999286294, 0.5962597379305583, 1.4749479459059254, 0.9761641555908892, 0.1234373349202406, 1.1232091350666902, 1.769299301077343, 1.3719653537519996, 0.26264753594940926, 0.15482348579880809, 0.8217616797499785, 0.1311870591662681, 0.7909986407916835, 1.9345030663333886, 0.9708381423333249, 0.7835906827583092, 0.6994113184785672, 0.0240671606033735, 1.5748046427887221, 0.14755909205484904, 0.12724791988868664, 2.5289696589166843, 0.4623729084166778, 0.2632168439416681, 1.6212826659993715, 0.3084401512283319, 0.6825572229690561, 0.14975705279940368, 0.7343455220555695, 0.9093348586476033, 0.05889879705495962, 3.079180775568979, 0.2514554724107186, 0.618225271083323, 0.893673065255943, 0.7327917808999996, 0.44521083606190803, 2.125047568416643, 0.6850702196666543, 0.07823639501488211, 0.42941286839165804, 0.2528107481642905, 0.26174213913095873, 1.0923402542500176, 0.03115355768004993, 0.06349577020099066, 0.10422367538690655, 0.7014941976666719, 1.3546293855666578, 0.3241900926071478, 0.36153105683809195, 0.057590929593055486, 0.43961289795832476, 0.09694016625346175, 0.28267031433833884, 1.3857963684999988, 0.4176976442178691, 0.07907191016130824, 0.17947677101666668, 0.4460950095833191, 0.33181568546666734, 0.15899112115833294, 0.6456659321488094, 0.24217859269999895, 0.0861593102603192, 1.3593742305000187, 0.6725761745416555, 1.3885454671594866, 0.45525425724999463, 1.8200351568499835, 0.6525874917499963, 0.5439533354868958, 0.7976842588333546, 0.11405320543214087, 0.5060335310642928, 0.26454330960916234, 0.12906097892261895, 0.3931089200333425, 0.08271402455238144, 4.468174673741768, 0.1302571544555526, 0.32547103318610915, 2.363348583285746, 1.820471909874988, 1.5820242682333197, 3.8167706466250824, 0.03818857545158752, 2.0432685449166406, 0.10307832620932598, 0.7145705313761854, 0.4600969739166608, 0.0979601976345246, 0.03047991554246097, 0.40657420488272866, 1.0253897881750307, 0.30524590366389737, 1.6055847722166492, 2.120393279133376, 3.683826637291719, 0.8119058998000043, 0.5199902082499942, 0.6004045599130932, 0.20323602657737913, 0.26463154012738405, 1.0711319456583366, 0.04483234794801509, 0.8223114118291553, 1.0219962084999843, 0.03751536116010094, 0.586765421934133, 0.05576078518174655, 0.05951627415634874, 0.20489874444167117, 0.3592990908315393, 0.1507733674845242, 0.5636466931499882, 0.5602968780571441, 0.4070368116341567, 0.22919582612499248, 0.4379126595761896, 0.7709624118694599, 0.9058821817456248, 0.4324556180369094, 1.2238667151333222, 0.41656704671606837, 0.580034308416685, 1.3185819061666348, 0.2269439418167556, 1.8177340116222158, 0.15181782219166398, 1.1573598730833288, 1.2301129463999856, 1.3353699173500442, 0.4611244722416516, 0.41574908001665545, 0.4529523274999976, 0.04139277083162668, 0.21214557460713634, 0.6494719623750099, 0.9146650844285936, 0.2572088078750051, 2.4605611384000254, 0.6546655947500112, 1.2733691140833543, 0.6131783267500204, 2.289548501858356, 0.2804755950250922, 1.3355542693332996, 0.10106572234106968, 0.05004885887380884, 0.26331789647043086, 0.25371452137500045, 1.7345878427499883, 2.8255580008706076, 0.22221950586666092, 0.6089536606261908, 0.5891313920750096, 0.16628562395357294, 0.2382415251035645, 3.230608195966623, 0.47459586266309756, 0.5214208777000117, 0.5781660575366998, 0.30431786796190385, 0.16778540724722074, 0.2993723617142895, 0.2745502374733323, 2.0896960361332773, 4.916319994916671, 0.40013027073333707, 0.274365754680956, 0.8515104122083131, 0.2213826237190513, 0.9629673586607231, 0.4676122767522813, 0.9377061268333419, 2.9948475909999175, 0.2569647462821369, 2.835587850833359, 0.09399997462559391, 0.2920512829422655, 0.34231186874999986, 0.7967750095000153, 1.9989992981666131, 0.7954876030472392, 3.9076451976666147, 1.6164166688000283, 2.9710995216499403, 1.5253807403095418, 1.2158469190000132, 0.3126872620416738, 0.6643119769869049, 1.545245337249968, 0.09067383054246073, 0.1525234405494058, 0.5579552322416635, 0.32780153421766084, 0.025091732906944053, 0.929951938499973, 0.6557316794017743, 5.499194122083475, 2.441365233233334, 1.1313670447499649, 3.7329279490000005, 0.659033588216678, 0.5089358416488154, 1.4233881833750064, 1.4183689324999622, 0.49177274395832593, 0.047469243117062715, 0.7956711856795421, 1.2939541288924317, 1.0901593872262176, 0.5135455085630876, 1.398256900416657, 5.284072003074837, 0.6343560079166708, 0.2567280234000065, 2.0983671610297323, 0.027177796069931082, 0.6931389917499879, 0.09670149421785915, 0.15900880734762168, 0.5465991495129948, 0.254326721436899, 0.27493598273333625, 2.7322733615000017, 0.7355097127500079, 1.1591339816333053, 0.16906759483095266, 1.1710054073785459, 0.18928909300951938, 0.47877232119999646, 0.5917030725440469, 0.5250392206886884, 1.0291887817829493, 1.272538806750025, 0.5293032913416756, 