Component,Relevance
1.0,99.26540428933247
2.0,0.7296513055789488
3.0,0.0049392880162573375
4.0,5.106317912650076e-06
5.0,1.0754417570678979e-08
