Component,Relevance
1.0,99.55921777924095
2.0,0.44027838688925486
3.0,0.0005038038368102726
4.0,3.003299490559439e-08
