Component,Relevance
1.0,71.53976143352973
2.0,18.29946526556883
3.0,7.177217368075579
4.0,2.5707963224044623
5.0,0.41275961042138193
6.0,0.0
