{"errorExec": {"Process": "OK"}, "Performance": {"spearman": {"spearmanr": 0.74679583776852332, "pvalue": 6.3548358410162365e-74}, "pearson": {"pvalue": 7.4506533386864347e-76, "pearsonr": 0.75317186897801713}, "kendalltau": {"kendalltau": 0.59617145339715449, "pvalue": 2.5109630304178692e-72}, "r_score": 0.55666534192870931, "predict_values": [0.08504199999999999, 4.5845, 0.974115, 2.212495, 0.23084000000000002, 1.594615, 1.21575175125, 4.5197, 2.5086335, 2.475155, 0.52652, 1.5935, 4.9365, 0.12768, 3.1666, 2.98835, 4.9874, 1.25166, 4.8553, 4.35455, 0.11535, 0.67457, 3.4045, 4.9441, 1.3820299999999999, 2.727405, 1.94056, 2.9979500000000003, 4.9943, 4.5318, 4.87925, 2.4192, 3.0596, 4.9962, 4.2345, 0.020134, 1.7922, 3.1089499999999997, 2.3291, 4.5531, 0.83901, 2.7164, 2.1620999999999997, 4.9906, 4.82935, 2.11695, 3.40395, 4.999975, 2.8149949999999997, 1.5462, 0.5006255000000001, 4.99976, 3.931, 2.6189999999999998, 4.9936, 1.943, 1.6858, 3.3528000000000002, 0.143095, 3.19395, 4.188750000000001, 4.999829999999999, 3.1764, 4.99988, 3.9206, 1.594615, 0.93132, 0.6382899999999999, 2.0769, 3.83725, 4.7010000000000005, 1.983, 1.06941, 4.6196, 2.6269, 4.27275, 1.58662, 3.6748499999999997, 4.98935, 2.5544, 2.877525, 2.68645, 4.731, 0.45406, 0.27755, 4.909549999999999, 1.01886, 0.67625, 1.1786899999999998, 3.8335999999999997, 1.522865, 0.875045, 0.026267000000000002, 2.9539, 3.7516999999999996, 1.139227, 4.633750000000001, 0.18636, 4.9499, 0.69595494735, 1.7149899999999998, 3.56135, 3.8808, 4.936825000000001, 2.792645, 8.5329e-07, 3.9852, 1.8968949999999998, 4.96, 4.7705, 1.5187, 3.3023, 1.7054, 1.6392, 2.7769, 2.0622499999999997, 9.8947e-06, 2.09722, 2.944625, 1.53525, 3.4974499999999997, 2.7483, 3.5554499999999996, 3.2960499999999997, 2.3093500000000002, 1.75999, 2.1275500000000003, 2.7628, 4.9929, 1.9308, 0.8345, 1.0474, 3.0239000000000003, 2.838025, 1.6340499999999998, 1.0661665, 2.5702499999999997, 0.92337, 2.801595, 2.56885, 0.00037477085000000004, 4.6506, 3.19145, 4.97175, 1.2762, 2.3309, 3.5025e-06, 1.7595, 2.647735, 3.67185, 2.243, 2.2015035, 3.7283, 2.3093500000000002, 3.6608, 3.1277, 2.916015, 4.9847, 0.8097, 4.44815, 4.8095, 4.4119, 0.5349754908500001, 3.8881, 0.207146, 3.3638, 2.04315, 3.3759500000000005, 2.87495, 2.59605, 3.222, 3.0768, 3.9676, 0.072127, 3.2133, 3.3165500000000003, 0.22873175125, 4.39325, 1.90697, 2.5210209999999997, 2.300065, 2.210045, 2.2855, 1.17118, 2.3001, 3.80943, 3.61505, 1.77148, 1.4369, 1.3955, 4.5963, 4.3438, 4.16755, 3.936, 4.8709, 2.4962169999999997, 4.4023, 3.11765, 2.7529250000000003, 0.013859, 4.9775, 4.99355, 1.22759, 4.1438, 3.2346500000000002, 3.2553, 4.8896, 4.9538, 4.957625, 2.66737, 0.48536999999999997, 3.13525, 2.3025349999999998, 0.6758535, 4.0778, 2.6862199999999996, 2.95555, 0.29169500000000004, 0.8130554999999999, 0.29894, 3.8282, 0.6543800000000001, 2.3692504266450003, 3.2253000000000003, 3.7233, 4.99986, 3.17325, 0.95872, 4.5047, 4.0352, 0.826271, 4.997, 2.19105494735, 0.71733, 4.47295, 1.594615, 3.5946499999999997, 4.9908, 3.8605, 2.2123, 4.5954, 4.6158, 3.1535, 4.95475, 4.6751000000000005, 4.7256, 4.35, 1.755305, 4.999975, 2.838025, 2.7483, 4.3982, 3.1144000000000003, 2.3356350000000003, 2.7564800000000003, 1.0766, 4.9921, 0.7833350000000001, 2.11695, 0.92468, 0.039733, 4.6022, 0.17084000000000002, 3.2399, 1.2432, 4.1819, 4.9782, 2.0685, 0.9514, 4.82935, 2.97846, 1.1772250000000002, 1.522865, 5.0, 3.6180000000000003, 4.9767, 1.532835, 2.0758, 2.64547, 2.27355, 2.6964500000000005, 2.65975, 2.7478100000000003, 1.4008, 2.1581165, 1.53415, 4.93565, 4.8157499999999995, 2.7805, 2.40621, 4.99986, 2.87845, 3.24355, 3.3638, 1.3484, 0.795225, 4.9787, 3.4536000000000002, 1.8978, 4.4687, 2.033255, 2.258975, 2.0086209999999998, 1.637465, 0.090434, 0.45406, 4.8553, 1.8688, 1.689615, 2.2015035, 3.6006, 3.3217, 2.81558, 3.7306, 2.8668299999999998, 1.883617, 3.0570500000000003, 3.6308, 2.898265, 3.3234500000000002, 0.67159, 4.2393, 4.990399999999999, 0.579, 4.5546500000000005, 1.3678, 3.7258, 3.52395, 4.93445, 3.4807, 2.814545, 2.2602, 6.5826e-05, 3.2334500000000004, 2.771435, 3.8720499999999998, 4.9936, 0.05365399999999999, 4.995375, 4.3897, 2.6468, 2.7803500000000003, 2.5574500000000002, 4.99747, 3.2334500000000004, 4.1465, 2.0038665, 4.33085, 4.9737, 1.9583, 0.98856, 2.1785, 4.9952, 2.49762, 4.12455, 2.033255, 1.3704, 2.597, 1.8529499999999999, 0.685232913, 0.23568000000000003, 0.058611, 2.515858, 2.51181, 2.97956, 2.8076749999999997, 2.355017, 4.0707, 1.868255, 4.9902, 2.6172, 0.42953, 1.9872295, 2.6127000000000002, 3.1047499999999997, 1.5194709999999998, 3.2824, 4.0072, 1.689021, 0.278605, 4.9139, 3.9384, 1.07965, 4.1325, 4.2999, 4.28695, 0.22055, 4.9719999999999995, 2.0535, 1.5202, 4.99747, 2.920715, 2.9999, 2.9048000000000003, 4.0403, 3.2903, 1.8956499999999998, 4.544425, 4.957, 1.5675, 1.19152, 4.6998999999999995, 4.0922, 4.3998, 2.2314, 0.00012719255, 3.7012, 3.1770500000000004],