Component,Relevance
1.0,50.42002574043197
2.0,24.838675921725656
3.0,10.862770940748323
4.0,8.401265565568613
5.0,4.060443631916665
6.0,1.4168181996087772
