{"errorExec": {"Process": "OK"}, "Performance": {"spearman": {"spearmanr": 0.99447160292286196, "pvalue": 0.0}, "pearson": {"pvalue": 0.0, "pearsonr": 0.99517308795299186}, "kendalltau": {"kendalltau": 0.93973379457380046, "pvalue": 8.1596564074866364e-177}, "r_score": 0.99007829369773859, "predict_values": [4.493289862676789, 4.718199982554153, 4.673277079642972, 5.093015346785753, 4.814494238470413, 5.134061857182408, 5.032467463333283, 4.6227357601191565, 4.841276351071446, 4.798891674523914, 4.488547913749913, 4.6176804723152385, 4.797779050045089, 4.728663813154764, 4.297715080515826, 3.7009943499999185, 4.8957555944643705, 5.076696344265757, 4.581355029632879, 4.32891330224208, 4.684303119404769, 5.282713089464256, 4.55854738857137, 4.913558834339975, 4.667245474166566, 5.080386849999976, 4.587831967414258, 5.1898421515963555, 4.38387524152054, 5.407962616487951, 4.537425374726795, 4.686267417500004, 4.091215264176372, 4.558872493571292, 4.685529022738007, 4.488459550929007, 3.8504417364285946, 4.649412794523813, 4.379728192830088, 5.08901729750017, 4.584320332215979, 4.381425146666654, 4.522507801408648, 4.832693701666664, 5.2846368711109495, 4.873798640535637, 5.213166160476161, 4.793904403584661, 5.035720502896884, 4.326851170952291, 4.519925730119097, 4.44618273815772, 4.872979407499966, 4.705147836666661, 4.996282242499974, 4.579183608333335, 4.670743006071433, 4.880131986428569, 4.296129769027699, 5.244670936309538, 4.637243987002178, 4.886974424999974, 4.918678915595382, 4.882049206904823, 4.901454253333334, 5.118638853333255, 4.158231559761947, 4.739998098333342, 5.108156170238059, 4.675989650000017, 5.376339066666742, 5.534986461666532, 5.289983802381029, 5.066259555595228, 5.152782171428668, 5.216254769444322, 5.328832104861135, 4.302209848809635, 5.144528508333257, 3.732533653749968, 4.772317279085505, 5.113765769166713, 5.1829887770039536, 4.584456188333311, 5.025313677568443, 4.813768782541609, 4.25765826952371, 4.55513103154757, 5.072176851190502, 4.865022940833248, 4.652490349069252, 4.5996947483333415, 4.888203252261956, 4.723261345232724, 5.174681734781914, 4.611910087675144, 4.7542571831727845, 4.191403233690369, 4.878454980833432, 4.339472085158708, 4.50353703916667, 4.5224328983530855, 4.876317037738262, 4.66864589583328, 4.989915629166677, 4.796520499999888, 4.317409923412732, 4.648769800952333, 4.541365728214201, 4.366989121183269, 4.6785274341666705, 4.684052722700237, 4.193478472830114, 4.610772441046268, 4.651188993223231, 5.031906049166675, 4.145642044345242, 4.96630921511906, 4.896297033218928, 5.189865420892825, 4.974789834047516, 4.726050482500052, 4.327025501250086, 4.336303003333207, 4.755194710128947, 5.093135634166561, 4.097790752627804, 4.7633314685714, 4.95669146761903, 4.573702164107176, 4.744640542023882, 5.2347635788384395, 4.107461257597687, 4.944240403988089, 4.7818752725873335, 4.739937138450549, 4.85220657023824, 4.1542812080357345, 4.992652271249902, 4.7756226298809095, 4.386576504047653, 4.164668292261972, 4.679701004999976, 4.910364372023904, 4.582058025000072, 4.3734336071428705, 5.01758314000001, 4.707289454999927, 4.575862051520971, 4.68911766166671, 4.893097988868991, 4.376109962222103, 4.6434064966666835, 5.065667891904836, 4.574482344078211, 3.8110014586903995, 4.324109259880885, 4.666574024999977, 5.077488489761949, 4.108954508883878, 5.063052761666624, 4.262964228154666, 4.363839027142922, 4.391635856904737, 4.95403177976198, 4.579673067443104, 4.217439347738096, 5.296722924999934, 4.156685868234085, 5.191705702142958, 4.148722798690407, 5.069133332142929, 4.33670565101202, 4.501546475476245, 4.803404200938875, 4.546814189880799, 4.812238156964225, 4.469941940674604, 5.161615185099209, 5.042002089523914, 5.166798623540744, 5.242638220833405, 4.69107001571421, 4.201699062500103, 4.198699732341224, 4.866712648035786, 4.58371347123132, 5.488729807500015, 5.326613442499837, 4.918449608333457, 4.288370693690384, 4.230035340714336, 4.905051296964281, 4.465369208392802, 4.690824699999898, 4.543752073611067, 4.794723563424727, 4.499801467499963, 4.389050172016617, 4.38117333799609, 5.287282688690468, 4.688556524999942, 4.750634459999926, 4.818289731844361, 4.552445929943498, 4.801058690833279, 4.582774731994086, 4.173995744047531, 5.27273722000013, 4.861592364696992, 5.106691769762003, 4.684463795914425, 5.329973310595281, 5.111355270396883, 5.342533889762019, 5.105038173333428, 4.25294319583338, 5.115997680952339, 4.5753766636724125, 4.6263009465477305, 4.775597768571423, 4.398287578194417, 4.206103712857131, 5.103865747063472, 4.328023360833328, 3.5827119766666886, 4.219337413154834, 4.6911884155952315, 4.364754414365146, 5.17876449320347, 4.721793185952459, 4.182914933630884, 4.394782483690554, 4.843516217797576, 5.203682736547477, 5.082919181666532, 5.086126906309503, 4.610176497499958, 4.281900432857063, 4.993698766547658, 4.455802385119045, 5.36491414940492, 4.762134364047483, 4.710645569523898, 5.138236575000035, 4.106705682460371, 4.66471984142849, 4.8081110541666945, 4.727643652245662, 4.7847184580952975, 4.983105412618997, 4.886085934881008, 4.665810831071521, 5.187718154999888, 4.570031484166675, 4.5018276614284884, 3.9350286679165447, 5.068159982499957, 4.551888462857052, 4.914773276666611, 5.085360536190603, 4.783255744642879, 4.64412956678575, 4.283765486249933, 3.7853660862896676, 4.708201334458856, 4.791912989741506, 4.880153609761961, 5.399035834047597, 5.260365722500002, 4.728335512499916, 5.097667202738058, 3.799222648789677, 4.087764066080491, 4.789130727077885, 4.563719799107092, 4.286782832618929, 4.57698408031745, 4.805877084821473, 4.070092091280199, 4.646840636547573, 4.810824582093949, 4.756155360833293, 4.926707700926882, 4.8579304194047275, 4.14672170154762, 4.796851619593283, 5.160017878968285, 4.925103502142802, 4.59029524071438, 4.386288651944404, 4.697471183333343, 4.706781959280284, 4.554211244491355, 4.982701865595328, 4.358698016845269, 5.166655054751024, 4.7127338552508045, 4.718194206904735, 4.580250447517439, 4.820554194761963, 4.71408307083325, 4.372286341508017, 4.704649850119033, 5.037720927976284, 4.260545370833361, 4.636106760833325, 4.735381492499994, 5.076732996666701, 4.980537325476188, 4.850910165119044, 4.222029074166656, 5.033781797539596, 5.078036621785681, 5.156118665000041, 4.227424690595178, 4.7975410757936325, 4.8286323392856305, 4.465351706369097, 5.201925867738227, 4.712911188333432, 4.902214867142942, 5.3327471849999295, 4.449138090403429, 4.934746014464242, 4.054647887202288, 4.581369949292193, 4.228359069642951, 4.8491623950000475, 4.798418546635333, 4.7987007833877335, 4.774733119999889, 5.336634610833402, 4.776399474813475, 4.749839965000021, 4.094714176616847, 5.099744321547582, 4.583606847857072, 4.8796162660714, 4.687324440119133, 4.908607176309571, 3.8922382564286138, 4.164190530228692, 5.078827570476141, 4.881399138571434, 4.839253075436365, 5.275548163095243, 4.715996661269905, 5.237290177499833, 4.88116207988107, 5.344019292361077, 5.339668934999889, 4.782047040833342, 4.797796291146404, 4.105834605907696, 4.969618804047577, 4.9989645566666265, 4.319628707916522, 4.566336654940408, 5.492990032619147, 4.469935953333411, 4.407367088888824, 4.427904013452324, 4.622991467499939, 4.671298394880901, 4.608402435000056, 5.137125416666771, 4.950081075000142, 4.559905381388921, 4.733223484166661, 5.467305637500024, 4.268286505059563, 4.272477832142833, 4.687154550714152, 4.474024486190505, 5.318084747440495, 4.773337713728297, 4.911940531547637, 5.092270418452514, 4.635055725000017, 4.854456243982689, 4.585821960999088, 4.678113881190521, 4.293620182602897, 4.8047605832141675, 5.137930173809606, 4.460011213055592, 4.248971166071353, 5.061358985357194, 4.464607083333225, 4.687937750833344, 4.776444872316042, 4.472859742618995, 4.664238412619008, 3.889622712023766, 4.800535142231948, 4.313390572083348, 5.008429510000134, 4.935254331726228, 4.750502475779746, 4.5910804667856056, 4.3824559088096136, 4.551843684166787, 4.372895600773873, 