{"errorExec": {"Process": "OK"}, "Performance": {"spearman": {"spearmanr": 0.80107809841774746, "pvalue": 1.5805833353060265e-92}, "pearson": {"pvalue": 2.3839747112486539e-99, "pearsonr": 0.81753852241757741}, "kendalltau": {"kendalltau": 0.64622408707218171, "pvalue": 1.1875533875274203e-84}, "r_score": 0.66480033529441296, "predict_values": [0.97187, 2.0399, 0.056123155590909087, 0.08611, 0.925845, 0.7196849999999999, 0.701435, 0.56, 0.3081725, 0.8739399999999999, 1.63635, 0.048334, 0.64219, 0.00012182469090909092, 0.0009818541666666667, 2.1596, 0.062564, 0.5065748234999999, 1.1172, 0.5231600000000001, 0.0010938641666666667, 1.9547999999999999, 2.1268000000000002, 0.54742, 0.00011848215, 0.00012590639999999998, 0.5000943534999999, 0.18351, 0.387615, 0.00011642600000000001, 0.94619, 0.42936, 0.07849, 2.0442, 1.1528, 0.5202555, 0.9837899999999999, 2.0812916666666665, 0.324305, 0.0043382845, 2.0812916666666665, 0.11200999999999998, 1.7724, 1.7731, 0.19790999999999997, 0.1787505, 0.274192435, 0.23154, 1.446265, 0.992, 1.2962, 1.1883, 1.9806, 0.02402175, 0.4182475, 2.9783700000000004e-05, 0.77742, 0.842205, 0.96034, 0.1111495, 1.1172, 0.30125, 0.18811093999999998, 0.38584409999999997, 0.75556, 0.0074542, 0.0012963025, 1.1437300000000001, 0.134427199, 0.56525, 0.92214, 1.011116, 0.4281501, 1.9608, 1.34604, 1.88635, 3.74365e-05, 0.28636, 1.2077550000000001, 0.376435, 0.62774, 1.24775, 0.091592435, 0.38984605219999996, 1.9145, 0.19335, 0.9971249999999999, 0.129285, 0.0043382845, 1.8537166666666667, 0.029705000000000002, 0.87903, 0.34442649999999997, 1.898, 9.3082e-05, 0.9642200000000001, 1.7454999999999998, 2.381, 0.80672, 1.1405, 0.376435, 0.008435149999999999, 1.7984, 0.2228845, 0.19583, 1.2899, 0.9839249999999999, 0.44292, 1.9563, 0.012232999999999999, 0.0083452, 0.465685, 1.0550300000000001, 0.0015659, 1.1567, 2.0442, 0.6580165, 0.9037200000000001, 0.46433, 1.89195, 0.9342649999999999, 0.98888, 1.2424, 1.0007, 2.0833, 0.049970999999999995, 0.92175, 0.88711825, 0.280114635, 0.558723, 0.13981, 0.3905935, 2.0289, 0.280114635, 0.5858300000000001, 0.8108849999999999, 1.2191, 2.3255, 1.0131, 0.53672, 0.14909625, 0.7088626499999999, 0.5277860000000001, 0.623185, 0.92954, 0.00021223, 0.9665895, 0.5860862425, 1.4939, 0.29180500000000004, 0.004774115000000001, 1.1105, 0.00037873849999999994, 1.9608, 1.1468, 1.8988749999999999, 0.790025, 1.9973, 0.00019389559090909092, 0.099941541, 0.599115, 0.05611111499999999, 0.71528, 0.4919755, 1.39548, 0.8891249999999999, 0.55343, 1.010394825, 0.7993214999999999, 1.3451, 1.1276834, 0.857755, 0.752075, 1.1029415, 2.0203, 0.3984155000000001, 2.0839499999999997, 2.2222, 0.979054, 2.0213, 0.3899531555909091, 0.00242854, 1.62725, 0.057488399999999995, 1.4641600000000001, 0.0025482, 0.6366750000000001, 0.014413999999999998, 0.010079000000000001, 0.76594, 1.016385, 1.174716, 0.01003128798, 1.263025, 0.0007961649999999999, 0.30513599999999996, 1.9038, 0.9695600000000001, 0.857755, 0.280114635, 0.25910449999999996, 0.49761500000000003, 0.5942681555909091, 2.0363, 0.6058224999999999, 0.037889655590909094, 1.30364, 0.38835549999999996, 0.5022415, 0.088408, 0.7017100000000001, 0.660865, 0.6446, 1.0728, 8.62785e-05, 1.0069955, 0.6047536691000001, 0.08531825, 1.12975, 0.6482181555909091, 0.7368899999999999, 0.05655584999999999, 0.70168, 1.78085, 1.008645, 0.12178, 0.45238, 0.059073365, 1.641, 0.1688, 1.5798, 0.700445, 0.037886135, 0.000608008090909091, 1.8867, 0.9303799999999999, 0.9772254284999999, 1.0526, 1.9632, 1.0785, 0.61287, 0.024386541, 0.117668, 0.2615831509375, 0.8763, 1.9635500000000001, 1.0070000000000001, 0.31144061166666664, 0.579475, 0.0002689885, 0.63343, 0.023747249999999998, 0.5938715, 0.42708054, 0.5946362424999999, 1.1456, 2.3547, 1.0069955, 0.0033919525, 1.2993, 1.9014, 0.19215528798, 0.22005, 0.5312100000000001, 0.809345, 2.0238, 1.064965, 0.628695, 0.45474542849999994, 0.19790999999999997, 0.65605, 0.0006128106666666667, 0.62803, 1.3662999999999998, 2.0819, 1.0635204999999999, 0.20876999999999998, 5.7596e-07, 2.0, 1.043977, 0.59277, 1.2686466666666667, 0.5619, 1.9351e-06, 0.872555, 2.202725, 1.03583, 0.25449815093749995, 0.45474542849999994, 1.44664, 0.000247445, 1.1666299999999998, 1.2443, 1.0124, 1.25406, 0.6526949999999999, 0.0044702, 1.2815, 0.6481071125, 1.547775, 1.3075, 0.96034, 2.11665, 0.38329749999999996, 1.18948, 0.389941115, 2.1276, 0.2277255, 0.71933, 2.0629999999999997, 1.0948000000000002, 2.3256, 0.5518455, 0.0002045199, 0.377897199, 1.16457125, 0.7420399999999999, 0.94608, 0.853225, 0.840063, 0.08495085000000001, 0.0035424999999999996, 0.036616, 2.1636, 0.872555, 2.2259, 0.64219, 1.427295, 0.53033, 1.5071499999999998, 0.8911100000000001, 0.60820805, 0.838917199, 0.83483, 0.9998799999999999, 1.2442855000000002, 0.935845, 0.5905100000000001, 0.77994, 0.709005, 1.797, 1.328705, 1.4119, 0.273756541, 1.4091, 1.3480699999999999, 1.8485, 2.0812916666666665, 0.25910449999999996, 0.6616350000000001, 0.09026150000000001, 1.4816500000000001, 0.5317750000000001, 1.3388849999999999, 0.19979, 0.9716100000000001, 0.78101, 0.062818, 0.0091715, 1.284235, 0.03783058, 1.1539, 0.15062547833, 1.8313000000000001, 0.3989015, 0.7468600000000001, 0.2547745, 0.646575, 1.387, 0.6026900000000001, 0.32608499999999996, 0.34297, 0.0012155999999999998, 0.919195, 1.1914500000000001, 1.9696500000000001, 0.33655, 1.4123, 1.24497, 0.05795584999999999, 1.0013325, 0.6366750000000001, 0.71134, 0.00091188, 1.9986, 1.8821, 2.1102, 2.1561500000000002, 0.80519, 0.14909625, 0.11445999999999999, 1.44655, 0.21506, 0.0058042, 0.1051, 1.144135, 0.65827, 1.01058, 1.112435, 0.58504, 0.12559, 7.3382e-06, 0.3282848525, 0.16574000000000003, 1.92, 0.034783, 0.38999500000000004, 0.70832],