{"errorExec": {"Process": "OK"}, "Performance": {"spearman": {"spearmanr": 0.5382451428376527, "pvalue": 4.6514210307462036e-36}, "pearson": {"pvalue": 3.197184886598444e-38, "pearsonr": 0.5521288290922547}, "kendalltau": {"kendalltau": 0.38109237356290454, "pvalue": 1.8880401524338338e-34}, "r_score": 0.30473108846098185, "predict_values": [7.273867968497974, 7.400121327555178, 6.023666554195403, 6.137890198726088, 6.542813987679894, 6.852652341129609, 7.39783647690313, 6.408054361955044, 6.692933801722065, 6.711918945310499, 6.828614857729569, 7.306023745025573, 7.3393485727570145, 6.514976308859119, 6.699700647508629, 6.373862929852236, 6.632272297902276, 5.923472582871086, 6.269665594224679, 6.164674264055792, 6.951974151250829, 6.993382384579107, 6.972058169733659, 6.8944947782506265, 7.650382695530813, 6.865486474070359, 7.126340403465741, 7.094982629155707, 6.829191618603328, 6.726145600261168, 6.322059518096518, 7.770290470716466, 6.759351816968391, 6.530677004851086, 6.873776425919461, 6.781720080796946, 5.8871206720304965, 6.918657288871554, 6.3755088336733925, 6.549354750081632, 6.15430661311323, 7.440769594507909, 6.551000653902788, 6.967201977301566, 7.213116120929703, 5.927496224097746, 6.471369356892726, 6.874634835880193, 7.876216803352204, 5.697160157761123, 7.341537522828849, 7.186986556887368, 6.619732016135366, 6.493455112269369, 6.474318273340107, 6.1783167980868585, 7.365047310376372, 5.615440762784847, 6.936064500486161, 5.741992585998445, 6.933086482398256, 6.988130858561081, 6.665815014607911, 8.144972915114913, 6.840074023520682, 7.04792816652994, 6.709675169327376, 7.593020359399182, 6.712704030650487, 6.937141633785877, 7.407411886518176, 6.0335922150512244, 6.272425723338392, 6.982180608275465, 6.592899516090892, 7.165979508966087, 7.613565905101311, 7.40762556375782, 6.641414472573907, 6.928709551103912, 7.026253070137242, 7.461571899391038, 7.130514165877581, 7.266421101211596, 5.674264198080049, 7.5964347857419465, 5.541783866175516, 7.310119971082118, 7.214120669399533, 7.55441332985354, 5.521403587998411, 7.353793116681878, 7.170375773334676, 6.179177616568026, 6.256302191275763, 6.780672049137756, 7.467045297059341, 6.663021801177591, 6.63686313549473, 6.6687599483792095, 7.785294850961279, 7.225778391090595, 6.549025610129063, 7.498671803578774, 6.8582660914168105, 6.665553642444357, 7.35467326823729, 6.8135877920409005, 6.525510036691344, 5.837623247215185, 6.772970831190813, 7.296288649717384, 6.68910052198472, 6.725959221447935, 6.442720868461199, 6.847958242911096, 6.618939570749533, 6.341958126615441, 6.971650659061007, 6.609204475441343, 6.150225737454846, 7.375947474212323, 6.411753476211691, 5.996124300704115, 7.575638266749015, 7.477010254370125, 7.416751444182115, 6.56515134665381, 6.223246095753721, 7.404388582026796, 7.276898403976734, 7.0412703672596315, 6.781614386650302, 6.268230219331871, 6.389363470788455, 7.692576014199078, 6.7176086577973475, 6.589719163485269, 7.641577020857594, 6.557063958380891, 6.632073742002326, 6.7190093742179, 6.890595329880066, 6.4088005770882255, 6.907445744001632, 7.5466823799596, 6.671983784174191, 6.865603306880614, 6.723685713517815, 6.872638884876577, 7.710542227768848, 7.53725950005017, 6.50966259688396, 6.7099068095439325, 6.342667249755782, 5.87722746518481, 6.447824681814481, 6.5413841696188175, 6.936802725267028, 6.422152637315214, 5.961226153981403, 7.779178294727535, 6.8064531401532795, 7.740020228578898, 6.120513866965968, 5.72198272650115, 5.437483269921902, 7.549364972718019, 6.317945533121376, 7.947173238800133, 6.571479375665079, 7.045211520605588, 6.595809766389784, 6.203649303760805, 6.429076760274485, 6.708243981168967, 6.799955026576114, 5.7314708311946205, 6.211063086730578, 6.556737226948759, 7.435224446374509, 7.157958919632856, 5.704067356166585, 7.924525843889426, 5.618313717032581, 6.42785589698611, 7.3500606890501565, 6.440465724755997, 5.817366397103171, 6.369349628615076, 6.187167530105086, 6.359805729160991, 7.345657064635722, 6.605306805284747, 7.519727286214824, 7.411144085091431, 7.33398401754665, 5.950090342252661, 7.701263077848079, 6.349158972136427, 5.365545626754622, 6.624685077996996, 6.802855508308726, 6.085760055538238, 5.9130767991373245, 6.214767986877423, 6.604313599536845, 6.5471400757390334, 7.53612596668352, 6.7098954668220046, 7.167844875917085, 6.786768437932468, 7.851680725740174, 7.542966137090828, 5.990353069185889, 6.4182298481941755, 5.459804673191335, 6.256091662347416, 7.45623705112752, 6.232067726131423, 6.611584621367283, 7.024971799105698, 7.6910447137259075, 7.915725955106405, 6.407187757583678, 6.044760907038258, 6.483568321620352, 7.749583461107228, 7.180350499211739, 6.389546701290393, 7.859316380360221, 6.277794286224989, 6.288047308819416, 6.966086177853363, 7.6173854085961406, 7.245692955313999, 6.9561421277724715, 7.177011831010304, 7.449244555072913, 7.432526503217929, 7.336179358815004, 7.52928095423519, 8.058578754994372, 5.904011326456199, 7.1077328345446436, 6.914511997793767, 6.038543498698892, 6.72490878126831, 6.9714192229027665, 6.529121444778411, 6.47758833938774, 6.180959890332, 6.262508256893203, 6.215899111723637, 7.033890298912939, 7.433889923587324, 6.7434090818871155, 5.331798772317156, 6.354217703144552, 6.024571824715258, 7.105888349823388, 6.32935964156748, 6.985199701032297, 6.704806035017558, 6.547490957286281, 5.964223505143554, 7.464590992147869, 7.493796278072438, 6.553857652446039, 7.036420566024058, 7.172232206084181, 6.728229690551148, 5.839670041454006, 7.3715623485073465, 6.758455480650029, 7.009745343152293, 6.722308541906058, 6.7446008435349665, 6.429583319838644, 5.9772697411683, 6.911382284365033, 7.245030692732779, 6.796398469400486, 6.52608616725863, 6.344827098187092, 6.722878886583147, 6.041022922574806, 6.898935494657901, 6.60388119895822, 6.812968178284254, 5.71872641169588, 6.633146892625957, 7.142312240187541, 6.454663278066143, 6.382713661870463, 6.85843734889035, 5.738235268460748, 7.052758634691268, 6.907315159949013, 5.5923633758159506, 7.086669991862749, 6.045477390224444, 6.7800895023738015, 7.248267674463804, 7.094575952847844, 5.883297160859432, 7.153525359213111, 6.225910929593542, 7.1337962049536126, 7.477617895098372, 7.02450946252176, 7.86128901561351, 6.707234615658267, 6.500806078975535, 7.08201633800669, 6.26861261104008, 6.211292948733171, 6.728598331016993, 7.6496468792703824, 6.060563289500634, 6.494828301205043, 5.554757517370378, 7.22959053453958, 6.053330933818686, 7.207971863213968, 6.444189957977087, 7.505270769261561, 7.2238775063024026, 5.835116295854394, 6.488151168860489, 7.420820346812099, 7.134252150341033, 7.076459618092895, 7.229087957651505, 7.144425228059729, 6.788028572675655, 6.469177998300455, 5.900821205284297, 6.1413379134437776, 7.208069567008296, 7.175566891609533, 7.1476759610331175, 6.959660649106084, 6.878735273671289, 7.545617219688285, 7.046878560715103, 6.907825727189405, 7.294962321340831, 6.646732167225149, 7.435057400635521, 6.694221463950129, 6.655526499176441, 5.598968757695407, 7.127008451937157, 6.0510169815261134, 6.163043685632647, 7.954058695610916, 7.776139868896459, 6.985528840984864, 6.668156290327045, 7.178164926509666, 6.544790605609266, 7.025559272394913, 6.226649154374408, 7.849421599358887, 6.826485685094431, 6.453644348047478, 6.669219042077924, 6.362034179746103, 6.635030018495552, 7.378829362661548, 7.190796291815918, 7.214189271553336, 7.049703080248068, 6.828665700964773, 5.96362961565767, 6.63098620982986, 7.712197900156285, 7.511069324206349, 6.079705914320093, 7.293088129672729, 7.692585782765359, 6.470204288364965, 6.175479132617851, 6.933304371372449, 6.625943638584535, 6.772413403391299, 7.396895688546081, 7.330499414894435, 6.522335240917452, 6.024316843748222, 7.40629766122562, 7.65190998832775, 7.220876172464169, 7.104366842916647, 6.788634639248254, 6.064001031593728, 7.22254140935957, 7.780284529667774, 7.5827769013127195, 7.186404035123564, 7.190990865039783, 6.459970598844783, 