,eval,petal.length,petal.width,sepal.length,sepal.width,variety
eval,1.0,0.3169301559005767,0.3188879745618931,0.20118801166455708,0.1137990912532957,4.440892098500626e-06
petal.length,0.3169301559005767,1.0,0.596808091392636,0.6094534005193784,0.4949231892191679,-1.6653345369377348e-06
petal.width,0.3188879745618931,0.5968080913926361,1.0,0.5070468649125954,0.41520737683711284,-3.3306690738754696e-06
sepal.length,0.2011880116645571,0.6094534005193784,0.5070468649125954,1.0,0.47447647295640744,-1.1102230246251565e-06
sepal.width,0.11379909125329567,0.49492318921916795,0.41520737683711284,0.4744764729564075,1.0,-1.3877787807814457e-06
variety,4.440892098500626e-06,-1.6653345369377348e-06,-3.3306690738754696e-06,-1.1102230246251565e-06,-1.3877787807814457e-06,1.0
