Component,Variance
PCA 1,64.32188737003172
PCA 2,15.50674088382466
PCA 3,12.441451294186084
PCA 4,7.7062207647080685
PCA 5,0.0013388079933696344
PCA 6,7.461753482083553e-28
