{"errorExec": {"Process": "OK"}, "Performance": {"spearman": {"spearmanr": 0.9968076807680767, "pvalue": 2.109915217856399e-109}, "pearson": {"pvalue": 2.0035409574012592e-99, "pearsonr": 0.994893430039112}, "kendalltau": {"kendalltau": 0.9628282828282836, "pvalue": 1.0022182749669804e-45}, "r_score": 0.9898129371349892, "predict_values": [-0.014764622005008832, 0.08626320771641893, 0.18729103743784759, 0.28831886715927535, 0.389346696880704, 0.49037452660213177, 0.5914023563235604, 0.6924301860449882, 0.7934580157664168, 0.8944858454878446, 0.9955136752092728, 1.0965315031655565, 1.1975493311218406, 1.2985671590781243, 1.3995849870344088, 1.5007028326421343, 1.6017206605984189, 1.7027384885547026, 1.8037563165109862, 1.9047741444672703, 2.005791972423554, 2.106809800379838, 2.2078276283361222, 2.308845456292406, 2.40986328424869, 2.510981129856416, 2.6119989578127, 2.713016785768984, 2.814034613725268, 2.915052441681552, 3.0160702696378356, 3.1170880975941198, 3.218105925550404, 3.3191237535066875, 3.4201415814629716, 3.5212594270706976, 3.6222772550269813, 3.7232950829832654, 3.8243129109395495, 3.925330738895833, 4.026348566852118, 4.127366394808401, 4.228384222764685, 4.329402050720969, 4.430419878677253, 4.531537724284979, 4.6325555522412625, 4.733573380197546, 4.834591208153831, 4.935609036110114, 5.036626864066399, 5.1376446920226835, 5.238662519978967, 5.339680347935251, 5.440698175891535, 5.541816021499261, 5.642833849455545, 5.743851677411828, 5.844869505368113, 5.9458873333243965, 6.04690516128068, 6.147922989236964, 6.248940817193248, 6.349958645149532, 6.450976473105817, 6.552094318713542, 6.653112146669826, 6.754129974626109, 6.855147802582394, 6.956165630538678, 7.057183458494963, 7.158201286451247, 7.25921911440753, 7.360236942363814, 7.461254770320098, 7.562372615927824, 7.663390443884108, 7.7644082718403915, 7.865426099796675, 7.966443927752959, 8.067461755709244, 8.168479583665528, 8.269497411621812, 8.370515239578097, 8.471533067534379, 8.572650913142105, 8.673668741098389, 8.774686569054673, 8.875704397010956, 8.976722224967242, 9.077740052923524, 9.17875788087981, 9.279775708836091, 9.380793536792378, 9.48181136474866, 9.582929210356387, 9.68394703831267, 9.784964866268954, 9.885982694225238, 9.987000522181523], "real_values": [0.017005000000000003, 0.10401, 0.2496, 0.33575, 0.2677, 0.48043, 0.62288, 0.7262, 0.9073, 0.90507, 1.0771, 1.1196, 1.1797, 1.3162, 1.4357, 1.5265, 1.7184, 1.8928, 1.8652, 1.8419, 2.1561, 2.1585, 2.2397, 2.7808, 2.3497, 2.2414, 2.7175, 2.262, 2.8683, 2.918, 3.1525, 3.3405, 3.3834, 3.3480000000000003, 3.4485, 3.5191, 2.9491, 3.7443, 3.8089, 3.9438, 4.0633, 4.1918, 3.9134, 4.4922, 4.4757, 4.2254, 4.6375, 4.8449, 4.8444, 5.1348, 4.9268, 5.1959, 5.3327, 5.2957, 5.0126, 5.5185, 5.5562, 5.6897, 6.3476, 5.869, 6.0952, 6.1445, 6.246, 6.4414, 6.9183, 6.3022, 6.6919, 6.2847, 6.882999999999999, 6.4913, 7.0366, 6.3199, 7.1409, 7.4114, 7.1357, 7.3432, 7.5731, 7.3902, 8.2962, 7.9847, 8.4484, 7.4428, 8.3588, 8.3993, 8.7681, 8.5789, 8.713, 7.605, 8.8753, 9.6752, 9.0876, 9.6272, 9.0304, 9.3553, 9.4642, 9.3028, 9.7528, 9.805, 11.123, 10.581]}, "Params": "Default", "algorithm": "Linear Regression"}