,eval,petal.length,petal.width,sepal.length,sepal.width,variety
eval,1.0,0.3169301559005768,0.31888797456189316,0.20118801166455705,0.1137990912532957,4.440892098500626e-06
petal.length,0.3169301559005769,1.0,0.5968080913926361,0.6094534005193785,0.4949231892191675,-1.6653345369377348e-06
petal.width,0.31888797456189316,0.5968080913926361,1.0,0.5070468649125953,0.41520737683711295,-3.3306690738754696e-06
sepal.length,0.20118801166455705,0.6094534005193784,0.5070468649125953,1.0,0.47447647295640755,-1.1102230246251565e-06
sepal.width,0.1137990912532957,0.4949231892191679,0.415207376837113,0.4744764729564073,1.0,-1.3877787807814457e-06
variety,4.440892098500626e-06,-1.6653345369377348e-06,-3.3306690738754696e-06,-1.1102230246251565e-06,-1.3877787807814457e-06,1.0
