{"errorExec": {"Process": "OK"}, "Performance": {"spearman": {"spearmanr": 0.9999999999999998, "pvalue": 0.0}, "pearson": {"pvalue": 0.0, "pearsonr": 1.0}, "kendalltau": {"kendalltau": 0.9999999999999991, "pvalue": 2.349828235744763e-226}, "r_score": 1.0, "predict_values": [4.6, 4.9, 4.1, 4.8, 5.1, 4.8, 5.3, 4.7, 5.1, 4.8, 4.9, 4.9, 4.5, 4.6, 4.8, 4.9, 4.3, 3.7, 4.9, 4.9, 5.3, 4.6, 4.4, 4.7, 5.4, 4.7, 4.7, 4.9, 4.8, 5.1, 4.6, 5.2, 4.4, 5.4, 4.6, 4.8, 4.1, 4.7, 4.7, 4.6, 3.9, 4.8, 4.4, 5.1, 4.6, 4.4, 4.6, 5.0, 5.3, 4.9, 5.2, 4.8, 5.2, 4.4, 4.7, 4.6, 4.9, 4.7, 5.0, 4.6, 4.7, 4.9, 4.3, 5.3, 4.6, 4.8, 4.9, 4.9, 4.9, 4.9, 5.3, 4.3, 4.8, 4.8, 4.7, 5.1, 4.8, 5.4, 5.6, 5.2, 5.1, 5.3, 5.2, 5.4, 4.3, 5.3, 3.8, 4.8, 5.3, 5.2, 4.6, 5.2, 4.8, 4.3, 4.6, 5.1, 4.9, 4.7, 4.7, 4.9, 4.9, 5.2, 4.6, 4.8, 4.2, 4.9, 5.1, 4.8, 4.4, 4.6, 4.6, 4.9, 4.8, 4.2, 5.0, 4.8, 4.4, 4.7, 4.7, 4.4, 4.7, 4.7, 4.2, 4.6, 5.3, 4.8, 5.1, 4.3, 5.1, 5.0, 4.8, 5.2, 4.9, 4.8, 4.3, 4.8, 4.6, 4.5, 4.8, 5.1, 4.1, 4.8, 5.0, 4.6, 4.9, 5.2, 4.1, 5.0, 4.8, 4.8, 5.0, 4.3, 5.0, 4.8, 4.4, 4.3, 4.2, 4.7, 4.9, 4.7, 4.4, 5.2, 4.7, 4.6, 4.7, 4.9, 4.2, 4.5, 4.7, 5.1, 4.6, 3.9, 4.4, 4.8, 5.1, 4.1, 5.1, 4.3, 4.3, 4.4, 5.1, 4.6, 4.4, 5.3, 4.4, 4.2, 5.2, 3.9, 4.3, 5.1, 4.4, 4.6, 4.8, 4.7, 4.9, 4.5, 5.2, 4.2, 5.1, 5.2, 4.4, 5.3, 4.8, 3.8, 4.4, 4.3, 4.2, 4.9, 5.0, 4.6, 5.5, 5.5, 5.4, 5.0, 4.7, 4.3, 4.4, 4.9, 4.5, 4.7, 4.6, 4.3, 4.8, 5.2, 4.5, 4.4, 4.4, 5.3, 4.7, 4.8, 4.8, 4.6, 4.8, 4.8, 4.6, 4.3, 5.3, 4.9, 5.2, 5.1, 4.7, 5.4, 5.3, 4.6, 5.4, 5.1, 4.4, 5.2, 4.6, 4.8, 4.8, 4.4, 4.4, 4.3, 4.7, 5.3, 4.4, 3.5, 4.2, 4.7, 4.4, 5.2, 4.8, 4.2, 4.4, 4.9, 5.3, 5.3, 5.1, 4.7, 4.3, 5.0, 4.5, 5.4, 4.7, 4.9, 5.1, 5.1, 4.1, 4.7, 4.8, 4.8, 4.9, 5.0, 4.9, 5.2, 4.7, 5.3, 4.6, 5.2, 4.3, 4.5, 4.9, 4.0, 4.7, 5.2, 4.7, 5.1, 5.1, 4.6, 4.6, 4.8, 4.7, 5.2, 4.3, 3.8, 4.9, 4.4, 4.8, 4.9, 5.4, 5.3, 4.8, 4.7, 5.0, 3.8, 4.2, 4.5, 4.8, 4.6, 4.6, 4.4, 4.3, 4.6, 5.0, 4.1, 4.7, 4.8, 4.3, 4.8, 4.8, 4.9, 4.3, 4.8, 5.2, 5.1, 4.6, 4.4, 4.7, 4.9, 4.6, 5.1, 4.4, 5.2, 4.8, 4.9, 4.6, 4.9, 4.7, 4.4, 4.7, 5.1, 4.3, 4.7, 4.8, 4.8, 5.1, 5.0, 4.8, 4.3, 5.2, 5.1, 5.1, 4.3, 4.8, 4.8, 4.5, 5.4, 4.8, 4.9, 5.3, 4.6, 5.0, 4.2, 4.6, 4.3, 4.9, 4.8, 4.8, 4.8, 5.4, 4.8, 4.8, 4.1, 5.1, 4.7, 4.9, 4.7, 4.9, 3.9, 4.1, 5.2, 4.9, 4.8, 5.4, 5.0, 4.7, 4.8, 5.3, 4.9, 5.4, 5.3, 4.8, 4.8, 4.1, 5.1, 5.0, 4.3, 4.6, 5.5, 4.5, 4.5, 4.4, 4.8, 4.7, 4.6, 5.1, 5.0, 4.6, 4.9, 4.9, 5.5, 4.3, 4.3, 4.7, 4.5, 5.4, 4.6, 4.8, 4.9, 5.1, 4.7, 4.9, 4.6, 4.7, 4.2, 5.0, 5.3, 4.6, 4.4, 5.1, 4.5, 4.5, 4.7, 4.9, 4.5, 4.7, 3.9, 4.8, 5.3, 4.4, 5.1, 5.0, 4.8, 4.7, 4.4, 4.6, 4.4, 5.2, 4.1, 4.7, 5.1], "real_values": [4.6, 4.9, 4.1, 4.8, 5.1, 4.8, 5.3, 4.7, 5.1, 4.8, 4.9, 4.9, 4.5, 4.6, 4.8, 4.9, 4.3, 3.7, 4.9, 4.9, 5.3, 4.6, 4.4, 4.7, 5.4, 4.7, 4.7, 4.9, 4.8, 5.1, 4.6, 5.2, 4.4, 5.4, 4.6, 4.8, 4.1, 4.7, 4.7, 4.6, 3.9, 4.8, 4.4, 5.1, 4.6, 4.4, 4.6, 5.0, 5.3, 4.9, 5.2, 4.8, 5.2, 4.4, 4.7, 4.6, 4.9, 4.7, 5.0, 4.6, 4.7, 4.9, 4.3, 5.3, 4.6, 4.8, 4.9, 4.9, 4.9, 4.9, 5.3, 4.3, 4.8, 4.8, 4.7, 5.1, 4.8, 5.4, 5.6, 5.2, 5.1, 5.3, 5.2, 5.4, 4.3, 5.3, 3.8, 4.8, 5.3, 5.2, 4.6, 5.2, 4.8, 4.3, 4.6, 5.1, 4.9, 4.7, 4.7, 4.9, 4.9, 5.2, 4.6, 4.8, 4.2, 4.9, 5.1, 4.8, 4.4, 4.6, 4.6, 4.9, 4.8, 4.2, 5.0, 4.8, 4.4, 4.7, 4.7, 4.4, 4.7, 4.7, 4.2, 4.6, 5.3, 4.8, 5.1, 4.3, 5.1, 5.0, 4.8, 5.2, 4.9, 4.8, 4.3, 4.8, 4.6, 4.5, 4.8, 5.1, 4.1, 4.8, 5.0, 4.6, 4.9, 5.2, 4.1, 5.0, 4.8, 4.8, 5.0, 4.3, 5.0, 4.8, 4.4, 4.3, 4.2, 4.7, 4.9, 4.7, 4.4, 5.2, 4.7, 4.6, 4.7, 4.9, 4.2, 4.5, 4.7, 5.1, 4.6, 3.9, 4.4, 4.8, 5.1, 4.1, 5.1, 4.3, 4.3, 4.4, 5.1, 4.6, 4.4, 5.3, 4.4, 4.2, 5.2, 3.9, 4.3, 5.1, 4.4, 4.6, 4.8, 4.7, 4.9, 4.5, 5.2, 4.2, 5.1, 5.2, 4.4, 5.3, 4.8, 3.8, 4.4, 4.3, 4.2, 4.9, 5.0, 4.6, 5.5, 5.5, 5.4, 5.0, 4.7, 4.3, 4.4, 4.9, 4.5, 4.7, 4.6, 4.3, 4.8, 5.2, 4.5, 4.4, 4.4, 5.3, 4.7, 4.8, 4.8, 4.6, 4.8, 4.8, 4.6, 4.3, 5.3, 4.9, 5.2, 5.1, 4.7, 5.4, 5.3, 4.6, 5.4, 5.1, 4.4, 5.2, 4.6, 4.8, 4.8, 4.4, 4.4, 4.3, 4.7, 5.3, 4.4, 3.5, 4.2, 4.7, 4.4, 5.2, 4.8, 4.2, 4.4, 4.9, 5.3, 5.3, 5.1, 4.7, 4.3, 5.0, 4.5, 5.4, 4.7, 4.9, 5.1, 5.1, 4.1, 4.7, 4.8, 4.8, 4.9, 5.0, 4.9, 5.2, 4.7, 5.3, 4.6, 5.2, 4.3, 4.5, 4.9, 4.0, 4.7, 5.2, 4.7, 5.1, 5.1, 4.6, 4.6, 4.8, 4.7, 5.2, 4.3, 3.8, 4.9, 4.4, 4.8, 4.9, 5.4, 5.3, 4.8, 4.7, 5.0, 3.8, 4.2, 4.5, 4.8, 4.6, 4.6, 4.4, 4.3, 4.6, 5.0, 4.1, 4.7, 4.8, 4.3, 4.8, 4.8, 4.9, 4.3, 4.8, 5.2, 5.1, 4.6, 4.4, 4.7, 4.9, 4.6, 5.1, 4.4, 5.2, 4.8, 4.9, 4.6, 4.9, 4.7, 4.4, 4.7, 5.1, 4.3, 4.7, 4.8, 4.8, 5.1, 5.0, 4.8, 4.3, 5.2, 5.1, 5.1, 4.3, 4.8, 4.8, 4.5, 5.4, 4.8, 4.9, 5.3, 4.6, 5.0, 4.2, 4.6, 4.3, 4.9, 4.8, 4.8, 4.8, 5.4, 4.8, 4.8, 4.1, 5.1, 4.7, 4.9, 4.7, 4.9, 3.9, 4.1, 5.2, 4.9, 4.8, 5.4, 5.0, 4.7, 4.8, 5.3, 4.9, 5.4, 5.3, 4.8, 4.8, 4.1, 5.1, 5.0, 4.3, 4.6, 5.5, 4.5, 4.5, 4.4, 4.8, 4.7, 4.6, 5.1, 5.0, 4.6, 4.9, 4.9, 5.5, 4.3, 4.3, 4.7, 4.5, 5.4, 4.6, 4.8, 4.9, 5.1, 4.7, 4.9, 4.6, 4.7, 4.2, 5.0, 5.3, 4.6, 4.4, 5.1, 4.5, 4.5, 4.7, 4.9, 4.5, 4.7, 3.9, 4.8, 5.3, 4.4, 5.1, 5.0, 4.8, 4.7, 4.4, 4.6, 4.4, 5.2, 4.1, 4.7, 5.1]}, "Params": {"splitter": "best", "criterion": "mse"}, "algorithm": "DecisionTreeRegressor"}