Component,Relevance
1.0,99.9330884324713
2.0,0.05502684192760722
3.0,0.0118813869419345
4.0,3.338659166068178e-06
