{"errorExec": {"Process": "OK"}, "Performance": {"spearman": {"spearmanr": 0.9514934741051273, "pvalue": 1.1850751151992759e-77}, "pearson": {"pvalue": 2.8705772175268515e-113, "pearsonr": 0.98424298598682}, "kendalltau": {"kendalltau": 0.818211133850855, "pvalue": 6.173721593024959e-50}, "r_score": 0.9687335050386587, "predict_values": [1.4906657331082598, 1.660336307597356, 1.3876830350131852, 1.377734640742033, 1.3543390968161746, 1.7303483444927488, 1.3246805525013827, 1.480717338837108, 1.3578378521997294, 1.46063391179614, 1.5837000369321825, 1.3344423082738706, 1.4506855175249878, 1.0849979411168942, 1.686682735027257, 1.6338152852852712, 1.7303483444927488, 1.6271790078990094, 1.8764367365573218, 1.4376116448676095, 1.7732673999635828, 1.6373140406688256, 1.0617890356896997, 2.026583799501442, 1.3344423082738706, 1.7334738228789743, 1.7537438884186076, 1.5638032483898785, 1.6269923694003454, 1.3876830350131852, 1.5240096713052704, 2.046293949545082, 1.0481552475363292, 1.340891947161468, 1.5971471865868891, 1.6070955808580414, 1.7832157942347346, 1.1446883067438067, 1.294648731189263, 1.5538548541187263, 1.554041492617391, 1.9466233683348977, 1.168270489168329, 1.9635813169896401, 1.574124919658359, 1.723712067106487, 1.30109837007686, 1.314545519731566, 1.5105625216505638, 1.5439064598475745, 4.70800518397941, 4.405693367080449, 4.834570064499008, 4.0431312690585814, 4.731587366403934, 3.8734606945694856, 4.405880005579113, 3.131577231986154, 4.468509211093586, 3.707475513962608, 3.457471231309639, 4.166384032693289, 4.062468142104892, 4.239334909476242, 3.7371340582773995, 4.551781759145022, 3.9469714868484322, 3.600247506489321, 4.891309546621878, 3.716863992737767, 4.449545615044604, 4.16601075569596, 4.7748796988720965, 4.02949748090521, 4.479613591483937, 4.699212775827457, 4.971866048411627, 5.181890115481325, 4.460090079938961, 3.7476785231717566, 3.8642950094202027, 3.7277817346294526, 4.030653467024408, 4.722981596750644, 3.958075867238783, 4.280657749677378, 4.845674444889358, 4.785610802265118, 3.8313243482205204, 4.074132437991235, 3.8744300421900184, 4.333525199419363, 4.0938425880348746, 3.425283279231826, 4.02089171125192, 3.7679485887113895, 3.967650984512606, 4.3333385609207, 3.508555827283261, 4.0308401055230725, 5.791878889649448, 4.986246390559655, 6.020493275770798, 5.089042450156066, 5.718181458871836, 6.3861808521788905, 4.181360445464522, 5.8204176029722525, 5.634348995324408, 6.260549164152616, 5.318776667269403, 5.425071482249368, 5.801080729925943, 5.176000392089721, 5.605623643502938, 5.655178976360033, 5.172128359708837, 6.090318674167527, 6.985101401083876, 4.902413927012228, 6.020866552768126, 4.913295513776701, 6.449183334690694, 5.215420692176999, 5.538375851612924, 5.557712724659234, 5.079094055884914, 4.879578298582362, 5.634908910820402, 5.411064417098668, 6.093257514055088, 5.963567155149265, 5.771422185611151, 4.742691746794284, 4.586281683461229, 6.73234491704201, 5.592176493848231, 5.035801723416752, 4.806440783300744, 5.811029124197095, 6.074293918006106, 6.084055673778593, 4.986246390559655, 5.947729037486507, 6.084428950775923, 6.000969764225823, 5.478312208988682, 5.445154909290336, 5.382525703775863, 4.733303268019125], "real_values": [1.4, 1.4, 1.3, 1.5, 1.4, 1.7, 1.4, 1.5, 1.4, 1.5, 1.5, 1.6, 1.4, 1.1, 1.2, 1.5, 1.3, 1.4, 1.7, 1.5, 1.7, 1.5, 1.0, 1.7, 1.9, 1.6, 1.6, 1.5, 1.4, 1.6, 1.6, 1.5, 1.5, 1.4, 1.5, 1.2, 1.3, 1.4, 1.3, 1.5, 1.3, 1.3, 1.3, 1.6, 1.9, 1.4, 1.6, 1.4, 1.5, 1.4, 4.7, 4.5, 4.9, 4.0, 4.6, 4.5, 4.7, 3.3, 4.6, 3.9, 3.5, 4.2, 4.0, 4.7, 3.6, 4.4, 4.5, 4.1, 4.5, 3.9, 4.8, 4.0, 4.9, 4.7, 4.3, 4.4, 4.8, 5.0, 4.5, 3.5, 3.8, 3.7, 3.9, 5.1, 4.5, 4.5, 4.7, 4.4, 4.1, 4.0, 4.4, 4.6, 4.0, 3.3, 4.2, 4.2, 4.2, 4.3, 3.0, 4.1, 6.0, 5.1, 5.9, 5.6, 5.8, 6.6, 4.5, 6.3, 5.8, 6.1, 5.1, 5.3, 5.5, 5.0, 5.1, 5.3, 5.5, 6.7, 6.9, 5.0, 5.7, 4.9, 6.7, 4.9, 5.7, 6.0, 4.8, 4.9, 5.6, 5.8, 6.1, 6.4, 5.6, 5.1, 5.6, 6.1, 5.6, 5.5, 4.8, 5.4, 5.6, 5.1, 5.1, 5.9, 5.7, 5.2, 5.0, 5.2, 5.4, 5.1]}, "Params": "Default", "algorithm": "Bayesian"}