{"errorExec": {"Process": "OK"}, "Performance": {"spearman": {"spearmanr": 0.95729102018281242, "pvalue": 1.6975791652672417e-46}, "pearson": {"pvalue": 1.7281345470161403e-101, "pearsonr": 0.99801899405635908}, "kendalltau": {"kendalltau": 0.89348717267294497, "pvalue": 9.7369218147953889e-34}, "r_score": 0.99587067531988371, "predict_values": [13.486414999999997, 13.486414999999997, 13.486414999999997, 13.486414999999997, 13.486414999999997, 13.486414999999997, 13.486414999999997, 13.486414999999997, 13.486414999999997, 13.486414999999997, 13.486414999999997, 13.486414999999997, 13.486414999999997, 13.486414999999997, 13.486414999999997, 13.486414999999997, 13.486414999999997, 13.486414999999997, 13.486414999999997, 13.486414999999997, 13.486414999999997, 13.486414999999997, 13.486414999999997, 13.486414999999997, 13.486414999999997, 13.486414999999997, 13.486414999999997, 13.486414999999997, 13.486414999999997, 13.486414999999997, 13.486414999999997, 13.486414999999997, 13.486414999999997, 13.486414999999997, 13.486414999999997, 13.486414999999997, 13.486414999999997, 21.316165714285713, 21.316165714285713, 21.316165714285713, 21.316165714285713, 21.316165714285713, 21.316165714285713, 21.316165714285713, 28.569083333333335, 28.569083333333335, 41.580173913043474, 41.580173913043474, 41.580173913043474, 41.580173913043474, 41.580173913043474, 60.31228571428572, 60.31228571428572, 64.73223076923077, 64.73223076923077, 68.19321428571428, 80.94180000000001, 80.94180000000001, 80.94180000000001, 80.94180000000001, 80.94180000000001, 80.94180000000001, 102.5536, 105.378, 105.378, 120.4288888888889, 126.08285714285715, 126.08285714285715, 146.0925, 146.0925, 182.72600000000003, 202.88999999999996, 205.01571428571427, 205.01571428571427, 236.625, 236.625, 278.328, 315.922, 368.20166666666665, 383.98625000000004, 452.5, 488.76, 549.9700000000001, 608.41, 711.14], "real_values": [0.0, 0.34281, 0.69628000000000001, 1.0609, 1.4369999999999998, 1.8251999999999999, 2.226, 2.6400000000000001, 3.0676000000000001, 3.5095999999999998, 3.9666000000000001, 4.4393000000000002, 4.9283000000000001, 5.4344999999999999, 5.9587000000000003, 6.5016999999999996, 7.0644, 7.6478999999999999, 8.2530999999999999, 8.8811, 9.5332000000000008, 10.210000000000001, 10.914000000000001, 11.645999999999999, 12.407, 13.199999999999999, 14.025, 14.885, 15.780999999999999, 16.715999999999998, 17.692, 18.710999999999999, 19.776, 20.890000000000001, 22.055999999999997, 23.276999999999997, 24.556999999999999, 25.899000000000001, 27.306999999999999, 28.786999999999999, 30.341999999999999, 31.978999999999999, 33.701999999999998, 35.518999999999998, 37.435000000000002, 39.459000000000003, 41.598999999999997, 43.863, 46.262, 48.806000000000004, 51.506999999999998, 54.378999999999998, 57.436999999999998, 60.695, 64.173999999999992, 67.891999999999996, 71.873000000000005, 76.141000000000005, 80.725999999999999, 85.657999999999987, 90.974999999999994, 96.717000000000013, 102.93000000000001, 109.67, 116.98999999999999, 124.98, 133.69, 143.24000000000001, 153.72, 165.27000000000001, 178.03999999999999, 192.19999999999999, 207.96000000000001, 225.56999999999999, 245.34, 267.63, 292.88999999999999, 321.68000000000001, 354.67000000000002, 392.73000000000002, 436.95999999999998, 488.75999999999999, 549.97000000000003, 623.01999999999998, 711.13999999999999]}, "Params": {"n_estimators": "10", "loss": "linear"}, "algorithm": "AdaBoostRegressor"}