,eval,petal.length,petal.width,sepal.length,sepal.width,variety
eval,1.0,0.7566263240241143,0.7438067566040083,0.625725851191811,-0.336335898013504,3.1167615927345637e-15
petal.length,0.7566263240241143,1.0,0.965443749620051,0.8413241633860304,-0.47255983946497065,-3.8205625284645127e-16
petal.width,0.7438067566040083,0.965443749620051,1.0,0.8011826072726711,-0.45038136606485624,3.1419178426711263e-16
sepal.length,0.625725851191811,0.8413241633860304,0.8011826072726711,1.0,-0.11149620010913741,4.3749904435739055e-17
sepal.width,-0.336335898013504,-0.47255983946497065,-0.45038136606485624,-0.11149620010913741,1.0,-5.4987637128304065e-15
variety,3.1167615927345637e-15,-3.8205625284645127e-16,3.1419178426711263e-16,4.3749904435739055e-17,-5.4987637128304065e-15,1.0
