{"errorExec": {"Process": "OK"}, "Performance": {"spearman": {"spearmanr": 0.98091636957840855, "pvalue": 6.9782235603049071e-291}, "pearson": {"pvalue": 4.2570398400111853e-309, "pearsonr": 0.9845062995449485}, "kendalltau": {"kendalltau": 0.90320210249230293, "pvalue": 1.718604410158658e-163}, "r_score": 0.96904006469646931, "predict_values": [4.44595, 4.80452, 4.622249999999999, 5.0703499999999995, 4.8287, 5.083600000000001, 5.0619, 4.582, 4.8728, 4.7713, 4.399900000000001, 4.633, 4.8143, 4.655, 4.322383333333334, 3.6901, 4.9007, 5.119149999999999, 4.5862750000000005, 4.306166666666666, 4.6551, 5.2591, 4.5103, 4.80452, 4.6151, 5.092466666666667, 4.5999, 5.239649999999999, 4.353125, 5.352033333333333, 4.5407, 4.7341999999999995, 4.0448, 4.5142, 4.583, 4.4295, 3.904, 4.592549999999999, 4.4002, 5.0753, 4.600275, 4.395300000000001, 4.4836, 4.8687000000000005, 5.2979, 4.655, 5.2248, 4.8485499999999995, 5.119999999999999, 4.349575, 4.6149000000000004, 4.4175, 4.88805, 4.7324, 5.0211, 4.602600000000001, 4.6827, 4.9124, 4.322383333333334, 5.1495, 4.79392, 4.8953, 4.9395, 4.8850999999999996, 4.9052, 5.106, 4.0927, 4.7082, 5.1408, 4.6663, 5.3933, 5.5826, 5.3019, 5.0554, 5.1224, 5.14895, 5.297233333333333, 4.3718, 5.1335, 3.7337, 4.7402999999999995, 5.2547999999999995, 5.2707, 4.5573, 4.9414, 4.8241, 4.1304, 4.6543, 5.0817, 4.8722, 4.6791, 4.6358, 4.9289, 4.73562, 5.336399999999999, 4.58765, 4.7374, 4.19745, 4.8687, 4.348, 4.514, 4.44525, 4.8968, 4.6547, 4.9993, 4.6304, 4.3353, 4.7062, 4.59525, 4.400475, 4.652, 4.7014499999999995, 4.1925, 4.61425, 4.5939, 4.9912, 4.085, 4.9601500000000005, 4.9389, 5.2176, 5.0412, 4.7221, 4.2867, 4.275, 4.7056000000000004, 5.1019, 4.15, 4.7712, 4.8512, 4.5985, 4.715, 5.2799, 4.0931999999999995, 4.88295, 4.7857, 4.7128, 4.93745, 4.19665, 4.99735, 4.6854, 4.4807, 4.1579, 4.7216, 4.9169, 4.6137999999999995, 4.3931, 5.16115, 4.71, 4.600275, 4.6898, 4.9435, 4.399900000000001, 4.6578, 5.0722000000000005, 4.594250000000001, 3.83735, 4.360316666666666, 4.7082, 5.0952, 4.099975, 5.053, 4.2369, 4.3427, 4.4145, 5.00385, 4.6350750000000005, 4.1814583333333335, 5.1745, 4.0829, 5.2998, 4.2462, 5.0718499999999995, 4.3262, 4.5238, 4.800075, 4.5981, 4.74835, 4.378550000000001, 5.1598, 5.0653, 5.0708, 5.2937, 4.6702, 4.2462, 4.19745, 4.90035, 4.5968, 5.543699999999999, 5.2703, 4.9197, 4.3006, 4.1814583333333335, 4.9007, 4.467, 4.654, 4.4874, 4.800075, 4.49375, 4.399925, 4.4725, 5.3016000000000005, 4.7046, 4.7496, 4.8, 4.5711, 4.8368, 4.600275, 4.085, 5.1678, 4.788349999999999, 5.1136, 4.6999, 5.325983333333333, 5.0352, 5.352033333333333, 5.1097, 4.29345, 5.0674, 4.53045, 4.720000000000001, 4.79355, 4.4123, 4.1304, 5.0355, 4.4148, 3.4816, 4.09605, 4.65495, 4.3877, 5.201599999999999, 4.6805, 4.202450000000001, 4.4043, 4.655, 5.0355, 5.0484, 4.9779, 4.69635, 4.2993, 5.002750000000001, 4.4753, 5.3902, 4.751099999999999, 4.77605, 5.1202, 4.0864, 4.7059, 4.8868, 4.73105, 4.7762, 4.9967500000000005, 4.9030000000000005, 4.5351, 5.38525, 4.63705, 4.49805, 3.9881, 5.11865, 4.5062, 4.8451, 5.10355, 4.83575, 4.6498, 4.2993, 3.778, 4.7837499999999995, 4.74985, 4.9145, 5.375633333333333, 5.3258, 4.7557, 4.9788499999999996, 3.778, 3.9903500000000003, 4.8157, 4.5844, 4.3078, 4.62635, 4.9944, 4.099975, 4.6599, 4.800525, 4.8016125, 4.7887, 4.8812, 4.085, 4.800075, 5.202999999999999, 4.8451, 4.552849999999999, 4.3965499999999995, 4.7133, 4.655340000000001, 4.55115, 4.9097, 4.345, 5.1996, 4.6777, 4.6557200000000005, 4.62405, 4.9115, 4.63735, 4.3959, 4.718, 5.02905, 4.2462, 4.6699, 4.65535, 5.0998, 5.04985, 4.81545, 4.1992, 4.99895, 5.092266666666667, 5.1982, 4.23585, 4.7887, 4.8145500000000006, 4.50475, 5.1915, 4.7496, 4.9132, 5.3818, 4.48635, 4.9155750000000005, 3.99065, 4.514900000000001, 4.242, 4.8725, 4.8098, 4.8, 4.74485, 5.3412, 4.8051, 4.77, 4.0999, 5.10355, 4.61575, 4.8908, 4.6599, 4.9109, 3.9170499999999997, 4.110150000000001, 5.10875, 4.92185, 4.905950000000001, 5.2524, 4.7006, 5.2979, 4.8837, 5.352033333333333, 5.4726, 4.7889625, 4.799, 4.099975, 4.9822500000000005, 5.00015, 4.3658, 4.59835, 5.5892, 4.4696, 4.4055, 4.4725, 4.6152, 4.6971, 4.6543, 5.11085, 4.9902, 4.5662, 4.6254, 5.543699999999999, 4.264950000000001, 4.23585, 4.7004, 4.4723, 5.2879000000000005, 4.788812500000001, 4.9266, 5.1072, 4.6187000000000005, 4.73775, 4.660399999999999, 4.6998, 4.090400000000001, 4.775, 5.07315, 4.44595, 4.2917000000000005, 5.0853, 4.4349, 4.6983, 4.7524, 4.4754000000000005, 4.545299999999999, 3.9032, 4.800275, 4.2923, 4.9912, 4.949975, 4.731, 4.5723, 4.4003, 4.5555, 4.39585, 5.11505, 4.050750000000001, 4.7007, 5.0489],