{"errorExec": {"Process": "OK"}, "Performance": {"spearman": {"spearmanr": 0.72295646082852771, "pvalue": 3.4535329301096449e-67}, "pearson": {"pvalue": 2.6457717478356682e-89, "pearsonr": 0.79271812193495439}, "kendalltau": {"kendalltau": 0.58999253447948286, "pvalue": 7.1267854938914684e-71}, "r_score": 0.58361202495817621, "predict_values": [3.3792999999999997, 4.39855, 5.0656, 4.6625499999999995, 3.6665, 5.27815, 2.4306, 2.5573, 4.65055, 2.7255, 4.1505, 2.4715999999999996, 2.3467000000000002, 9.99995, 3.15975, 2.2994, 1.5922, 9.3895, 2.0182, 2.5721, 8.45625, 4.629, 2.23365, 1.8746, 6.6421, 2.5827, 2.09915, 1.93855, 1.8574, 2.1421, 5.430750000000001, 7.0695, 2.55225, 1.94835, 3.6503, 9.9925, 2.0704, 2.2574, 1.73215, 2.5244, 3.11055, 2.23545, 2.2133000000000003, 2.79315, 2.4709, 2.2115, 1.9968, 5.601, 5.50365, 2.4116, 9.7185, 1.5663, 2.94405, 2.43805, 3.55835, 2.1093, 3.9718999999999998, 2.6366, 1.69255, 5.62585, 3.3939999999999997, 8.6345, 3.13565, 2.4362, 2.6579, 5.50365, 2.69515, 3.10075, 2.338, 1.80325, 2.7435, 1.9702, 3.86105, 3.1922500000000005, 3.8473, 3.7826499999999994, 8.042, 3.0695, 5.0259, 4.8247, 3.7531, 3.4124, 3.7858, 7.2724, 7.0013, 5.0543, 2.6148, 3.0099, 4.6717, 1.5519999999999998, 2.7779, 3.5965499999999997, 7.0086, 4.82455, 2.1788, 3.22475, 1.999, 6.1458, 1.6109, 2.1279500000000002, 4.88685, 3.4723, 3.3143000000000002, 2.35765, 2.9245, 6.2621, 3.95625, 7.0695, 1.3986, 2.1481, 4.6197, 3.8629, 2.14145, 4.479, 3.3472, 3.6774, 4.7939, 5.2837, 7.38685, 8.8417, 1.5738, 3.31, 1.9730499999999997, 4.53935, 6.139099999999999, 2.6646, 2.82935, 7.11965, 7.34285, 3.7609, 2.7341, 3.0198, 3.1433999999999997, 6.2621, 2.8071, 3.0024, 2.6113, 6.2786, 4.06625, 4.5881, 9.0412, 3.4008, 6.4879999999999995, 3.18835, 2.1597999999999997, 2.4156, 8.73885, 3.5451, 2.01985, 2.0708, 2.1958, 4.1022, 5.6331999999999995, 2.1614, 4.8247, 2.1879, 6.5202, 3.55835, 4.5753, 5.86675, 2.9396, 6.01215, 7.0487, 5.8429, 3.58915, 2.3630500000000003, 2.5851, 7.0493500000000004, 4.55565, 4.13905, 4.1937, 3.9010000000000002, 3.94625, 6.9572, 2.8967, 3.5665, 5.9329, 2.2252, 2.1133, 2.7345, 2.2686, 6.01235, 2.7903, 3.0743, 6.0703, 2.0622, 4.75775, 2.3516, 3.86105, 3.7443, 9.2917, 2.17055, 3.86135, 4.5436499999999995, 5.7702, 6.1202, 2.4699, 4.0947, 4.1955, 5.6197, 4.4669, 2.7292, 6.59605, 1.85005, 2.0787, 1.87325, 2.2568, 2.549, 3.7826499999999994, 1.90075, 3.4313, 2.126, 2.4583, 2.98135, 3.58415, 2.0991, 9.21535, 7.0150500000000005, 3.1778, 9.9958, 4.0337, 5.0182, 2.1096, 2.79395, 2.7471, 2.1271, 6.1392500000000005, 3.928, 6.8697, 2.14145, 3.8532, 1.9865, 6.7833, 4.2308, 4.13715, 3.4875, 2.1186, 2.8092, 3.5907, 2.56765, 2.03755, 2.3706, 3.56295, 1.56825, 2.2753, 1.6917, 2.9746, 4.5801, 3.5084999999999997, 4.3834, 1.87975, 1.8704999999999998, 2.9451, 5.50365, 6.1902, 4.7683, 2.61235, 3.48655, 2.05145, 7.11965, 7.3741, 2.6402, 6.4686, 3.9101, 3.23085, 2.0987999999999998, 3.117, 4.0358, 3.5632, 3.2095000000000002, 2.2866, 3.1762, 4.5594, 1.9509999999999998, 2.1771000000000003, 5.27815, 2.7183, 3.6413, 4.38225, 2.4289, 4.61735, 2.0622, 1.6424, 3.4113, 3.26855, 3.2779, 2.35315, 3.04135, 2.8564999999999996, 2.9902, 6.91905, 4.94455, 4.1076999999999995, 1.8530000000000002, 3.3336, 3.194, 4.71815, 2.2799, 3.7408, 2.09835, 3.2396000000000003, 1.3781, 4.226649999999999, 3.2695499999999997, 6.1497, 3.5045, 1.0805, 4.79915, 6.333500000000001, 2.3354, 2.50755, 6.0347, 2.96985, 9.7953, 3.22985, 3.0699, 3.23055, 4.67135, 5.52245, 2.2103, 9.89555, 2.2626, 1.9261, 3.20025, 3.6084, 2.0731, 6.4354, 4.312, 2.3203, 2.3084499999999997, 1.35205, 4.242900000000001, 6.2036999999999995, 2.6281, 5.4791, 2.1798, 5.44595, 6.5729999999999995, 2.599, 1.8839, 2.2662, 1.9803, 3.35805, 2.63025, 3.2013, 2.7146999999999997, 1.6840000000000002, 6.3094, 3.4609500000000004, 2.4888, 7.131, 3.9482, 3.8776, 2.0683, 4.6233, 2.6746, 3.9819, 2.8186, 6.2268, 2.6954, 4.502800000000001, 7.1281, 9.99985, 3.2635500000000004, 2.8591, 1.6236, 2.1771000000000003, 3.7105499999999996, 2.1597999999999997, 2.9266, 9.7057, 6.2784, 4.1318, 6.5866, 4.15385, 3.97695, 4.2352, 2.4472, 6.328900000000001, 4.2414000000000005, 2.0167, 2.5982, 3.4451, 3.06575, 5.136, 3.2095000000000002, 7.06565, 4.4198, 3.4376, 2.32055, 4.0062, 5.994, 2.6454, 3.1167, 6.050050000000001, 3.98645, 2.7863, 4.6848, 2.306, 2.8071, 1.9807, 2.5244, 2.3217, 3.5896999999999997, 6.326650000000001, 9.9999, 3.9168, 2.8694],