{"errorExec": {"Process": "OK"}, "Performance": {"spearman": {"spearmanr": 0.9661806180618061, "pvalue": 1.7239187252399113e-59}, "pearson": {"pvalue": 5.404643968820395e-50, "pearsonr": 0.9466511671592781}, "kendalltau": {"kendalltau": 0.8698989898989905, "pvalue": 1.206857564405275e-37}, "r_score": 0.8961484322840237, "predict_values": [0.027333421177622164, 0.1264186548053141, 0.22550388843300784, 0.3245891220607007, 0.4236743556883944, 0.5227595893160872, 0.6218448229437801, 0.7209300565714729, 0.8200152901991666, 0.9191005238268586, 1.0181857574545523, 1.1172611816343063, 1.2163366058140612, 1.3154120299938152, 1.4144874541735701, 1.5136609728327106, 1.612736397012465, 1.7118118211922195, 1.8108872453719735, 1.9099626695517284, 2.0090380937314825, 2.108113517911237, 2.2071889420909914, 2.306264366270746, 2.4053397904505003, 2.5045133091096408, 2.603588733289395, 2.7026641574691497, 2.801739581648904, 2.9008150058286586, 2.999890430008413, 3.0989658541881675, 3.198041278367922, 3.2971167025476764, 3.396192126727431, 3.4953656453865714, 3.594441069566326, 3.6935164937460803, 3.7925919179258347, 3.891667342105589, 3.9907427662853436, 4.089818190465098, 4.1888936146448525, 4.287969038824607, 4.3870444630043615, 4.4862179816635015, 4.585293405843256, 4.68436883002301, 4.783444254202765, 4.882519678382519, 4.981595102562275, 5.080670526742029, 5.179745950921783, 5.278821375101538, 5.377896799281292, 5.4770703179404325, 5.576145742120186, 5.6752211662999414, 5.774296590479695, 5.87337201465945, 5.972447438839204, 6.071522863018958, 6.170598287198713, 6.269673711378467, 6.368749135558222, 6.467922654217363, 6.566998078397116, 6.666073502576871, 6.765148926756625, 6.86422435093638, 6.963299775116135, 7.062375199295889, 7.161450623475644, 7.260526047655398, 7.359601471835153, 7.458774990494293, 7.557850414674047, 7.656925838853802, 7.756001263033556, 7.855076687213311, 7.954152111393065, 8.05322753557282, 8.152302959752573, 8.251378383932328, 8.350453808112082, 8.449627326771223, 8.548702750950977, 8.647778175130732, 8.746853599310485, 8.84592902349024, 8.945004447669994, 9.04407987184975, 9.143155296029505, 9.24223072020926, 9.341306144389012, 9.440479663048155, 9.539555087227907, 9.638630511407662, 9.737705935587416, 9.836781359767173], "real_values": [0.0, 0.10401, 0.2496, 0.33575, 0.2677, 0.61634, 0.5010100000000001, 0.7262, 0.9073, 0.5864699999999999, 0.7397100000000001, 1.1196, 1.1158, 1.5909, 1.4357, 1.5265, 1.7184, 2.2063, 2.3626, 1.8419, 2.1561, 2.1585, 2.8675, 2.7808, 2.7157, 2.2414, 2.7175, 2.262, 2.2814, 3.0781, 3.1525, 3.3405, 3.3834, 4.0132, 3.4485, 3.5191, 2.9491, 3.7443, 3.8089, 3.9438, 3.0194, 4.1918, 5.5342, 3.2711, 4.4757, 4.2254, 4.6375, 5.1997, 4.8444, 5.1348, 4.9268, 5.1959, 4.4092, 5.2957, 4.7758, 5.294, 5.5562, 5.6897, 6.3476, 5.869, 6.0952, 6.1445, 7.303, 5.0132, 6.9183, 5.3863, 6.6919, 5.0327, 6.5185, 6.4913, 7.0366, 6.6406, 4.8899, 7.4114, 7.1357, 7.3432, 6.8783, 7.3902, 8.2962, 7.9847, 9.2547, 7.4428, 8.3588, 6.4324, 8.7681, 6.7505, 9.3528, 11.251, 8.8753, 9.6752, 9.0516, 9.6272, 12.97, 12.354, 6.7927, 5.7892, 10.802, 6.9437, 11.123, 10.581]}, "Params": "Default", "algorithm": "Linear Regression"}