,petal_length,petal_width,sepal_length,sepal_width,species
petal_length,1.0,0.5988164185400427,0.6103693880781326,0.49479641447956474,-1.3877787807814457e-06
petal_width,0.5988164185400427,1.0,0.5107715543603599,0.4193722123054411,-2.7755575615628914e-06
sepal_length,0.6103693880781326,0.5107715543603599,1.0,0.47672195098007897,-1.1102230246251565e-06
sepal_width,0.4947964144795648,0.41937221230544103,0.476721950980079,1.0,-1.942890293094024e-06
species,-1.3877787807814457e-06,-2.7755575615628914e-06,-1.1102230246251565e-06,-1.942890293094024e-06,1.0
