{"errorExec": {"Process": "OK"}, "Performance": {"spearman": {"spearmanr": 0.93758125370379075, "pvalue": 2.4432750701297684e-188}, "pearson": {"pvalue": 6.5935231035940171e-307, "pearsonr": 0.98411348988558889}, "kendalltau": {"kendalltau": 0.80555957026545244, "pvalue": 1.8229417637215703e-130}, "r_score": 0.85878489305100936, "predict_values": [0.8773167619211781, 0.9176508610930196, 1.1561759916191137, 0.8884648045154662, 1.2879663896168096, 0.29534500801483254, 0.3422311328655084, 0.9645748369787777, 0.7081720077913441, 0.4731156831048213, 1.2667140879475882, 0.25624140481000335, 0.18568404459214655, 0.21999713633966514, 0.3441112290703316, 0.8352711048666868, 0.41009936249601947, 0.18280293676935544, 0.5879746748629295, 0.293618551496334, 0.3407845883877442, 0.21186027005451327, 1.0617743864724862, 0.2820689667476235, 0.43747813455516094, 0.3653573581106395, 0.4267686400595396, 0.49632671125001554, 0.38119478116667227, 0.5177350886583401, 0.6877312417404755, 0.22084921829809623, 0.21330124456553035, 0.973242561762393, 0.5095698180057304, 0.2276836500046159, 0.7279690934936519, 1.2578203483733, 1.4021873658201136, 0.20173311237583025, 0.48884848622020693, 0.6835683491191036, 1.2369380210404926, 0.33466047762484064, 1.3576062479666722, 1.0890741552999443, 1.293126570470053, 0.780325625654833, 0.11394799031252373, 0.5514580886983038, 0.9900350080451036, 1.0714345943240149, 0.83384955753364, 0.7952229761305886, 0.28444521761800734, 1.2542786794453136, 0.5341982902881688, 0.8881336436600191, 0.15802045027633074, 1.3111123413048007, 0.9382028008423158, 0.27360901953907607, 0.5849369341666805, 1.106803883893511, 0.1850661558228346, 0.1275615789900042, 0.1769176890916676, 0.25496141528214106, 0.43182604669684604, 0.6030671728100032, 0.374264079416819, 1.1972632301016382, 1.0296818538633405, 0.25030545613690947, 0.5659289039548236, 0.5907309880987978, 1.1230755724103894, 0.3676196764784074, 1.283799260021229, 0.14763965051583117, 0.44029044658332206, 1.290147221729525, 0.8786796755642553, 0.23476321208232057, 0.3120907113065015, 0.321730863159602, 0.23932849008214233, 1.1648344247438507, 0.16344544560021482, 0.8966754375254852, 0.5568339831500086, 0.9342616861292806, 0.17773891512138645, 1.1729732550842948, 1.2940171356500054, 1.1173678823815167, 0.38104742081427656, 0.39395456308200055, 0.1591732759176211, 0.27106321041833426, 0.1347402861863357, 0.2790529188224991, 0.8524932735666517, 0.8791347680851006, 0.1944924773040485, 0.39703515792381905, 0.2347531274312673, 0.2024651704068059, 0.29865084945428744, 0.573992485205658, 0.1926383390051272, 0.6221512580976197, 1.0416517151281655, 0.8507587932619666, 0.34909443432666326, 0.33935455729999503, 0.6312623362364902, 0.39298735686817343, 1.0251164046877985, 1.1631300739131323, 0.47327562282033164, 1.2034279208485315, 0.2673055464203714, 0.22142935260817342, 1.1974806287331499, 1.2316699100255866, 0.31202740752856944, 0.22187065876291212, 0.15406548523464048, 0.10758154451562173, 0.8775518789438443, 0.5471540009171445, 0.31441459937000193, 1.0257040128649741, 0.5024790080333267, 1.0167871905631627, 0.24889059684667236, 0.876199980709902, 0.1432825352529241, 0.6879683407790613, 1.1068022954138872, 0.9795507076403063, 1.4126941089678444, 0.9479372887776611, 0.949623454549979, 0.14572701657990064, 1.1314381191796363, 0.22121475272381086, 0.20453774330482768, 0.8048593867433693, 0.848089875170724, 0.6554344337405614, 1.2805941033655115, 0.5080494581000036, 0.5023447070480097, 1.3172626936213248, 0.5381128443731319, 0.20847353437738614, 1.2462450264279266, 0.2555438949859969, 0.916778659084549, 0.44897006640134013, 0.8352215355928625, 0.20671804206542635, 0.8674228945999793, 0.5614788929666723, 0.13156592976716394, 0.3576387597826847, 0.9763897203062534, 0.3445400073464921, 0.9534878730746257, 0.16771375750947776, 0.5167573874217064, 0.2649539701288134, 0.4129039792596693, 0.701970337266963, 0.44385404182178795, 0.38205960647149556, 0.377682259304668, 0.8535321018899772, 0.16559902106696547, 0.18184478903873286, 0.7174518173261704, 0.6948119360209888, 0.2689940164846091, 1.1182509300701544, 0.34190100415333363, 0.23509639069614693, 0.29606599770832936, 0.5983165680476091, 0.1400216958066669, 0.5091894504433959, 0.2818406130404914, 0.9910730026592653, 0.37888578458501115, 0.3134974066731984, 0.45753595033333266, 1.1485416830728328, 1.245341166353192, 1.2231314624688512, 1.379772083974827, 0.29136645226450403, 0.23865587996006776, 0.4349088607881738, 0.23872615049050358, 0.31772585080216126, 0.6677963156476301, 0.2732475069049787, 1.373105472203571, 0.5041374394906096, 0.38344649341000586, 1.44307172291572, 0.24908206352857584, 0.39532860403332537, 0.18135661037128703, 0.4757410137773699, 1.0783792648717685, 0.164059380904566, 0.7624809913529906, 0.13807101244356285, 0.11737272904083602, 0.34039926729133957, 1.3577128828215055, 0.3811910890007769, 0.28021170339946105, 0.38413873328358766, 1.070732588368002, 0.33605544105563445, 1.0244082678881887, 0.28416181473400376, 0.5939185060705574, 0.19340862914531043, 0.2571258494321315, 0.2884201451047404, 0.5559027771712572, 0.8504553164299945, 1.1741537324118518, 0.3628597443561611, 0.9618271391557416, 0.7874505308286431, 0.7559260603090499, 0.2942414547966682, 0.14874531404471458, 0.3760246697053371, 0.4225457015369005, 1.2167308302999367, 0.1919411818580999, 0.20508735787650567, 0.5875549359433454, 0.6420353274998308, 0.7986961184351619, 0.8116962162870647, 0.807871335934716, 0.22341110801633435, 0.22080783112190044, 0.513817578054832, 0.16237938457756976, 0.23091154625000646, 0.34540233065526466, 1.0111460674284891, 1.0515821664500253, 0.2752660868263485, 1.066193494729997, 0.8107169267976395, 0.18645726899500337, 1.1310879927429927, 0.33325298484300897, 0.7141152391404558, 0.44458996570167586, 1.1624646231667055, 0.2166465365250052, 0.35601023072795956, 0.9186540674360317, 0.3553101195660391, 1.381592178799989, 0.23664018199442322, 1.306962910393021, 0.37741213422667635, 1.319453868010016, 0.5367802355899984, 0.688508062333324, 1.3416921896714602, 0.6781369660941717, 0.3094599411761481, 0.17925622671745245, 0.7337913647164813, 0.2766420122953831, 1.1235951452711594, 0.2981985700090799, 0.2610589036736751, 0.23635914845788433, 0.23229358592233287, 0.851405340443014, 1.396525641796412, 1.377229027026342, 0.25084057028940954, 0.22609938174149713, 0.25848035546507847, 0.09499789580059687, 1.2374563361245452, 0.7875888790128522, 0.27258442066665806, 1.2672477186166695, 0.14223536873792872, 0.3129667542088855, 0.1854917427056653, 0.9376785230958604, 0.2714458839421161, 1.0584906068666728, 1.170200078071513, 1.1154103578593952, 0.7575237718010215, 1.1519187204166723, 1.3323942691550241, 0.30366782406643167, 0.27892389247607824, 0.4300875896843454, 0.266219563156175, 0.13669510070624147, 0.2450266027516554, 0.17423851031067097, 0.3284577900747476, 0.5068392335814904, 1.2523295332287157, 0.314972926190718, 1.2480628636999995, 0.23269113535299796, 0.1821089410044278, 0.2287390810667968, 0.21640598564999922, 0.8263778390023895, 0.15453658027117437, 0.29220083507000366, 0.6839080192500189, 0.22810368853024557, 0.28701512065616264, 0.2919441923867878, 0.22596757616309726, 0.8200906726645031, 0.5594426332618953, 0.4333324093978944, 0.1730043422948281, 0.37383443470815725, 0.29496438850667145, 1.115148337399983, 0.668577735249995, 0.22400433216333912, 0.9392511340741125, 1.1858462901200093, 0.40701340870000746, 0.19810462809991347, 0.6657818249190358, 0.2602246670808367, 0.32124723040079367, 0.24423273807500562, 0.7658190291166581, 0.544007003532848, 1.4349594781143802, 0.4162215098672133, 0.40997315932500555, 0.5771006565625142, 0.8175965238815228, 0.6996677523333381, 0.22435630252832942, 0.9125270571966544, 0.31753029916333547, 0.26863312804571693, 0.2946679225516945, 0.37433495464166316, 0.24307331614999955, 0.27085644130247877, 1.1834597761670085, 1.208724649351144, 0.14908740698588027, 0.2274444751278286, 0.3529700151885659, 0.8433072111223151, 0.43018945466665703, 