{"keys": ["exp", "pre"], "outliers": [{"std": 23.949242321771187, "one_media": {"positive": 6, "negative": 0}, "two": {"positive": 5, "negative": 0}, "one": {"positive": 10, "negative": 0}, "three": {"positive": 2, "negative": 0}, "mean": 19.378199999999996}, {"std": 23.090094970292, "one_media": {"positive": 6, "negative": 0}, "two": {"positive": 5, "negative": 0}, "one": {"positive": 9, "negative": 0}, "three": {"positive": 2, "negative": 0}, "mean": 18.606089252336446}], "data": [[10.264000000000001, 11.503, 18.366, 20.991999999999997, 7.7873999999999999, 15.192, 12.954000000000001, 39.856999999999999, 3.8578000000000001, 6.0662000000000003, 14.157, 8.2627000000000006, 8.6621000000000006, 2.4626999999999999, 4.4813000000000001, 12.802999999999999, 10.517000000000001, 72.028999999999996, 68.442999999999998, 50.236000000000004, 2.0491000000000001, 5.4484000000000004, 3.6383000000000001, 4.0115999999999996, 19.347000000000001, 12.414000000000001, 3.0610000000000004, 9.2659000000000002, 5.0236000000000001, 7.2502000000000004, 13.172000000000001, 12.414999999999999, 9.0579000000000001, 7.5308999999999999, 14.429, 30.749000000000002, 36.060000000000002, 5.8677999999999999, 25.193000000000001, 20.816999999999997, 12.709000000000001, 4.1960000000000006, 12.68, 60.851999999999997, 18.507000000000001, 11.640999999999998, 90.407000000000011, 162.78999999999999, 41.913999999999994, 7.8742999999999999, 13.379000000000001, 13.298, 9.4733000000000001, 14.197000000000001, 44.283999999999999, 32.090000000000003, 7.8827999999999996, 37.058, 37.498000000000005, 20.552, 5.7252000000000001, 18.274999999999999, 123.08, 41.579999999999998, 3.1888000000000001, 7.6627999999999998, 7.9816000000000003, 5.5175999999999998, 3.4481999999999999, 5.2328000000000001, 2.2597, 3.3256000000000001, 6.6848000000000001, 2.2625000000000002, 2.8976000000000002, 6.9001000000000001, 5.5018000000000002, 10.023999999999999, 21.649999999999999, 24.419, 12.784000000000001, 9.0877999999999997, 18.655999999999999, 43.909999999999997, 34.722000000000001, 7.3838999999999997, 40.161999999999999, 17.760000000000002, 40.830999999999996, 3.0028000000000001, 6.0094000000000003, 11.532999999999999, 16.266999999999999, 5.6562999999999999, 21.320999999999998, 39.869999999999997, 20.081, 5.3712999999999997, 15.24, 55.255000000000003, 2.6528999999999998, 3.9317000000000002, 9.7297999999999991, 3.1040999999999999, 4.4900000000000002, 10.437000000000001, 7.625], [9.0333000000000006, 10.895, 16.503, 21.074999999999999, 7.2870000000000008, 14.187000000000001, 11.56, 37.655999999999999, 4.3274999999999997, 4.9577, 13.767999999999999, 8.8684999999999992, 9.0221, 2.0331000000000001, 4.4299999999999997, 12.368, 8.9154999999999998, 69.653000000000006, 66.256, 45.067, 2.0727000000000002, 5.3963999999999999, 3.5127000000000002, 5.2530999999999999, 19.765999999999998, 10.382, 2.9441000000000002, 9.1244999999999994, 4.8868, 7.2694000000000001, 14.222999999999999, 10.44, 8.6843000000000004, 5.4204999999999997, 13.448, 31.550999999999998, 32.638000000000005, 4.5202, 23.193000000000001, 22.291999999999998, 12.321, 13.994000000000002, 11.607999999999999, 60.854999999999997, 15.075999999999999, 9.5204000000000004, 83.322999999999993, 156.59, 35.705999999999996, 6.9660000000000002, 13.187999999999999, 12.977, 9.0100999999999996, 11.725999999999999, 42.625, 29.390999999999998, 6.2727000000000004, 37.718000000000004, 34.545999999999999, 20.531999999999996, 16.824000000000002, 22.539000000000001, 123.65000000000001, 33.253, 4.4314999999999998, 7.5593000000000004, 6.9912999999999998, 5.8651, 3.4251, 5.0633999999999997, 2.4207999999999998, 3.1907999999999999, 6.3794000000000004, 1.3280000000000001, 3.4674, 6.4162999999999997, 5.5206, 9.1987000000000005, 19.339000000000002, 24.561, 12.029999999999999, 6.7542, 15.579000000000001, 39.999000000000002, 36.689999999999998, 4.2397999999999998, 34.555999999999997, 17.359000000000002, 41.631999999999998, 1.8838999999999999, 5.4764999999999997, 12.795999999999999, 15.118, 8.1044999999999998, 13.945, 39.491, 25.444000000000003, 0.63495000000000001, 16.349, 52.097000000000001, 3.4447000000000001, 3.2566999999999999, 8.9491999999999994, 1.4958, 5.6944999999999997, 9.9575999999999993, 7.6249000000000002]], "exec": "OK"}