{"errorExec": {"Process": "OK"}, "Performance": {"spearman": {"spearmanr": 0.99998599758123374, "pvalue": 0.0}, "pearson": {"pvalue": 0.0, "pearsonr": 0.99999999176598853}, "kendalltau": {"kendalltau": 0.99932545474322154, "pvalue": 1.1148195208624972e-199}, "r_score": 0.99999998353197672, "predict_values": [0.017357499999999998, 0.015479, 0.06336699999999999, 0.34951, 0.748, 0.029029000000000003, 0.04894, 0.022968000000000002, 0.012312, 0.019408, 0.010103000000000001, 0.45518000000000003, 0.045556, 0.043122, 0.1598, 0.045886, 0.039654, 0.014676, 0.56381, 0.020343, 0.2925, 0.041520999999999995, 0.024852000000000003, 0.45197, 0.05579, 0.11885, 0.10372999999999999, 0.044587, 0.033147, 1.2191, 1.1685, 0.40648, 0.78309, 0.011273, 0.039522, 0.0040654, 0.015985, 0.021619, 0.011362, 0.0167895, 0.019443666666666668, 0.96595, 0.04961, 0.11450999999999999, 0.39342, 0.086351, 0.036762, 0.02392, 0.11864000000000001, 0.025967, 1.0546, 0.31904, 0.019395000000000003, 1.1119, 0.14625, 0.2419, 0.0069904, 0.022827, 0.38483, 0.50563, 0.022476, 0.11259000000000001, 0.0255, 0.025391, 1.9968, 0.49181, 0.029967, 0.15461, 0.018272, 0.031123, 0.11149, 0.15863, 0.013276, 0.024152, 0.03065, 0.017023, 0.015309999999999999, 0.14155, 0.027194, 0.049056, 0.026626999999999998, 0.13204000000000002, 0.012962000000000001, 0.033131, 0.012925, 0.18372, 0.01353, 0.040399000000000004, 0.034499, 0.023131, 0.087043, 0.017625, 0.37722, 0.023760499999999997, 0.42763999999999996, 0.013065, 0.025836, 0.052638, 0.08793, 0.027198000000000003, 0.033545, 0.016401, 0.0327495, 0.021552, 0.098901, 0.20428, 0.039152, 0.10972, 0.18414, 0.0169, 1.9919, 0.02872, 0.016235, 0.22739, 0.027131, 0.018294, 0.20084000000000002, 0.1435, 0.7061, 1.3218, 0.44956, 0.76065, 0.0093682, 0.10974, 0.019702, 0.043122, 0.027706, 1.3015, 0.053411, 0.058365999999999994, 0.038281, 0.25777, 0.0327495, 0.054559, 0.14456, 0.012026, 0.023422, 0.015165000000000001, 0.7400800000000001, 0.27865999999999996, 0.018456999999999998, 0.040928, 0.27492, 0.1601, 0.023958, 0.8833799999999999, 0.025419, 0.0097546, 0.034402999999999996, 0.12752, 1.0306, 0.012421, 0.34106, 0.021262, 1.0378, 0.023760499999999997, 0.02002, 0.078801, 1.1901, 0.98054, 0.14924, 1.1432, 0.020397, 0.062390999999999995, 0.43328999999999995, 0.10765, 0.5261100000000001, 0.10405999999999999, 0.045886, 0.10609, 0.029349, 0.9310200000000001, 1.3466, 0.09183, 0.008451299999999998, 0.073941, 0.020934, 0.019443666666666668, 0.040361, 0.030986, 1.0941, 0.094859, 0.021311, 0.022064333333333335, 0.008439499999999999, 0.035483, 0.67728, 0.035214999999999996, 0.023478, 0.01494, 0.036206, 1.1009, 0.31021, 0.046979, 0.037198, 0.25126, 0.54165, 0.019194, 1.002, 0.012083, 0.44672, 0.060008000000000006, 0.009539299999999999, 0.019634, 0.58367, 0.03556, 0.063817, 0.037857, 0.030808, 0.038214, 0.016408000000000002, 0.099701, 0.030838, 0.013113, 0.028045999999999998, 0.34876999999999997, 0.045886, 0.015736, 0.01898, 0.15614, 0.066625, 0.8973700000000001, 0.034684, 0.022634, 0.8771100000000001, 0.030044, 0.019337, 0.036958, 0.091536, 0.031389999999999994, 0.011425, 0.067848, 0.022064333333333335, 1.0052, 1.2368, 0.011646, 0.88431, 0.093973, 0.019395000000000003, 0.0168665, 0.068858, 0.021157, 0.0217, 0.03533, 0.5839300000000001, 0.009684299999999998, 0.76284, 0.073054, 0.076752, 0.052234, 0.10948, 0.059984, 1.2219, 0.071484, 0.46792, 0.036486000000000005, 0.16342, 0.072161, 1.064, 0.032699, 0.06164, 0.042838, 0.056179, 0.046748000000000005, 0.1527, 0.029881, 0.027014, 0.0072483999999999995, 0.046472, 0.044592, 0.073941, 0.049706, 0.11675999999999999, 0.61884, 0.025490000000000002, 0.016428, 0.15917, 0.062595, 0.037563, 0.036585, 0.026088999999999998, 0.59716, 0.0168665, 0.001391, 0.25443000000000005, 0.015702, 0.028775, 0.072018, 0.037582, 0.15425999999999998, 0.11992, 0.034947000000000006, 0.0090604, 0.095911, 0.022827, 0.016919999999999998, 0.021033, 0.017357499999999998, 0.062926, 0.048035, 0.023551, 0.051135, 0.019218, 0.03551, 0.058312, 0.053971000000000005, 0.034944, 0.02214, 0.013198, 0.055535, 0.032302, 0.7286699999999999, 0.12653, 0.72335, 0.15554, 0.034921, 0.012556, 1.1208, 0.40413000000000004, 0.0006533, 0.35763, 0.050612, 0.040118, 0.017648, 0.92581, 0.024443, 0.0081402, 0.0050782, 0.023749, 0.018739, 0.030438999999999997, 0.070881, 0.12462000000000001, 0.011483, 0.10057999999999999, 0.022064333333333335, 0.46908, 0.5080100000000001, 0.16194, 0.2089, 0.17006, 0.015722, 0.039152, 0.55372, 0.032552, 2.0, 0.12114000000000001, 0.017747, 0.22939, 0.030404, 0.027145, 0.98531, 0.19906, 0.07459500000000001, 0.043688, 0.017112, 0.0014862, 0.60514, 0.72344, 0.020791999999999998, 0.10372999999999999, 0.018269999999999998, 0.39397, 0.025108000000000002, 0.025363, 0.025373, 1.5882, 0.5886100000000001, 0.10198, 0.017901, 0.03474, 0.032383999999999996, 0.046785, 0.010241, 1.4258, 0.023114, 0.17032, 0.6402, 0.059909000000000004, 0.065914, 0.033932, 0.019563, 0.02017, 0.016622, 0.063201, 0.085436, 0.034575, 0.019443666666666668, 0.019099, 0.16807, 0.27864, 0.44537, 0.021934, 0.14806, 0.0090963, 0.98115, 0.022869999999999998, 0.041868, 0.026151, 0.127, 0.075023, 0.028867, 0.23786, 0.033641000000000004, 0.025904000000000003, 0.25645, 0.0167895, 0.022019],