{"errorExec": {"Process": "OK"}, "Performance": {"spearman": {"spearmanr": 0.82103818697963271, "pvalue": 6.8810736263654439e-101}, "pearson": {"pvalue": 2.0347849101834529e-96, "pearsonr": 0.81066141981068485}, "kendalltau": {"kendalltau": 0.69841901362678793, "pvalue": 1.4787624603727723e-98}, "r_score": 0.65522462694083894, "predict_values": [0.010626333333333333, 0.000309238875, 0.033666, 0.24215, 0.1402735, 0.0097625, 0.016143, 0.018788, 0.008807200000000001, 0.0050122, 0.0032608000000000003, 0.2093, 0.0406745, 0.083691, 0.0254217, 0.029156, 0.033198000000000005, 0.040262, 0.347141547, 0.1234955, 0.3005919, 0.015885500000000004, 0.016881800000000002, 0.5479782, 0.012537999999999999, 0.014206, 0.0172992, 0.00023813, 0.00957795, 0.4535, 0.7850725, 0.12210099999999999, 0.9358900000000001, 0.030170250000000003, 0.026664999999999998, 0.9452425, 0.006168, 0.0006072202333333333, 0.012226999999999998, 0.030495999999999995, 0.00825015, 0.10380999999999999, 0.023352, 0.0079438, 0.4703045, 0.8914135, 0.0204415, 0.0086398, 0.07063, 0.014013, 0.373105, 0.10384666666666667, 0.00389345, 0.7350899999999999, 0.28385, 0.100187, 0.0022776999999999997, 0.004564449999999999, 0.1666785, 0.25843245, 0.052129416666666664, 0.020243999999999998, 0.044935499999999996, 0.0240465, 1.5852, 0.39335765, 0.032676, 0.088525, 0.016038, 0.0013016215000000002, 0.1403095, 0.042254999999999994, 0.012225, 0.0226745, 0.0072307000000000005, 0.005625283333333334, 0.015678249999999998, 0.100187, 0.005222999999999999, 0.042196, 0.01214, 0.1037195, 0.0065006, 0.0028556, 0.008098399999999999, 1.2845999999999999e-05, 0.005441516666666667, 0.0035241, 0.029675, 2.6163e-05, 0.022894, 0.0276845, 0.0354422, 0.015093, 0.09429900000000001, 0.0052858666666666665, 0.011736400000000001, 0.0362485, 0.081442, 0.03318435, 0.060292, 0.2378935, 0.004233, 0.005302254625, 0.0395979, 0.03125835, 1.3094e-05, 0.08801416666666667, 0.012757999999999999, 0.0298555, 0.446895, 0.0160335, 0.005934249999999999, 0.042647000000000004, 0.000284789275, 0.021544999999999998, 0.13493349999999998, 0.07954979999999999, 0.5936600000000001, 0.11781075, 0.186339, 1.101185, 0.017811, 0.069073, 0.0002899384, 0.024593499999999997, 0.011956, 0.706205, 0.054424, 0.11365, 0.000991504625, 0.080695, 0.0156465, 0.018663, 0.06489, 0.005905133333333334, 0.01796095, 0.010126999999999999, 0.1650525, 0.0723745, 0.00764485, 0.0110495, 0.19358, 0.28385, 0.6659925, 1.3158, 3.3933e-05, 0.03264615, 0.006145749999999999, 0.052096, 0.22489, 0.00944785, 0.235695, 0.00453585, 0.526813, 0.008893533333333332, 0.11772149999999999, 0.080321, 0.34005, 0.62957, 0.0398474, 0.10380999999999999, 0.011965, 0.10728649999999999, 0.23722, 0.025071450000000002, 0.3924335, 0.70574, 0.010707, 0.16452, 0.018793, 0.449665, 1.7597, 0.1102225, 0.012298499999999997, 0.020871, 0.012368, 0.0087687, 0.12063774999999999, 0.005605022374999999, 0.78472, 0.19773500000000002, 0.012229, 0.35325799999999996, 0.0092564, 0.013276, 0.03238515, 0.0311155, 0.014762, 0.0111138, 0.01474, 0.51652, 0.11984000000000002, 0.06728800000000001, 0.0036935329999999997, 0.16041750000000002, 0.32455, 0.011211, 0.1474407, 0.0383355, 0.18632, 0.0196665, 0.1589155, 0.0058335999999999995, 0.6471899999999999, 0.06983700000000001, 0.200236, 0.06728800000000001, 0.005353754625, 0.063954, 0.026183, 0.082069, 0.016937999999999998, 0.311145, 0.0410355, 0.16477, 0.203432249, 0.03687, 0.007571600000000001, 0.24504, 0.0684, 0.306425, 0.050381, 0.032020716, 0.8380224999999999, 0.0025104999999999997, 0.026575, 0.009636200000000001, 0.034318, 0.005507, 0.007665300000000001, 0.025673333333333333, 0.02203465, 0.26487, 0.32129871600000004, 0.014547416666666667, 0.1429345, 0.01378035, 0.0006072202333333333, 0.0354422, 0.1692357, 0.1037195, 0.041169, 0.0498045, 0.1257125, 0.0079438, 0.088657, 0.011813, 0.012757999999999999, 0.0050643, 0.044829, 0.009645733, 0.2760815, 0.096669, 0.20747, 0.036232, 0.0485315, 0.053025333333333334, 0.13563, 0.021403, 0.06788783333333333, 0.030871, 0.035422999999999996, 0.00825015, 0.1439, 0.015302000000000001, 0.013563922999999999, 0.007093114999999999, 0.0098324, 0.311145, 0.01597875, 0.0216, 0.0224115, 1.7897, 0.017744, 0.045497, 0.32778, 0.07451700000000001, 0.33045450000000004, 0.1167415, 0.011170000000000001, 0.40843775, 0.03689481666666667, 0.00067052, 0.04436735, 0.0099226, 0.0014593230000000002, 0.0025371499999999997, 0.005353754625, 0.042619, 0.00036157, 0.047010500000000004, 0.036518, 0.1736155, 0.050575100000000005, 0.0137423, 0.04398133333333333, 0.03332775, 0.062093999999999996, 0.004967847, 0.0145905, 0.123106, 0.016092, 0.030466000000000003, 0.0416605, 0.0028556, 0.0173195, 0.014497999999999999, 0.0052882, 0.02682605, 0.0046697, 0.22315, 0.082643, 0.235695, 0.8850199999999999, 0.9515315000000001, 0.0077149, 0.86347, 0.3354248166666667, 0.0185015, 0.27225, 0.0246585, 0.4703045, 0.07764142387499999, 0.09226699999999999, 0.0202498, 0.004717100000000001, 0.014427, 0.032145, 0.0040405499999999995, 0.0007343169, 0.0442505, 0.016038, 0.01169005, 0.024595, 0.0239505, 0.291035, 0.0821365, 0.0101204, 0.084738, 1.2845999999999999e-05, 0.016609, 0.0042375, 0.55686, 0.002743572375, 0.1736155, 0.091695, 0.0029755, 0.18632, 0.032113, 0.0144285, 0.26522, 0.013276, 0.007157064999999999, 0.17183885000000002, 0.015425999999999999, 0.0015546, 0.25087, 0.21066900000000002, 0.0113505, 0.0073045, 0.009751899999999999, 0.32611, 0.0306175, 0.0029582, 0.0224497, 0.27200599999999997, 0.9452425, 0.048448000000000005, 0.0140765, 0.014856, 0.0237655, 0.015161, 0.026088, 0.59514, 0.026951999999999997, 0.056112499999999996, 0.00574465, 0.059043, 0.012591, 0.000409089625, 0.0034519850000000003, 0.032596266900000004, 0.045414199999999995, 0.033837, 0.0463035, 0.022462000000000003, 0.0003059109, 0.0011615, 0.039139, 0.16128550000000003, 0.15405300000000002, 0.014601, 0.075064, 0.007274699999999999, 0.55306, 0.00967, 0.010854254624999999, 0.11068070000000002, 0.043906, 0.05858281499999999, 0.007228233000000001, 0.09515799999999999, 0.0074638, 0.017179, 0.0796905, 0.058521000000000004, 0.007473065],