,eval,petal.length,petal.width,sepal.length,sepal.width,variety
eval,1.0,0.7692075946895862,0.7749553801453444,0.6173109327552789,-0.3578291999914329,3.710612064523665e-16
petal.length,0.7692075946895862,1.0,0.962865431402795,0.871753775886583,-0.42844010433054,-4.776426168165114e-16
petal.width,0.7749553801453444,0.962865431402795,1.0,0.8179411262715758,-0.3661259325364394,-1.1704217841826088e-15
sepal.length,0.6173109327552789,0.871753775886583,0.8179411262715758,1.0,-0.11756978413300215,-2.7101777612238634e-16
sepal.width,-0.3578291999914329,-0.42844010433054,-0.3661259325364394,-0.11756978413300215,1.0,-4.1201610024978044e-17
variety,3.710612064523665e-16,-4.776426168165114e-16,-1.1704217841826088e-15,-2.7101777612238634e-16,-4.1201610024978044e-17,1.0
