{"errorExec": {"Process": "OK"}, "Performance": {"spearman": {"spearmanr": 0.62332425988639073, "pvalue": 2.7210768011252474e-45}, "pearson": {"pvalue": 4.8919133228228392e-276, "pearsonr": 0.97737639594847991}, "kendalltau": {"kendalltau": 0.46535577806953904, "pvalue": 8.9527461965455613e-45}, "r_score": 0.86471808899276126, "predict_values": [140.57488034999886, 157.79629284999848, 37.597783250000624, 21.472878800000178, 17.831766100000163, 4.408632000000021, 37.132640049999175, 7.405460050000022, 78.55438895000175, 3.819416250000014, 10.767163800000189, 26.71806080000063, 19.427099149999854, 106.99601489999793, 134.3779075999979, 15.230887449999715, 145.77106544999782, 90.02336100000133, 26.739996250000797, 18.484979600000226, 19.785052100000083, 155.69797655000048, 33.76667529999959, 23.87642299999954, 7.547295849999941, 5.885756849999995, 83.82696640000064, 6.964782300000096, 22.962071250000356, 20.553220900000166, 89.35210049999985, 10.885962150000271, 5.903419800000089, 14.821703649999694, 19.401261450000238, 45.55738025000081, 20.889903749999753, 10.067203049999948, 110.99315414999778, 20.266986049999662, 19.77340405000054, 8.67618899999983, 7.196570850000157, 26.584673450000125, 15.620866850000203, 12.117777300000125, 162.61142445000047, 20.068638800000418, 15.35782675000057, 81.25301715000214, 86.68347390000073, 17.086877000000175, 4.841631649999954, 7.4456055499999225, 20.81697774999959, 13.460232949999797, 9.44147674999998, 6.061043550000105, 130.1078031999982, 30.598209499999978, 7.871884749999903, 6.574836999999867, 22.847638250000326, 19.352009700000295, 11.976468516666971, 6.9948755999998, 52.10103045000083, 13.473917950000226, 143.12145934999913, 5.746055349999884, 10.392022050000062, 26.622401949999404, 153.2332775999999, 14.184318850000206, 25.380874550000076, 33.326893100000355, 43.11007390000039, 20.254436900000325, 7.509831049999888, 131.78019524999712, 7.5293222500001935, 17.129224700000222, 10.192395550000148, 9.702493300000064, 139.2682313500023, 17.984406650000135, 13.293249800000043, 13.634207350000102, 10.151268999999761, 26.31129359999952, 22.45099039999968, 137.30452230000003, 128.59564970000184, 13.964104749999837, 8.500324149999814, 140.32181465000113, 7.742858250000112, 8.335341200000013, 17.629540700000163, 10.21226160000027, 24.071585999999545, 46.14333534999983, 5.600837599999917, 5.9679024500001105, 7.001321500000177, 6.415639050000159, 21.539247350000227, 26.208990949999805, 16.615196049999817, 25.2479981499993, 17.36848504999971, 4.874124800000005, 25.28827415000061, 143.8527366499973, 5.219034349999861, 12.828799649999839, 8.125095749999849, 6.420143900000126, 131.2813031000041, 16.046649949999754, 12.725890099999889, 20.490336749999784, 58.70580960000054, 16.84278259999976, 6.616921549999835, 12.58452824999996, 6.474841749999848, 21.009780550000688, 12.871668150000287, 8.43943244999979, 7.155540100000152, 10.357925850000196, 28.472391549999205, 9.311100749999826, 39.693241800000784, 19.844352549999833, 5.155982249999991, 17.458205150000268, 13.489534749999782, 16.523436999999777, 141.25029255000447, 10.188710700000158, 13.225090650000276, 4.38167010000002, 137.6224969999998, 10.133081000000132, 67.22249694999945, 140.7994000499986, 11.043866950000234, 21.160972099999658, 24.81692885000059, 32.37120010000044, 68.01724124999963, 11.389748950000083, 16.75014640000027, 17.11634790000029, 112.53748020000194, 31.98440130000041, 9.057903249999976, 10.411898699999954, 7.1719456499999925, 13.915077050000098, 15.562554800000216, 8.712678999999888, 15.959504250000343, 11.042024450000032, 28.557054849999563, 40.062057450000346, 12.133024649999859, 34.863881849999466, 8.953709750000167, 9.104924099999993, 8.776094199999884, 13.734804600000132, 18.75883214999988, 13.378161499999702, 10.908689750000079, 7.334013150000093, 33.192148749999326, 7.186588950000281, 16.91691745000039, 18.489926550000433, 27.336065299999888, 19.473117400000223, 19.298701900000214, 12.692990749999623, 4.549365349999948, 25.203597499999866, 15.788892500000296, 15.142681649999664, 8.666847449999837, 27.215258100000813, 55.348860749999446, 5.7278030000000335, 75.95569330000227, 21.40611769999988, 9.704175450000099, 22.82394304999966, 9.194867200000077, 141.1134462500029, 5.760840599999897, 7.7002559499999945, 13.434113000000103, 13.779616549999806, 13.703476250000175, 38.51839385000013, 18.289866000000252, 11.114673799999832, 17.956994049999924, 20.80246264999966, 19.51115304999957, 12.117953150000119, 6.950775400000067, 9.393587850000092, 7.607710949999934, 19.398318199999704, 40.798117350000446, 141.10647720000097, 97.76167264999746, 15.606961450000295, 19.92599975000007, 13.224259100000213, 8.629781199999897, 97.12973970000066, 37.54928440000022, 21.113123400000433, 32.090158149999596, 7.927357699999815, 12.651783200000244, 88.49244720000112, 14.33336169999997, 14.089962700000102, 4.367393400000015, 10.828118100000175, 14.495556949999632, 9.674238499999953, 10.699261500000254, 9.690112900000049, 9.320875450000312, 139.989941500002, 142.273779299999, 16.7206364000002, 20.386775199999896, 46.125223649999256, 17.31605519999958, 27.39317089999978, 10.337597849999865, 102.73208425000179, 13.509855750000169, 135.3520619999999, 139.9228914999998, 52.04734784999985, 17.360273549999707, 140.1506281000006, 26.426935049999646, 16.21928880000019, 7.762575650000026, 13.787347049999855, 20.68747530000017, 8.634392899999908, 5.1188842000000445, 13.732521650000052, 10.552819150000163, 11.815968799999908, 25.84092005000047, 7.582501100000128, 8.694909600000123, 12.343019350000255, 11.824355349999669, 4.09435999999991, 9.804769550000026, 171.80264795000204, 22.347613499999362, 27.898401899999087, 138.21189749999868, 26.446169700000574, 19.831191900000007, 26.354542499999543, 28.381721800000534, 6.139659149999901, 8.372899149999892, 16.681554916667075, 17.889598700000427, 147.5029973999967, 6.338600249999908, 9.213257899999963, 26.00135745000039, 7.809686299999732, 9.573367299999916, 7.382691850000115, 38.19129690000054, 105.92356894999689, 21.07465529999985, 133.3160869000018, 10.36895790000008, 10.465162550000116, 15.993081850000179, 47.57245955000088, 19.910197049999653, 111.23363639999886, 5.709484999999851, 25.37503826666594, 6.931782299999902, 24.626947650000524, 107.87330979999729, 23.04357749999945, 34.84199045000056, 10.027585899999988, 12.63851174999979, 10.627736950000225, 13.127896749999636, 18.829061700000054, 40.92475929999975, 12.94326144999988, 32.448967900000085, 34.914222450000715, 29.693533199999532, 14.280512750000154, 19.221739850000052, 34.29439494999963, 9.761909700000142, 107.11288714999704, 11.081681849999883, 124.73989269999599, 7.272093500000071, 9.118468600000018, 30.29833985000068, 18.335984450000204, 18.11607915000019, 9.199548850000186, 35.96865140000004, 150.39122655000176, 69.62552065000058, 7.240213749999838, 7.166335250000123, 14.566150500000498, 11.167114699999892, 12.021988749999776, 6.528887949999915, 16.97894325000043, 19.1345853666662, 16.19142100000042, 10.359409600000214, 13.650059250000378, 4.004068150000116, 10.215430949999874, 16.791278399999793, 32.42459069999957, 27.049973100000315, 6.7213090000000815, 20.79102095000041, 7.036155799999839, 14.431952699999655, 118.33030675000032, 5.321101499999957, 19.669501599999965, 39.57192515000093, 4.767661100000093, 30.09753589999966, 157.37889610000207, 13.91735554999984, 77.78564620000095, 132.78709990000357, 12.654320700000374, 7.242980849999836, 44.15585669999859, 16.802780000000226, 149.43144834999825, 40.08404000000016, 16.662877649999643, 22.952500850000007, 18.2741982999999, 22.32386035000005, 34.57423160000014, 25.836946549999897, 18.695849999999812, 9.116421500000008, 11.251800899999784, 62.7054454000019, 18.384421300000035, 16.643654800000295, 10.424774600000044, 22.93673084999961, 133.08151329999853, 21.369043050000084, 84.5205795500007, 7.735181600000154, 150.95760604999484, 38.88874709999974, 28.342055050000152, 8.376363350000071, 14.192371049999512, 