{"errorExec": {"Process": "OK"}, "Performance": {"spearman": {"spearmanr": 0.99999549448963621, "pvalue": 0.0}, "pearson": {"pvalue": 0.0, "pearsonr": 0.99999999597218092}, "kendalltau": {"kendalltau": 0.9996446554295878, "pvalue": 8.3359771294761978e-200}, "r_score": 0.99999999194436229, "predict_values": [1.8658, 0.1906, 0.056175, 0.02389, 0.074772, 1.5515, 0.028966000000000002, 0.089652, 2.0, 0.058633000000000005, 0.19045, 0.018435, 1.9503, 0.028056, 0.021366999999999997, 0.043681, 0.052535000000000005, 0.028293000000000002, 0.052546, 0.030249, 0.63571, 0.020777, 0.05368099999999999, 0.5322399999999999, 0.02305233333333333, 0.016209, 0.015737, 0.06378600000000001, 0.037689, 0.037009, 0.90143, 0.83226, 0.14457, 1.8909, 0.12838, 0.025769, 1.1233, 0.052337, 0.040391, 0.021956, 0.084346, 0.013388, 0.044954, 0.06442200000000001, 0.030246, 0.155, 0.34676, 0.025259, 0.043119, 1.8937, 0.020015, 0.024993, 0.043975, 0.020641, 0.042181, 0.037683, 0.034720999999999995, 0.1083, 1.9996, 0.0086171, 1.9878, 0.05413, 0.10935, 0.022885, 0.201, 0.090411, 0.070005, 0.04703, 0.70828, 0.054949, 0.032404, 0.028845, 0.094486, 0.03003, 1.9696, 0.085002, 0.015294, 0.013580000000000002, 0.19488, 0.0052698, 1.9872, 0.55666, 0.2298, 0.016776, 0.032253, 0.039102, 0.051257000000000004, 0.024929, 0.035685, 0.028322000000000003, 0.075709, 0.10802, 0.032507999999999995, 0.050873, 0.004887300000000001, 0.20395, 1.2446, 0.06414500000000001, 0.34273000000000003, 0.8042699999999999, 0.03823, 0.0066399, 0.074003, 0.11445, 0.056714, 0.079837, 0.072309, 0.076462, 0.033264, 0.045125, 0.021638, 0.050582, 0.17862, 0.039488, 0.17442, 0.013132, 0.062424, 0.019091999999999998, 0.018102, 0.0041494999999999995, 0.34334000000000003, 0.11710999999999999, 0.77989, 0.11288, 0.04512, 0.039080000000000004, 0.070752, 0.031152, 0.00096197, 0.0102495, 0.031197000000000003, 1.8991, 0.020784, 0.02305233333333333, 0.018893, 1.9875, 0.082438, 1.9997500000000001, 0.12337000000000001, 0.020236, 0.13295, 1.8084, 0.099209, 0.08337, 0.040839999999999994, 0.006327, 0.12747999999999998, 2.0, 0.7690899999999999, 0.015241999999999999, 0.04198, 1.92, 0.027826, 0.1629, 0.032025, 0.05926699999999999, 0.025338, 0.066763, 0.026886, 0.005829699999999999, 0.017224, 0.03154, 0.8591700000000001, 0.04143, 0.03152, 1.3605, 0.0031409000000000003, 0.06378600000000001, 0.023666999999999997, 0.051179, 0.039272, 0.10207000000000001, 0.76405, 0.029687, 0.061048000000000005, 1.7848, 0.031898, 0.028343, 0.082346, 1.1803, 0.020513, 0.046114999999999996, 0.19299000000000002, 0.034852999999999995, 0.065203, 0.040310000000000006, 0.029816000000000002, 0.031276, 0.8663200000000001, 1.9027, 0.033638999999999995, 0.036331999999999996, 0.035917000000000004, 1.7379, 0.055978999999999994, 1.2374, 0.18286, 0.052478, 0.080073, 0.017636000000000002, 0.67713, 0.013607, 0.036384, 0.039305, 0.027173000000000003, 0.032567, 0.35846999999999996, 0.41098, 0.081429, 0.08343099999999999, 0.059161, 0.054688, 0.7802100000000001, 0.95945, 0.055997000000000005, 0.053058, 0.070403, 0.026277, 0.4283, 0.021245, 0.19729000000000002, 0.018307, 0.066352, 0.05325800000000001, 0.34829, 0.054886000000000004, 0.064597, 0.008266500000000001, 1.9887, 0.030018, 1.9779, 1.9352, 0.13080999999999998, 0.030539, 0.0037599000000000005, 1.1285, 0.028462, 0.30743000000000004, 0.059425, 0.048688, 0.018754, 0.038912, 0.068722, 0.052854, 0.0102495, 0.25709, 0.062149, 1.9875, 1.9682, 0.034291, 0.034605000000000004, 0.017468, 0.023611, 0.04143, 0.018031000000000002, 0.022494999999999998, 0.0099206, 0.29951, 1.7221, 0.36605, 0.0054868, 0.033436, 0.040809, 0.00030597, 0.016673999999999998, 0.8472799999999999, 0.033466, 0.08758200000000001, 0.031354, 0.20147, 0.038060000000000004, 0.31256999999999996, 0.69919, 0.096022, 0.047841, 0.041863, 0.012821, 0.04579, 0.070875, 1.9982, 1.8835, 0.024881, 0.018481, 0.56481, 0.027745, 1.9402, 0.18485, 0.026476999999999997, 0.0273605, 0.093423, 0.043023, 0.024202, 0.045536, 0.41711000000000004, 0.14251, 0.12495999999999999, 0.039592, 0.028298, 0.0097157, 0.0096884, 0.07951799999999999, 0.35834, 0.11740999999999999, 0.6903100000000001, 0.012532999999999999, 0.013388, 0.066959, 0.020773, 0.29515, 0.062283000000000005, 0.0063002, 0.0031311, 1.9997, 0.15771, 0.021363, 0.12705999999999998, 1.9997500000000001, 0.021936, 0.015472, 0.052735000000000004, 0.041763999999999996, 0.025331, 0.065823, 0.30885, 0.035898, 0.067725, 1.2591, 0.016673999999999998, 0.071293, 1.995, 0.054949, 0.062317, 0.053712, 0.20994000000000002, 0.042419, 0.033986, 0.060332000000000004, 0.19007000000000002, 0.016075, 0.051348000000000005, 0.027369, 0.24067, 0.063952, 0.18103, 0.36241, 0.0012868, 0.037336, 0.06701499999999999, 0.024311000000000003, 0.044973, 0.02305233333333333, 0.025608, 1.807, 0.2291, 0.058444, 0.9702200000000001, 1.1196, 0.092602, 0.09875199999999999, 0.048957, 0.013300999999999999, 0.9565299999999999, 0.038866000000000005, 0.065596, 0.033619, 0.020932, 0.027483999999999998, 1.2775, 0.06858099999999999, 0.10189, 0.28009, 0.0055931, 0.26371999999999995, 0.043477999999999996, 0.62667, 0.0026893, 0.11313, 0.20131, 0.013281, 0.4179, 0.047549, 0.030255, 0.027010000000000003, 1.9662, 0.045466, 0.0273605, 0.13058, 0.061693, 0.54678, 0.020034, 0.057405, 0.028221, 0.14424, 0.0031409000000000003, 0.043254, 0.025885000000000002, 0.030839, 0.08286, 0.06479800000000001, 1.9958, 0.023974000000000002, 0.06757200000000001, 0.021882, 0.035922, 0.060349, 0.016673999999999998, 0.0026436999999999997, 0.21339],