Feature,Average,Standar Deviation,Variance,Max Value,Min Value
Age,36.50442477876106,13.809967932710633,190.715214302496,81,1
