{"errorExec": {"Process": "OK"}, "Performance": {"spearman": {"spearmanr": 0.73978241220869279, "pvalue": 7.2650864936837952e-72}, "pearson": {"pvalue": 6.192719136062084e-76, "pearsonr": 0.75343291682474833}, "kendalltau": {"kendalltau": 0.59902916238292059, "pvalue": 5.2811004008392554e-73}, "r_score": 0.55274664970480614, "predict_values": [3.2606, 4.1681, 2.8588, 4.65255, 3.6665, 4.982200000000001, 1.685, 2.5573, 3.9975, 2.8528, 4.5567, 2.4715999999999996, 2.5919, 10.0, 4.2145, 2.7378, 1.5012, 9.694749999999999, 1.7565, 2.9528499999999998, 6.92, 4.3054499999999996, 2.2556, 1.8746, 2.8642, 2.5827, 2.0228, 2.6415, 1.8574, 3.16245, 2.56245, 3.45945, 2.6889, 2.7779, 3.7639500000000004, 9.9925, 2.0704, 2.11805, 1.8219, 2.5218, 3.9643, 2.08035, 2.3479, 2.34235, 2.64005, 3.16245, 2.4331, 3.43255, 2.1305, 2.4116, 9.7185, 1.5663, 3.4777500000000003, 2.332, 5.6995, 1.8715000000000002, 4.3644, 2.2104, 4.0767, 4.7613, 4.4282, 5.3808, 2.3937, 2.4362, 2.6579, 4.09975, 2.0338, 3.5065, 2.37045, 2.2163500000000003, 3.55395, 5.237, 3.76315, 6.9613, 3.8473, 3.8849, 8.873850000000001, 3.0695, 2.1430000000000002, 3.1379, 2.9261, 3.4124, 3.5933, 1.9509, 7.0013, 3.8137, 3.8897500000000003, 3.8584, 2.1430000000000002, 2.1237, 3.9728, 4.3606, 7.0086, 2.9585999999999997, 2.4338499999999996, 5.12995, 1.999, 6.1458, 1.6470500000000001, 2.08405, 4.27375, 5.09685, 3.5868, 2.0574, 3.2729, 6.8612, 4.17235, 3.79415, 1.34975, 3.1121999999999996, 6.418850000000001, 3.2175, 2.0024, 2.0687, 3.3472, 3.0623, 4.5249500000000005, 4.4528, 4.42895, 8.8417, 2.0478, 5.475350000000001, 2.1899, 3.44375, 2.2794, 1.979, 3.7237, 5.46565, 5.394, 3.7609, 2.7341, 2.56685, 3.3501000000000003, 5.662999999999999, 2.9022, 2.2881, 4.0295, 8.3772, 2.6984, 3.2205500000000002, 6.2268, 3.4008, 6.4879999999999995, 6.224600000000001, 4.51245, 2.4156, 5.6396, 4.892399999999999, 2.6497, 3.58175, 2.2285500000000003, 3.09535, 1.8846500000000002, 2.1351500000000003, 3.3501000000000003, 3.4486499999999998, 6.5202, 1.8378, 3.3603500000000004, 3.35935, 1.6440000000000001, 1.6337, 7.0487, 5.8429, 4.5231, 2.6474, 3.0201000000000002, 5.55375, 4.55565, 3.05305, 2.3934, 3.8771000000000004, 3.3733, 8.0715, 4.52125, 6.100499999999999, 5.321149999999999, 4.1855, 2.2772, 3.6288, 2.16345, 4.440250000000001, 2.7903, 5.1935, 3.2903, 2.1454, 3.2741, 1.9627, 2.1467, 5.18105, 7.34285, 1.6832, 1.2347, 6.9613, 1.5405, 3.7105499999999996, 2.4699, 4.0947, 4.28965, 3.7853, 2.50645, 2.1448, 6.71913, 2.1057, 2.0745, 1.88325, 4.784750000000001, 3.4566999999999997, 4.1713, 3.7575000000000003, 3.26855, 2.126, 3.93505, 2.98135, 6.9794, 2.0991, 2.2613, 9.8983, 7.3127, 6.0694, 4.0337, 3.4378, 2.02505, 3.6072, 2.3443, 2.1271, 2.5728, 4.0071, 2.6972, 1.98365, 2.70975, 3.2873, 6.7833, 8.5323, 3.2131, 3.497, 1.6545, 2.8092, 4.49235, 4.52125, 1.74905, 3.70845, 2.06215, 1.5845, 2.8481, 1.6917, 2.9746, 3.77735, 2.23635, 5.7412, 1.9548, 1.7545, 4.02335, 4.985250000000001, 2.4784, 4.7683, 4.01485, 3.0946, 2.88505, 4.41955, 5.016, 4.4383, 3.4652000000000003, 2.5372500000000002, 2.8114, 3.40835, 2.6595, 3.4835, 2.75705, 3.7611, 2.6445, 3.1762, 4.5594, 1.9509999999999998, 1.4444, 7.2797, 2.7183, 2.6642, 3.1031500000000003, 2.4289, 2.7358000000000002, 6.7373, 1.5558, 4.2322, 3.1058, 2.7025, 1.3625, 1.9509, 2.5117, 2.9902, 3.9398, 5.814500000000001, 1.4692, 1.8530000000000002, 3.3336, 3.194, 2.2590500000000002, 2.1928, 3.7408, 2.4575, 3.19825, 2.87995, 7.1792, 2.1244, 6.1497, 2.0517000000000003, 1.9220000000000002, 3.4396, 4.7913, 6.09405, 2.6797, 2.91615, 2.96985, 2.4289, 3.0657, 5.73495, 2.63535, 5.0923, 2.1597, 2.2103, 7.13455, 4.50565, 2.6298500000000002, 4.7094, 2.9924, 2.0731, 4.940249999999999, 6.47325, 4.940249999999999, 2.3451, 6.202679999999999, 1.85005, 9.998729999999998, 2.6281, 4.97455, 3.6622500000000002, 3.9437499999999996, 6.5729999999999995, 2.6153, 2.0987999999999998, 2.24945, 1.9803, 4.038349999999999, 2.87475, 3.2013, 3.1632, 1.6840000000000002, 3.1983, 3.1119000000000003, 2.4888, 2.51655, 4.46385, 4.53815, 2.4429, 3.97245, 3.3502, 3.9819, 2.9559, 5.00655, 2.42105, 4.06945, 5.5462, 9.9998, 2.1223, 2.8591, 1.6236, 1.9951500000000002, 3.7105499999999996, 4.57605, 2.1089, 6.1315, 6.2784, 3.2187, 6.5866, 7.3127, 4.0763, 4.2352, 2.4472, 5.99875, 4.08445, 2.4721, 2.5982, 3.0817, 1.8811, 1.2308, 2.20185, 3.1404500000000004, 4.4198, 3.3846499999999997, 2.2681, 4.0062, 3.7672499999999998, 3.4402999999999997, 2.42105, 2.4836, 2.25835, 2.7863, 3.566, 7.2204, 2.9022, 3.3450499999999996, 3.0972, 2.0583, 2.74055, 4.7582, 9.9999, 3.9168, 2.8694],