{"errorExec": {"Process": "OK"}, "Performance": {"spearman": {"spearmanr": 0.99988687620683381, "pvalue": 0.0}, "pearson": {"pvalue": 0.0, "pearsonr": 0.99999997716211853}, "kendalltau": {"kendalltau": 0.99736779592799341, "pvalue": 6.6161336347376757e-199}, "r_score": 0.99999995432423805, "predict_values": [0.0088492, 0.0001925016666666667, 0.033666, 0.24215, 0.33286, 0.013993, 0.016143, 0.007819, 0.008807200000000001, 0.0057913999999999995, 0.0032608000000000003, 0.2093, 0.070594, 0.019548000000000003, 0.042462, 0.029156, 0.033198000000000005, 0.040262, 0.6942699999999999, 0.023841, 0.59324, 0.02675, 0.008122, 1.0867, 0.012537999999999999, 0.014206, 0.032318, 0.00023813, 0.0087344, 0.4535, 1.5624, 0.20797, 0.55598, 0.0020486, 0.010733, 0.033121, 0.006168, 0.000824005, 0.010440999999999999, 0.030414999999999998, 0.012683, 0.05554, 0.023352, 0.19488, 0.46685, 0.023127, 0.030407, 0.010779, 0.07063, 0.014013, 0.59804, 0.10394, 0.0039696, 0.7350899999999999, 0.28385, 0.096134, 0.0020486, 0.0054175, 0.30368, 0.50915, 0.0085413, 0.021825, 0.021641999999999998, 0.024114999999999998, 1.5852, 0.77905, 0.032676, 0.088525, 0.010476000000000001, 3.937333333333333e-05, 0.16666, 0.069654, 0.012225, 0.023804, 0.0072307000000000005, 0.0055320000000000005, 0.015528, 0.10424000000000001, 0.005222999999999999, 0.042196, 0.01214, 0.096092, 0.0065006, 0.0028556, 0.008098399999999999, 0.11248, 0.0054934, 0.0035241, 0.034052, 2.0983000000000002e-05, 0.015322, 0.0088981, 0.28331, 0.015093, 0.09429900000000001, 0.0051821, 0.020212, 0.038179000000000005, 0.081442, 0.0087344, 0.078388, 0.033466, 0.004233, 0.004399, 0.039548, 0.060239, 0.0002283518, 0.10338, 0.1953, 0.029757, 0.78998, 0.0178675, 0.00044269, 0.12394000000000001, 3.937333333333333e-05, 0.021544999999999998, 0.046717, 0.15513, 0.5936600000000001, 0.23446, 0.33948, 0.32807, 0.017811, 0.069073, 0.00235955, 0.015135, 0.011956, 1.0446, 0.079091, 0.11365, 0.0002283518, 0.080695, 0.019153, 0.018663, 0.06489, 0.0059811, 0.00235955, 0.010126999999999999, 0.25783, 0.10357999999999999, 0.007745, 0.011392, 0.19358, 0.067881, 0.016184999999999998, 1.3158, 3.937333333333333e-05, 0.0062493, 0.006090399999999999, 0.052096, 0.22489, 0.0045673, 0.14017000000000002, 0.0082801, 0.98257, 0.0089024, 0.012293, 0.080321, 0.34005, 0.62957, 0.040262, 0.10380999999999999, 0.007745, 0.1455, 0.23722, 0.040391, 0.73937, 0.8584200000000001, 0.010707, 0.16452, 0.018793, 0.44583, 1.7597, 0.072275, 0.010520999999999999, 0.020871, 0.012368, 0.0087687, 0.033261, 0.011189, 0.78472, 0.27563000000000004, 0.012229, 0.012246, 0.0092564, 0.013276, 0.17487, 0.047375, 0.012345, 0.0078946, 0.018772999999999998, 0.74541, 0.11984000000000002, 1.6494e-05, 0.034519, 0.31309000000000003, 0.32455, 0.011211, 0.28763, 0.029954, 0.058990999999999995, 0.024031, 0.045581, 0.0054661, 0.6471899999999999, 0.019548000000000003, 0.07269199999999999, 0.06993200000000001, 0.010544, 0.063954, 0.011975, 0.082069, 0.016937999999999998, 0.010684, 0.045839, 0.16477, 2.4498e-05, 0.03687, 0.007571600000000001, 0.24504, 0.0684, 0.36780999999999997, 0.01932, 8.743200000000001e-05, 1.6683, 0.0021654, 0.010688, 0.009636200000000001, 0.034318, 0.005507, 0.007665300000000001, 0.027285000000000004, 0.039005, 0.26487, 0.64251, 0.0090536, 0.24104, 0.025283, 0.000277373, 0.0059943999999999996, 0.052287, 0.040074, 0.041169, 0.095376, 0.17915, 0.0079438, 0.24111999999999997, 0.05230599999999999, 0.013375999999999999, 0.0050643, 0.044829, 0.00019551800000000002, 0.53337, 0.05316799999999999, 0.20747, 0.036232, 0.054601, 0.061970000000000004, 0.13563, 0.012473999999999999, 0.044180000000000004, 0.047244, 0.029677, 0.003665, 0.1439, 0.015302000000000001, 0.027114999999999997, 0.00011023, 0.009602, 0.033922, 0.016128999999999998, 0.0216, 0.034347, 1.7897, 0.0178675, 0.045497, 0.32778, 0.029194, 0.018399000000000002, 0.010333, 0.011170000000000001, 0.8139, 0.010104, 0.00067052, 0.20006, 0.0099226, 0.0029406500000000004, 1e-05, 2.6478000000000003e-05, 0.042619, 0.00019551800000000002, 0.06793300000000001, 0.0054922, 0.011401, 0.0068512, 0.019913, 0.043882, 0.03335, 0.10865999999999999, 0.0002283518, 0.011437000000000001, 0.057263, 0.017091, 0.030466000000000003, 0.039439, 0.071425, 0.010798, 0.014497999999999999, 0.0052882, 0.047451, 0.0046697, 0.22315, 0.082643, 0.33121999999999996, 0.18484, 0.028763, 0.0077149, 1.5421, 0.66546, 0.029258, 0.27225, 0.025297999999999998, 0.082189, 0.0001925016666666667, 0.12057999999999999, 0.0042421, 0.004717100000000001, 0.014427, 0.032145, 0.0018800000000000002, 0.000824005, 0.062412999999999996, 0.07245, 0.006533199999999999, 0.024595, 0.024114999999999998, 0.4173, 0.33504, 0.010178, 0.084738, 0.000277373, 0.016609, 0.0042375, 0.52048, 2.444e-05, 0.33583, 0.091695, 0.0029406500000000004, 0.18632, 0.032113, 0.016319, 0.11314, 0.091929, 0.014075999999999998, 0.0078477, 0.013673, 0.00135805, 0.25087, 0.40684000000000003, 0.0059811, 0.0072514, 0.009751899999999999, 0.42907, 0.030657999999999998, 0.0029582, 0.0022804, 0.50013, 1.8743, 0.038375, 0.012851, 0.014856, 0.023649, 0.019615, 0.026088, 1.9514, 0.02675, 0.071056, 0.56862, 0.059043, 0.010733, 0.0002283518, 0.023824, 0.06464400000000001, 0.036304, 0.033837, 0.058961, 0.027180000000000003, 0.0001925016666666667, 0.00135805, 0.070533, 0.28218000000000004, 0.21273000000000003, 0.014601, 0.081704, 0.0087344, 0.55306, 0.00967, 0.0002283518, 0.0087344, 0.043906, 0.1167, 0.013583000000000001, 0.14812, 0.00757, 0.017179, 0.14817, 0.058521000000000004, 0.014708],