Component,Relevance
1.0,99.99999999317015
2.0,3.990138383510544e-09
3.0,1.6084938488516873e-09
4.0,1.2312125814883796e-09
