{"errorExec": {"Process": "OK"}, "Performance": {"spearman": {"spearmanr": 0.23747530362718833, "pvalue": 1.2245387729055251e-06}, "pearson": {"pvalue": 4.9226709691541466e-07, "pearsonr": 0.24590849316984534}, "kendalltau": {"kendalltau": 0.16070632788602165, "pvalue": 1.2448584053603108e-06}, "r_score": -0.063643013330438203, "predict_values": [29.520834524497754, 29.573520170883057, 29.562150760765363, 29.821270208203885, 29.628756951578286, 29.82980763336186, 29.77404941715977, 29.56408883008608, 29.709818224861095, 29.65826270684363, 29.498147313967447, 29.612127067146538, 29.70269431554977, 29.70709180550483, 29.441988235538062, 29.223496632748148, 29.6895849964043, 29.868796235754804, 29.47936827972317, 29.426342076264802, 29.569043814497057, 29.784706613075652, 29.53835629462716, 29.585759469865753, 29.587683608228186, 29.731586678905128, 29.57679431836227, 29.757599240001003, 29.450652344451946, 29.922175627687675, 29.488293618418435, 29.650112509624815, 29.393741661822897, 29.56140755612393, 29.608938311642124, 29.504441804332103, 29.27978108613452, 29.507658085003918, 29.44828083530792, 29.72873451665689, 29.4480152287837, 29.452503512163574, 29.62213733655323, 29.568126150754736, 29.72834774587055, 29.668857496671205, 29.77644637159715, 29.58707636856104, 29.87903725079623, 29.398054437799637, 29.63087739721283, 29.634275945931318, 29.58531622827517, 29.6595009512871, 29.725807245803562, 29.544611970541492, 29.596503873147363, 29.659249711473763, 29.47659355499226, 29.77597435745573, 29.576647362283378, 29.61803679673197, 29.644000843542567, 29.657204947822294, 29.71496957407997, 29.909278770470006, 29.580377871733443, 29.691708221052554, 29.768808618404126, 29.55749285707801, 29.758148792965535, 30.00048870901836, 29.780399013799975, 29.7656730617392, 29.780287753686274, 29.799175080081707, 29.853760053337243, 29.410543613043977, 29.774752677497336, 29.342139564980727, 29.641589970660466, 29.75430868536498, 29.80137168435218, 29.56058415545062, 29.799563770646188, 29.57817275464282, 29.452661114216916, 29.5473876731948, 29.76415992021961, 29.57948176098952, 29.609100508927742, 29.617259161554127, 29.74243080125913, 29.666729449000584, 29.7358976673752, 29.557987313904903, 29.632165361868456, 29.310737022799444, 29.718014933714723, 29.49444023683679, 29.66281918732146, 29.489623470267656, 29.64476253758915, 29.587048795513567, 29.75777768013851, 29.59900641275131, 29.42517296226793, 29.632614163943835, 29.477487316864046, 29.397727677389835, 29.595099900279273, 29.58264384988655, 29.374149776106393, 29.59516080955636, 29.541713758036693, 29.663679582543317, 29.349312170256862, 29.611345964522936, 29.59736037727041, 29.763063674551493, 29.617824564770128, 29.604706376541127, 29.40384951832512, 29.624861968309375, 29.535980995062513, 29.773910243787327, 29.315248781944227, 29.733399910532015, 29.62421133427301, 29.601596783978692, 29.6372510324265, 29.77006544405636, 29.24551942787548, 29.625173656887192, 29.722164787155027, 29.679343315669183, 29.590307838521177, 29.37224745531682, 29.7441997899385, 29.617590271893643, 29.44142054607874, 29.359156890535484, 29.540614688718318, 29.69541167444706, 29.630460107745588, 29.524447498015093, 29.675847392063975, 29.630680228380413, 29.519045423677742, 29.595133847006483, 29.69627564686391, 29.434467764928016, 29.567775609185244, 29.69302853317678, 29.520955128371984, 29.211677884037535, 29.49473890556203, 29.684688500185462, 29.81264946768657, 29.43216501530052, 29.779096058137377, 29.454377628285375, 29.436345615159276, 29.57873626179517, 29.781576358303003, 29.61033580072814, 29.551668031511454, 29.655997318912178, 29.354952613700704, 29.679780226862785, 29.490063358807824, 29.80347324089045, 29.43772787173993, 29.578721922997776, 29.52752107976951, 29.564032985631343, 29.595140242615578, 29.46635431540731, 29.69803393306518, 29.72743908508255, 29.818463499657177, 29.85382556409176, 29.63925211198736, 29.467123559920704, 29.3376191080191, 29.68299207663967, 29.539006355887174, 29.969704858355804, 29.839860882880938, 29.669738283650197, 29.46873488815478, 29.517041910362742, 29.69593415058603, 29.35347396091812, 29.530572388703618, 29.470529356087642, 29.53449270276349, 29.551686644252232, 29.545288183995076, 29.39998133259599, 29.76348410886485, 29.605879704048075, 29.729161700909557, 29.575544007054773, 29.6141123277682, 29.690618424347814, 29.460587430181935, 29.280363823837956, 29.800013815177408, 29.583808024453624, 29.78562557379726, 29.558455346397068, 29.886936836715886, 29.766463836227185, 29.884753411058014, 29.799134323092638, 29.435567955787675, 29.76532503067014, 29.541810135178075, 29.73642275218491, 29.664739397149347, 29.567500581088936, 29.40843856970309, 29.74806147548297, 29.402208580582716, 29.141045689812348, 29.44599541946868, 29.575543721048536, 29.394906873264773, 29.839363606647083, 29.635180830329677, 29.36976051289199, 29.451620525973315, 29.74168023983698, 29.77619928982134, 29.880622274506866, 29.77598069869563, 29.604663286168506, 29.34702988420175, 29.728789654345782, 29.479044186499106, 29.74972246171191, 29.597747034744998, 29.452855690642398, 29.767937510742893, 29.27842522890886, 29.624189235650714, 29.63868551993575, 29.617251181933334, 29.611402051098693, 29.698446415780435, 29.641718115351335, 29.664965479500456, 29.7921211995094, 29.58335499143808, 29.53470414021492, 29.29817566452859, 29.914611575634417, 29.618841742399752, 29.779714997678134, 29.82003202453228, 29.65131286666756, 29.556184161195898, 29.394727543885356, 29.286257281233258, 29.612033059363068, 29.552668014519856, 29.6534822151694, 29.822875513034855, 29.711823595838347, 29.61598600708339, 29.724436921437178, 29.252718519545994, 29.31041358155979, 29.633645422768353, 29.615071797951703, 29.31046495847207, 29.58695760651592, 29.62408571315989, 29.313075047405302, 29.57356568650153, 29.551444022516073, 29.638885757266756, 29.62758950845106, 29.707822151209736, 29.35471291079451, 29.586763605678655, 29.72843101194381, 29.71785363357822, 29.57474943733046, 29.477294271043856, 29.660963080137023, 29.675848875754323, 29.599186907748173, 29.698314696048268, 29.505471029228858, 29.8580605074718, 29.45439228011287, 29.724704643750325, 29.476985199387766, 29.736685624587015, 29.6187589636405, 29.511748136893512, 29.60057175683563, 29.816252885856187, 29.536987886374, 29.5474163010844, 29.64098777605869, 29.753505263379203, 29.6537855906396, 29.612089888529688, 29.359369564624245, 29.875655099170313, 29.71327275640676, 29.78155511231631, 29.380742940767206, 29.604187753658373, 29.63314821796839, 29.5266650813908, 29.847540247959763, 29.730138235176536, 29.64473611226558, 29.674129099308633, 29.40611518791245, 29.702691532532512, 29.331490247011487, 29.594363946754996, 29.430486726276776, 29.586087930244865, 29.57555022404779, 29.575436830845394, 29.7347994658665, 29.89668454949523, 29.630970841609443, 29.646524620115137, 29.37997628210347, 29.778543533207287, 29.601952142619414, 29.643640968688604, 29.55340841319144, 29.633148211056287, 29.303008873693376, 29.339700240714865, 29.816920486556096, 29.63422233730731, 29.626198921518206, 29.915041920765233, 29.555808098659853, 29.762929676746165, 29.557378425494257, 29.821880358430946, 29.850067563797317, 29.62080152315593, 29.599534204531036, 29.35130232392924, 29.81856963366081, 29.717540109110175, 29.459917262267364, 29.549878925153042, 29.904720980572304, 29.53305403953235, 29.508416440402655, 29.400078069331954, 29.642535789574858, 29.593783121306657, 29.570492617512944, 29.802535401891017, 29.68463321469616, 29.593023268752987, 29.60504460923905, 29.946239656629423, 29.381646134618247, 29.3776037688864, 29.703056389550227, 29.471951102557995, 29.83889013164623, 29.589975307175788, 29.641024870495443, 29.757429083152765, 29.527654110616623, 29.582575814949355, 29.49768857287913, 29.420038826673498, 29.398682457080067, 29.62465250669136, 29.844422670516465, 29.598727472869207, 29.290733128972196, 29.728373711355523, 29.49132000570337, 