Component,Variance
PCA 1,71.03878847662891
PCA 2,18.29852032474281
PCA 3,7.161457003322086
PCA 4,2.5706829096074872
PCA 5,0.4127040013741887
PCA 6,8.560238214449233e-47
