{"errorExec": {"Process": "OK"}, "Performance": {"spearman": {"spearmanr": 0.75639296377342369, "pvalue": 7.4835485232192968e-77}, "pearson": {"pvalue": 1.3339178147065067e-79, "pearsonr": 0.76501172585762789}, "kendalltau": {"kendalltau": 0.6079739849957011, "pvalue": 3.8238674919827025e-75}, "r_score": 0.57509835959525746, "predict_values": [0.863985, 1.0873, 1.4388, 0.6748449999999999, 1.75, 0.0566005, 0.15272, 1.2302, 0.603955, 1.2673649999999999, 1.5695000000000001, 0.19255999999999998, 0.038197, 0.0449, 0.16400166666666666, 0.9343100000000001, 0.410995, 0.0260364, 0.2631065, 0.6570600000000001, 0.13819, 0.859961, 1.2990000000000002, 0.16397666666666666, 0.25051, 0.8561599999999999, 1.5974, 0.44823999999999997, 0.15378450000000002, 0.2411775, 1.15862, 0.022936, 0.6360239999999999, 1.2707, 0.338146, 0.08204361, 0.423668, 1.5656, 1.5726499999999999, 0.10635570000000001, 0.96451, 1.17965, 1.6159999999999999, 0.074739, 0.939295, 0.36045499999999997, 1.262905, 0.61588, 0.035552, 0.38604, 1.4098, 1.4553, 0.508317, 0.600895, 0.021134, 0.821478, 0.08611429999999999, 0.76627, 0.042578, 0.354153, 0.5950617500000001, 0.87611865, 0.1438935, 0.765495, 0.0365855, 0.0365855, 0.066687, 0.17752700000000002, 0.41451000000000005, 0.37496, 0.27688, 0.8490425, 1.2862, 0.7846445, 0.62698, 0.5039399999999999, 0.8007299999999999, 0.1656525, 0.8947999999999999, 0.1635015, 0.2722133333333333, 1.7485, 0.515265, 0.044333565500000005, 0.921145, 0.492955, 0.25116299999999997, 1.6395499999999998, 0.773995, 0.5136578215000001, 1.080515, 0.558745, 0.092026, 1.4166, 1.1764000000000001, 1.4498, 0.11117250000000001, 0.99763, 0.067623, 0.0722835, 0.00876651, 0.0088014, 0.306125, 1.3011, 0.05146799999999999, 0.855925, 0.16400166666666666, 0.7261435, 0.1967085, 0.8995465, 0.030092, 0.6570600000000001, 1.1842, 0.603924, 0.015641, 0.306125, 0.38742, 0.20609, 0.6265465, 1.5106, 0.9834849999999999, 1.6926, 0.1332575, 0.13722, 0.8592966666666666, 1.62985, 0.026226, 0.13359000000000001, 0.02326801, 0.015541999999999999, 0.21604099999999998, 0.2764685, 0.16652999999999998, 0.98434, 1.094245, 1.245595, 0.008218600000000001, 0.5648850000000001, 0.032924999999999996, 0.4555675, 1.5793499999999998, 1.192, 0.953975, 1.2147, 1.2774, 0.3601155, 1.3808, 0.15418600000000002, 0.2569595, 0.565385, 1.3701, 0.755965, 0.83074, 0.14725714999999998, 0.62292, 1.5631, 0.61468, 0.16635, 1.6768, 0.757266, 0.76372, 0.2719533333333334, 1.0408, 0.735686, 0.53497115, 0.355223, 0.1172135, 0.1877165, 1.1519, 0.07853450000000001, 0.5950617500000001, 0.017747, 0.746745, 0.28121999999999997, 0.97297, 0.79633, 0.013281999999999999, 0.45603199999999994, 0.485725, 1.252865, 0.600895, 0.0052423, 0.7941, 1.06179, 1.5643e-05, 1.4211, 0.765495, 0.14318533333333333, 0.029138, 0.40071, 0.049880999999999995, 0.28571, 0.06908500000000001, 1.4322, 0.15795, 0.064927, 0.181726, 1.3648, 1.743, 1.7034, 1.17965, 0.060425, 0.00497285, 0.35058, 0.8073764999999999, 0.14587, 1.15863, 0.86258, 1.56575, 0.8592966666666666, 0.1855375, 1.74, 0.079203, 1.033575, 0.5606495499999999, 0.36772000000000005, 1.3701, 0.0174874815, 0.82458, 0.034933, 0.03461875, 0.24189000000000002, 1.7079, 0.31249, 0.068405, 0.41279, 1.1829, 1.012845, 1.1873, 0.046042, 0.6515, 0.012151, 0.61526175, 0.17519, 0.023454, 1.1159999999999999, 1.3984, 0.12030300000000001, 0.524379, 0.8554799999999999, 0.487634, 0.21175, 0.10051075, 0.6360549999999999, 0.086046, 1.5892, 0.034748, 0.21906, 0.364221, 0.332953, 0.9472299999999999, 1.142225, 0.620795, 0.058965, 0.23465, 0.700985, 0.033714, 0.4114795, 0.27229000000000003, 1.069415, 1.7004000000000001, 0.7846445, 0.637335, 0.6288824999999999, 0.168264, 1.245595, 0.17056, 0.68635, 0.19194, 1.150665, 0.042502, 1.255845, 0.8769750000000001, 0.037971149999999995, 1.5185000000000002, 1.2977, 0.033734, 0.40928, 0.8705130000000001, 0.48825, 0.6287, 1.7192, 0.7517699999999999, 0.1059, 0.7836542999999999, 0.73588, 0.3419145, 0.792355, 0.0304435, 0.14827, 0.0399165, 0.023775, 1.0151, 0.618889375, 0.211196, 0.6335175000000001, 0.06770699999999999, 0.08938929999999999, 0.024607, 1.6995, 0.48479250000000007, 0.20165, 1.6056, 0.068727, 0.36039350000000003, 0.019746, 1.19005, 0.053631, 1.2255, 0.96502, 1.4882499999999999, 0.935375, 1.6069499999999999, 0.944435, 0.618889375, 0.088621, 0.25076950000000003, 0.06504, 0.088095, 0.32237950000000004, 0.5874415, 0.031463, 0.92472, 1.5413, 0.46795, 0.877905, 0.061108499999999996, 0.0025794, 0.0768385, 0.038117000000000005, 0.68252, 0.038825, 0.11135, 0.56687, 0.089056, 0.16927550000000002, 0.046588000000000004, 0.0620555, 0.89033, 0.1751925, 0.49272499999999997, 0.11753849999999999, 0.141073, 0.031246, 0.031932, 0.65295, 0.16403, 1.087, 0.7261435, 0.6717799999999999, 0.2171525, 0.30804000000000004, 0.049899, 0.13845, 0.0944675, 0.67706, 0.75905, 0.491746, 0.06589149999999999, 0.23256, 1.0989, 0.92514, 0.71332, 0.020679999999999997, 1.1441, 0.050416875, 0.017265, 0.7666649999999999, 0.11135250000000001, 0.04560015, 0.035166, 1.5037, 1.41045, 0.6749499999999999, 0.041795, 0.20321150000000002, 0.99766, 0.927625, 0.97297, 0.50864, 0.8620805, 0.026885000000000003, 0.3367105, 0.119566, 1.1502350000000001, 0.32873, 1.5312, 0.41983, 0.203798, 0.10758, 0.025877499999999998, 0.00730615, 0.015954250000000003, 1.0642, 1.52145, 0.6784349999999999, 0.940445, 0.6523966666666667, 0.019017, 1.094245, 1.3065, 0.6031945, 0.043011, 0.317214, 1.099765, 0.3438175, 0.004208600000000001, 1.6677499999999998],