{"errorExec": {"Process": "OK"}, "Performance": {"spearman": {"spearmanr": 0.76440146551561405, "pvalue": 2.1068953899014851e-79}, "pearson": {"pvalue": 5.3723149354564538e-78, "pearsonr": 0.76002395339137263}, "kendalltau": {"kendalltau": 0.62905976516262319, "pvalue": 2.585432555525929e-80}, "r_score": 0.55557945767826333, "predict_values": [0.1265925, 0.8849499999999999, 2.8608474999999997e-05, 0.0489181, 0.053465, 1.3291, 0.1271132857142857, 0.7721399999999999, 0.454905, 0.19467450000000003, 0.18997, 0.019438, 0.816125, 5.1207197152777766e-05, 0.812535, 0.0025627604509523808, 0.03974, 0.01201767525, 1.0701, 3.2819083333333336e-05, 0.01015, 0.00195374676, 0.1424905, 0.91848, 0.349689646669375, 6.418465720238096e-05, 0.015442285714285716, 1.6245, 0.024218, 9.055712032738095e-05, 0.95449, 0.00015969686666666665, 0.076682, 1.0628, 0.36709, 0.029138999999999998, 0.96828, 0.1989275, 0.16279449999999998, 9.055712032738095e-05, 0.6217649999999999, 7.812770500000001e-05, 0.7386199999999999, 0.0593745, 0.027056, 0.23164690000000002, 0.1607935, 9.534525e-05, 0.40544199999999997, 0.26734100000000005, 0.0011493, 0.00081592525, 1.0224, 8.9177999375e-05, 0.318508, 0.012218527, 0.07935999999999999, 1.0998999999999999, 0.11795, 0.47171169999999996, 0.26055, 0.0027611742062499996, 0.8457725, 5.1207197152777766e-05, 1.3769999999999998, 0.19483006248, 0.59597, 0.01180555, 0.5495567785, 0.54071, 0.016668000000000002, 0.017945, 1.0994, 0.0084562835, 0.6211249999999999, 0.7953545, 0.01201767525, 0.4817950000000001, 0.68862, 0.0383575719125, 0.249145, 0.16965, 0.77437, 7.812770500000001e-05, 0.1920317785, 0.0253491, 0.25031, 0.198126, 9.055712032738095e-05, 0.8164149999999999, 0.1343425, 0.44006999999999996, 1.01213, 0.49941, 0.02456070727, 1.4567, 0.16210449999999998, 0.013561253249999997, 0.6683, 0.51549, 0.001491, 2.024676875e-05, 0.46608999999999995, 1.0294000000000002e-05, 0.27694399999999997, 0.019825, 0.7276894999999999, 0.096617, 0.029685000000000003, 0.7358604999999999, 0.00565003133, 0.032119999999999996, 1.01028, 0.009918699999999999, 0.4802, 0.0268283, 0.0915415, 0.006479, 0.019593, 0.8849499999999999, 0.58619, 0.5162190000000001, 1.48605, 0.2678837835, 0.37331, 9.055712032738095e-05, 0.089767, 1.769675e-05, 2.8824e-05, 0.00232392525, 0.9511799999999999, 0.684965, 0.28872365808333333, 0.0114447157, 0.25980805, 0.58154305, 0.54655, 0.067045, 0.02386525, 0.18016549999999998, 0.6944834999999999, 4.576174583333334e-05, 0.073401, 0.87983, 0.55703, 0.008574, 0.34601, 0.5415575, 0.30418, 0.1451305, 4.0156902777777786e-05, 0.14742, 0.073401, 0.08374770000000001, 0.071176, 0.089651, 0.306285, 0.27171799999999996, 9.055712032738095e-05, 0.010581, 0.009337, 0.413390762475, 0.850922, 0.0017823334999999998, 0.6698925, 0.31057, 0.047644, 0.0059922, 6.748236345238096e-05, 0.7690635, 0.38252100000000006, 0.0124286, 0.8327800000000001, 0.015309285714285715, 0.047969, 0.85956, 0.048594, 0.4724455, 1.2752000000000001, 0.0552545, 0.005612060527777778, 0.373096, 0.12288110000000001, 6.491383333333334e-05, 0.051396, 5.1207197152777766e-05, 0.0069122, 0.0032275, 0.06948, 0.428, 0.028966000000000002, 0.013347, 0.03769256052777778, 0.020848, 0.0018786624750000002, 0.08387449999999999, 0.21316200000000002, 0.44006999999999996, 0.0080705, 0.0027611742062499996, 0.048268, 0.012806749999999999, 0.00015969686666666665, 0.091018, 0.32309, 9.055712032738095e-05, 0.21316200000000002, 0.267305, 0.08959249999999999, 0.00084772, 1.00708, 0.1047645, 0.563329, 0.044053967, 0.00015969686666666665, 0.8128741500000001, 0.31006100000000003, 0.006706560527777778, 0.099566, 0.01201767525, 0.54092, 0.0019984, 0.19283, 0.8034536500000001, 0.934805, 0.45172100000000004, 0.28689000000000003, 0.0019174313300000002, 0.314591105, 9.055712032738095e-05, 0.29928, 0.047795, 9.055712032738095e-05, 9.055712032738095e-05, 0.0039073, 0.26353000000000004, 0.2240665, 0.25086, 0.49415549999999997, 1.0439999999999998, 0.029338, 0.010271207269999999, 6.318875e-05, 0.5797205846814286, 0.0094476, 0.2498686580833333, 0.00565003133, 0.47441574025000005, 0.12791305, 6.418465720238096e-05, 1.1367500000000001, 0.010620060527777777, 9.055712032738095e-05, 0.091571, 0.029283000000000003, 0.01776425, 0.28872875325, 0.4046065, 0.140366027, 0.07437225, 0.018945999999999998, 0.407405, 0.52775, 0.0072598, 0.149102, 0.049121, 0.29251, 0.335195, 0.203455136135, 0.76818, 0.35223875, 0.420905, 0.0012450999999999999, 0.42858999999999997, 0.2597775, 0.027207, 0.03354615808333334, 0.0384265, 0.02797, 0.5774, 0.23775, 0.49415549999999997, 1.442, 1.221e-05, 0.787025, 0.16194, 0.759055, 0.1194319725625, 0.40691, 0.0107301, 0.0046158, 0.004964100000000001, 0.27882549999999995, 0.13765000000000002, 1.5187, 0.269775, 0.1920317785, 0.03384, 1.769675e-05, 0.014379, 1.0066, 0.10604000000000001, 0.039825, 0.1343425, 0.0178065, 0.04085285, 0.14983249999999998, 0.35493, 0.377451467, 0.75434, 0.49743999999999994, 0.28872365808333333, 0.16014, 0.0002273346814285714, 0.46724546259499994, 0.483556, 0.19222, 0.16078800000000001, 0.009728161, 0.281181, 0.0019984, 0.001645060527777778, 0.0270305, 0.060413, 0.7470899999999999, 0.24796657191250002, 0.80944, 0.49394, 0.44886000000000004, 0.26573850000000004, 0.2323675, 0.3496608835, 0.38719177850000003, 0.10770610500000001, 0.015381285714285715, 6.748236345238096e-05, 0.0178027, 0.0089573, 0.0034598157, 0.17547000000000001, 0.2955967, 0.33613000000000004, 0.0933155, 0.381745, 0.48421000000000003, 0.0037860999999999997, 0.014044999999999998, 0.5838, 0.20023, 0.027005, 9.055712032738095e-05, 0.0156272, 0.6993, 0.1286715, 0.013434, 0.23746, 0.498185, 0.0856445, 0.081731, 0.3513575, 0.00898291045095238, 1.2634000000000003, 0.41339327420625005, 0.16158725, 0.1314994355, 0.075362, 0.072264, 0.32556, 0.1343675, 0.474395, 0.0012712604509523809, 0.82676, 4.576174583333334e-05, 0.035584, 0.007812049999999999, 0.006481300000000001, 0.49968999999999997, 0.6885164669999999, 0.0156272, 0.42007500000000003, 0.00010632493142857143, 0.007213158083333333, 0.080475, 0.006626999999999999, 0.59701, 0.010209000000000001, 0.48082565000000005, 0.26734100000000005, 0.6705, 0.0032670000000000004, 0.012806749999999999, 0.8257970000000001, 0.0102818, 0.024435, 0.11323, 0.06704500000000001, 0.89126, 0.6551115000000001, 0.82308, 0.294047, 0.701369, 0.01339, 9.055712032738095e-05, 0.11379964666937499, 0.7002174999999999, 0.0171820719125, 0.022882, 1.0991],